ISO-10303-21;
HEADER;
FILE_DESCRIPTION (( 'STEP AP214' ),
    '1' );
FILE_NAME ('PPPC041LGBN-RC.STEP',
    '2024-11-27T18:42:10',
    ( '' ),
    ( '' ),
    'SwSTEP 2.0',
    'SolidWorks 2021',
    '' );
FILE_SCHEMA (( 'AUTOMOTIVE_DESIGN' ));
ENDSEC;

DATA;
#1 = AXIS2_PLACEMENT_3D ( 'NONE', #1471, #1514, #459 ) ;
#2 = CARTESIAN_POINT ( 'NONE',  ( 0.2999999999999999889, 0.5000000000000000000, -1.070000000000000062 ) ) ;
#3 = CARTESIAN_POINT ( 'NONE',  ( 2.539999999999999591, 4.543511162150186244, 3.245000000000000107 ) ) ;
#4 = CARTESIAN_POINT ( 'NONE',  ( -2.540000000000000036, 0.3999999999999501732, 2.870000000000000107 ) ) ;
#5 = VECTOR ( 'NONE', #2073, 1000.000000000000000 ) ;
#6 = ORIENTED_EDGE ( 'NONE', *, *, #1861, .F. ) ;
#7 = CLOSED_SHELL ( 'NONE', ( #463, #1907, #935, #2541, #4396, #2198, #929, #147, #1484, #1726 ) ) ;
#8 = ORIENTED_EDGE ( 'NONE', *, *, #3135, .T. ) ;
#9 = VECTOR ( 'NONE', #3175, 1000.000000000000000 ) ;
#10 = LINE ( 'NONE', #77, #3989 ) ;
#11 = DIRECTION ( 'NONE',  ( 0.000000000000000000, -0.000000000000000000, 1.000000000000000000 ) ) ;
#12 = VECTOR ( 'NONE', #3203, 1000.000000000000000 ) ;
#13 = ADVANCED_FACE ( 'NONE', ( #1933 ), #4454, .T. ) ;
#14 = EDGE_CURVE ( 'NONE', #908, #982, #2257, .T. ) ;
#15 = ORIENTED_EDGE ( 'NONE', *, *, #1158, .F. ) ;
#16 = CARTESIAN_POINT ( 'NONE',  ( -0.2999999999999999889, 0.000000000000000000, 0.000000000000000000 ) ) ;
#17 = EDGE_CURVE ( 'NONE', #2130, #3318, #1643, .T. ) ;
#18 = DIRECTION ( 'NONE',  ( 0.000000000000000000, 1.000000000000000000, -1.082302103395239435E-16 ) ) ;
#19 = MANIFOLD_SOLID_BREP ( 'Chamfer2', #3673 ) ;
#20 = VERTEX_POINT ( 'NONE', #950 ) ;
#21 = EDGE_CURVE ( 'NONE', #1947, #1203, #152, .T. ) ;
#22 = SURFACE_STYLE_USAGE ( .BOTH. , #339 ) ;
#23 = DIRECTION ( 'NONE',  ( 1.000000000000000000, 0.000000000000000000, 0.000000000000000000 ) ) ;
#24 = DIRECTION ( 'NONE',  ( 1.000000000000000000, 0.000000000000000000, 0.000000000000000000 ) ) ;
#25 = ORIENTED_EDGE ( 'NONE', *, *, #3263, .F. ) ;
#26 = VECTOR ( 'NONE', #3823, 1000.000000000000000 ) ;
#27 = LINE ( 'NONE', #4255, #2077 ) ;
#28 = CARTESIAN_POINT ( 'NONE',  ( 1.570000000000001172, 1.569999999999958540, 10.97000000000000242 ) ) ;
#29 = PLANE ( 'NONE',  #1763 ) ;
#30 = VECTOR ( 'NONE', #990, 1000.000000000000000 ) ;
#31 = ORIENTED_EDGE ( 'NONE', *, *, #518, .T. ) ;
#32 = ORIENTED_EDGE ( 'NONE', *, *, #3406, .F. ) ;
#33 = VECTOR ( 'NONE', #3027, 1000.000000000000000 ) ;
#34 = LINE ( 'NONE', #719, #2074 ) ;
#35 = MANIFOLD_SOLID_BREP ( 'LPattern1[2]', #2129 ) ;
#36 = CARTESIAN_POINT ( 'NONE',  ( -2.540000000000000036, 4.679999999999999716, 2.869999999999999662 ) ) ;
#37 = FACE_OUTER_BOUND ( 'NONE', #3994, .T. ) ;
#38 = EDGE_CURVE ( 'NONE', #3802, #2313, #2323, .T. ) ;
#39 = ORIENTED_EDGE ( 'NONE', *, *, #3301, .T. ) ;
#40 = FACE_OUTER_BOUND ( 'NONE', #3350, .T. ) ;
#41 = LINE ( 'NONE', #383, #2484 ) ;
#42 = ORIENTED_EDGE ( 'NONE', *, *, #3843, .T. ) ;
#43 = FILL_AREA_STYLE_COLOUR ( '', #1789 ) ;
#44 = DIRECTION ( 'NONE',  ( 0.000000000000000000, 0.3420201433256628842, 0.9396926207859104263 ) ) ;
#45 = DIRECTION ( 'NONE',  ( -1.000000000000000000, -0.000000000000000000, -0.000000000000000000 ) ) ;
#46 = VERTEX_POINT ( 'NONE', #4362 ) ;
#47 = EDGE_CURVE ( 'NONE', #920, #2496, #857, .T. ) ;
#48 = DIRECTION ( 'NONE',  ( 0.000000000000000000, 0.000000000000000000, 1.000000000000000000 ) ) ;
#49 = DIRECTION ( 'NONE',  ( -1.000000000000000000, 0.000000000000000000, 0.000000000000000000 ) ) ;
#50 = DIRECTION ( 'NONE',  ( 0.000000000000000000, 1.000000000000000000, -1.082302103395239435E-16 ) ) ;
#51 = ORIENTED_EDGE ( 'NONE', *, *, #2159, .F. ) ;
#52 = VERTEX_POINT ( 'NONE', #587 ) ;
#53 = DIRECTION ( 'NONE',  ( 0.000000000000000000, 1.000000000000000000, 0.000000000000000000 ) ) ;
#54 = PLANE ( 'NONE',  #897 ) ;
#55 = CARTESIAN_POINT ( 'NONE',  ( 0.3000000000000000444, -2.849999999999997424, 1.470000000000000639 ) ) ;
#56 = ORIENTED_EDGE ( 'NONE', *, *, #2648, .T. ) ;
#57 = CARTESIAN_POINT ( 'NONE',  ( -4.110000000000002984, 3.510000000000013110, 10.09999999999999964 ) ) ;
#58 = CARTESIAN_POINT ( 'NONE',  ( 3.509999999999997566, 4.110000000000012754, 10.97000000000000242 ) ) ;
#59 = ORIENTED_EDGE ( 'NONE', *, *, #1502, .F. ) ;
#60 = EDGE_CURVE ( 'NONE', #1211, #3147, #2606, .T. ) ;
#61 = DIRECTION ( 'NONE',  ( 0.000000000000000000, 0.000000000000000000, -1.000000000000000000 ) ) ;
#62 = CARTESIAN_POINT ( 'NONE',  ( -4.110000000000002984, 3.510000000000013110, 10.97000000000000242 ) ) ;
#63 = ORIENTED_EDGE ( 'NONE', *, *, #1999, .T. ) ;
#64 = VERTEX_POINT ( 'NONE', #1229 ) ;
#65 = AXIS2_PLACEMENT_3D ( 'NONE', #4067, #1255, #195 ) ;
#66 = ADVANCED_FACE ( 'NONE', ( #1023 ), #1714, .F. ) ;
#67 = EDGE_CURVE ( 'NONE', #1267, #3192, #2274, .T. ) ;
#68 = DIRECTION ( 'NONE',  ( -1.000000000000000000, -0.000000000000000000, -0.000000000000000000 ) ) ;
#69 = ADVANCED_FACE ( 'NONE', ( #3162 ), #3068, .F. ) ;
#70 = AXIS2_PLACEMENT_3D ( 'NONE', #1137, #1820, #3527 ) ;
#71 = DIRECTION ( 'NONE',  ( 1.000000000000000000, 0.000000000000000000, 0.000000000000000000 ) ) ;
#72 = LINE ( 'NONE', #2476, #81 ) ;
#73 = VERTEX_POINT ( 'NONE', #978 ) ;
#74 = AXIS2_PLACEMENT_3D ( 'NONE', #3816, #4538, #4117 ) ;
#75 = ADVANCED_FACE ( 'NONE', ( #3117 ), #4104, .F. ) ;
#76 = ORIENTED_EDGE ( 'NONE', *, *, #488, .F. ) ;
#77 = CARTESIAN_POINT ( 'NONE',  ( -4.110000000000002984, 1.569999999999958540, 10.09999999999999964 ) ) ;
#78 = VECTOR ( 'NONE', #285, 1000.000000000000000 ) ;
#79 = CARTESIAN_POINT ( 'NONE',  ( -5.330000000000000959, 5.079999999999999183, 11.36999999999999922 ) ) ;
#80 = FACE_OUTER_BOUND ( 'NONE', #1609, .T. ) ;
#81 = VECTOR ( 'NONE', #1792, 1000.000000000000000 ) ;
#82 = ORIENTED_EDGE ( 'NONE', *, *, #2059, .T. ) ;
#83 = DIRECTION ( 'NONE',  ( 0.000000000000000000, 0.000000000000000000, -1.000000000000000000 ) ) ;
#84 = AXIS2_PLACEMENT_3D ( 'NONE', #2900, #1115, #1154 ) ;
#85 = DIRECTION ( 'NONE',  ( -0.5773502691896278405, 0.5773502691896278405, -0.5773502691896216232 ) ) ;
#86 = ORIENTED_EDGE ( 'NONE', *, *, #1565, .T. ) ;
#87 = PLANE ( 'NONE',  #1596 ) ;
#88 = EDGE_LOOP ( 'NONE', ( #4140, #4374, #4557, #3362, #477, #4111, #2174, #3223 ) ) ;
#89 = ORIENTED_EDGE ( 'NONE', *, *, #4122, .T. ) ;
#90 = CARTESIAN_POINT ( 'NONE',  ( 0.000000000000000000, -4.989501595336908954E-14, 2.870000000000000107 ) ) ;
#91 = CARTESIAN_POINT ( 'NONE',  ( 2.539999999999999591, 0.5364888378497735255, 3.245000000000000551 ) ) ;
#92 = FACE_BOUND ( 'NONE', #2609, .T. ) ;
#93 = ORIENTED_EDGE ( 'NONE', *, *, #179, .F. ) ;
#94 = AXIS2_PLACEMENT_3D ( 'NONE', #4157, #631, #3405 ) ;
#95 = VERTEX_POINT ( 'NONE', #2770 ) ;
#96 = CARTESIAN_POINT ( 'NONE',  ( -0.2999999999999999889, 1.470000000000000417, 3.245000000000000551 ) ) ;
#97 = CARTESIAN_POINT ( 'NONE',  ( -0.2999999999999999889, 3.040000000000000036, -1.069999999999999840 ) ) ;
#98 = AXIS2_PLACEMENT_3D ( 'NONE', #1601, #1944, #137 ) ;
#99 = PLANE ( 'NONE',  #1034 ) ;
#100 = EDGE_CURVE ( 'NONE', #4398, #1520, #3457, .T. ) ;
#101 = VECTOR ( 'NONE', #158, 1000.000000000000000 ) ;
#102 = EDGE_LOOP ( 'NONE', ( #390, #3261, #186, #2402 ) ) ;
#103 = CARTESIAN_POINT ( 'NONE',  ( -3.109999999999997211, 5.079999999999999183, 11.36999999999999922 ) ) ;
#104 = DIRECTION ( 'NONE',  ( 1.000000000000000000, 0.000000000000000000, 0.000000000000000000 ) ) ;
#105 = VERTEX_POINT ( 'NONE', #3809 ) ;
#106 = ADVANCED_FACE ( 'NONE', ( #286 ), #3428, .F. ) ;
#107 = CARTESIAN_POINT ( 'NONE',  ( -2.540000000000000036, 0.000000000000000000, 11.36999999999999922 ) ) ;
#108 = LINE ( 'NONE', #1590, #1885 ) ;
#109 = ORIENTED_EDGE ( 'NONE', *, *, #2205, .T. ) ;
#110 = ORIENTED_EDGE ( 'NONE', *, *, #1079, .T. ) ;
#111 = DIRECTION ( 'NONE',  ( -1.000000000000000000, -0.000000000000000000, -0.000000000000000000 ) ) ;
#112 = PLANE ( 'NONE',  #2041 ) ;
#113 = DIRECTION ( 'NONE',  ( 0.000000000000000000, 1.000000000000000000, -5.870001876866952128E-15 ) ) ;
#114 = CARTESIAN_POINT ( 'NONE',  ( 0.000000000000000000, 0.000000000000000000, 0.000000000000000000 ) ) ;
#115 = VERTEX_POINT ( 'NONE', #705 ) ;
#116 = ORIENTED_EDGE ( 'NONE', *, *, #4376, .F. ) ;
#117 = LINE ( 'NONE', #2314, #2369 ) ;
#118 = FACE_BOUND ( 'NONE', #3351, .T. ) ;
#119 = FACE_OUTER_BOUND ( 'NONE', #1072, .T. ) ;
#120 = EDGE_CURVE ( 'NONE', #1407, #1232, #2420, .T. ) ;
#121 = ORIENTED_EDGE ( 'NONE', *, *, #3432, .F. ) ;
#122 = FACE_OUTER_BOUND ( 'NONE', #2401, .T. ) ;
#123 = FACE_OUTER_BOUND ( 'NONE', #524, .T. ) ;
#124 = EDGE_CURVE ( 'NONE', #1849, #3319, #2751, .T. ) ;
#125 = ORIENTED_EDGE ( 'NONE', *, *, #2450, .F. ) ;
#126 =( NAMED_UNIT ( * ) SI_UNIT ( $, .STERADIAN. ) SOLID_ANGLE_UNIT ( ) );
#127 = FACE_OUTER_BOUND ( 'NONE', #4126, .T. ) ;
#128 = ORIENTED_EDGE ( 'NONE', *, *, #1417, .F. ) ;
#129 = VERTEX_POINT ( 'NONE', #3481 ) ;
#130 = CARTESIAN_POINT ( 'NONE',  ( -1.570000000000002283, 1.569999999999958540, 10.09999999999999964 ) ) ;
#131 = FACE_OUTER_BOUND ( 'NONE', #2706, .T. ) ;
#132 = CARTESIAN_POINT ( 'NONE',  ( 2.540000000000000036, 0.000000000000000000, 0.000000000000000000 ) ) ;
#133 = AXIS2_PLACEMENT_3D ( 'NONE', #4072, #2312, #4463 ) ;
#134 = SHAPE_DEFINITION_REPRESENTATION ( #1209, #3733 ) ;
#135 = ORIENTED_EDGE ( 'NONE', *, *, #1549, .F. ) ;
#136 = ORIENTED_EDGE ( 'NONE', *, *, #3210, .F. ) ;
#137 = DIRECTION ( 'NONE',  ( 0.000000000000000000, 0.000000000000000000, -1.000000000000000000 ) ) ;
#138 = LINE ( 'NONE', #1877, #685 ) ;
#139 = PLANE ( 'NONE',  #3009 ) ;
#140 = VECTOR ( 'NONE', #1809, 1000.000000000000000 ) ;
#141 = AXIS2_PLACEMENT_3D ( 'NONE', #1985, #1578, #1193 ) ;
#142 = EDGE_LOOP ( 'NONE', ( #1138, #4099, #1928, #598 ) ) ;
#143 = STYLED_ITEM ( 'NONE', ( #2321 ), #2973 ) ;
#144 = CARTESIAN_POINT ( 'NONE',  ( -5.330000000000000959, 0.000000000000000000, 11.36999999999999922 ) ) ;
#145 = DIRECTION ( 'NONE',  ( 1.000000000000000000, 0.000000000000000000, 0.000000000000000000 ) ) ;
#146 = SURFACE_STYLE_USAGE ( .BOTH. , #1250 ) ;
#147 = ADVANCED_FACE ( 'NONE', ( #1690 ), #4203, .F. ) ;
#148 = VECTOR ( 'NONE', #2717, 1000.000000000000000 ) ;
#149 = EDGE_CURVE ( 'NONE', #3898, #1315, #2816, .T. ) ;
#150 = EDGE_CURVE ( 'NONE', #3600, #3979, #3410, .T. ) ;
#151 = VECTOR ( 'NONE', #2398, 1000.000000000000000 ) ;
#152 = LINE ( 'NONE', #1953, #3900 ) ;
#153 = AXIS2_PLACEMENT_3D ( 'NONE', #3628, #1625, #3718 ) ;
#154 = DIRECTION ( 'NONE',  ( 0.000000000000000000, 1.000000000000000000, 0.000000000000000000 ) ) ;
#155 = VERTEX_POINT ( 'NONE', #3765 ) ;
#156 = EDGE_LOOP ( 'NONE', ( #3176, #3706, #1121, #4259 ) ) ;
#157 = EDGE_CURVE ( 'NONE', #4385, #2614, #3857, .T. ) ;
#158 = DIRECTION ( 'NONE',  ( 0.000000000000000000, 1.000000000000000000, 0.000000000000000000 ) ) ;
#159 = DIRECTION ( 'NONE',  ( 0.000000000000000000, 1.000000000000000000, 0.000000000000000000 ) ) ;
#160 = LINE ( 'NONE', #2635, #2721 ) ;
#161 = ITEM_DEFINED_TRANSFORMATION ( 'NONE', 'NONE', #2044,  #2038 ) ;
#162 = VERTEX_POINT ( 'NONE', #3141 ) ;
#163 = ORIENTED_EDGE ( 'NONE', *, *, #1622, .T. ) ;
#164 = CARTESIAN_POINT ( 'NONE',  ( 3.509999999999997566, 0.9699999999999587841, 10.09999999999999964 ) ) ;
#165 = PLANE ( 'NONE',  #2950 ) ;
#166 = CARTESIAN_POINT ( 'NONE',  ( 0.2999999999999999889, -3.149999999999999911, -1.470000000000000639 ) ) ;
#167 = VECTOR ( 'NONE', #1500, 1000.000000000000000 ) ;
#168 = ORIENTED_EDGE ( 'NONE', *, *, #851, .F. ) ;
#169 = VECTOR ( 'NONE', #4521, 1000.000000000000000 ) ;
#170 = DIRECTION ( 'NONE',  ( 0.000000000000000000, -1.000000000000000000, 0.000000000000000000 ) ) ;
#171 = CARTESIAN_POINT ( 'NONE',  ( 0.2999999999999999889, -2.849999999999997424, 1.069999999999999618 ) ) ;
#172 = FACE_OUTER_BOUND ( 'NONE', #156, .T. ) ;
#173 = VERTEX_POINT ( 'NONE', #4554 ) ;
#174 = AXIS2_PLACEMENT_3D ( 'NONE', #4461, #932, #2058 ) ;
#175 = VECTOR ( 'NONE', #4080, 1000.000000000000000 ) ;
#176 = DIRECTION ( 'NONE',  ( -0.5773502691896278405, 0.5773502691896278405, -0.5773502691896216232 ) ) ;
#177 = VERTEX_POINT ( 'NONE', #2097 ) ;
#178 = VERTEX_POINT ( 'NONE', #1391 ) ;
#179 = EDGE_CURVE ( 'NONE', #1751, #3870, #3096, .T. ) ;
#180 = CARTESIAN_POINT ( 'NONE',  ( 3.509999999999997566, 3.510000000000013110, 10.09999999999999964 ) ) ;
#181 = CARTESIAN_POINT ( 'NONE',  ( 2.539999999999999591, 0.000000000000000000, 11.36999999999999922 ) ) ;
#182 = CARTESIAN_POINT ( 'NONE',  ( 5.330000000000000959, 0.5364888378497735255, 3.245000000000000551 ) ) ;
#183 = EDGE_CURVE ( 'NONE', #1359, #1109, #657, .T. ) ;
#184 = ORIENTED_EDGE ( 'NONE', *, *, #3864, .F. ) ;
#185 = UNCERTAINTY_MEASURE_WITH_UNIT (LENGTH_MEASURE( 1.000000000000000082E-05 ), #790, 'distance_accuracy_value', 'NONE');
#186 = ORIENTED_EDGE ( 'NONE', *, *, #3631, .T. ) ;
#187 = DIRECTION ( 'NONE',  ( 0.000000000000000000, 1.000000000000000000, -5.870001876866950550E-15 ) ) ;
#188 = CARTESIAN_POINT ( 'NONE',  ( -0.1908089297201394641, -3.149999999999999911, 1.470000000000000639 ) ) ;
#189 = LINE ( 'NONE', #896, #3829 ) ;
#190 = ORIENTED_EDGE ( 'NONE', *, *, #3432, .T. ) ;
#191 = FACE_OUTER_BOUND ( 'NONE', #2543, .T. ) ;
#192 = CARTESIAN_POINT ( 'NONE',  ( 0.2999999999999999889, 0.5000000000000000000, -1.070000000000000062 ) ) ;
#193 = ORIENTED_EDGE ( 'NONE', *, *, #67, .T. ) ;
#194 = CARTESIAN_POINT ( 'NONE',  ( 2.540000000000000036, -4.989501595336908954E-14, 2.870000000000000107 ) ) ;
#195 = DIRECTION ( 'NONE',  ( 0.000000000000000000, -1.000000000000000000, 1.082302103395239312E-16 ) ) ;
#196 = ORIENTED_EDGE ( 'NONE', *, *, #2588, .F. ) ;
#197 = ORIENTED_EDGE ( 'NONE', *, *, #1908, .T. ) ;
#198 = CARTESIAN_POINT ( 'NONE',  ( 5.079999999999999183, 4.543511162150186244, 3.245000000000000107 ) ) ;
#199 = CARTESIAN_POINT ( 'NONE',  ( 0.000000000000000000, 0.5364888378497735255, 3.245000000000000551 ) ) ;
#200 = DIRECTION ( 'NONE',  ( -0.000000000000000000, 1.000000000000000000, 0.000000000000000000 ) ) ;
#201 = VERTEX_POINT ( 'NONE', #265 ) ;
#202 = EDGE_CURVE ( 'NONE', #1056, #718, #635, .T. ) ;
#203 = EDGE_CURVE ( 'NONE', #3483, #3732, #4507, .T. ) ;
#204 = ADVANCED_FACE ( 'NONE', ( #1843 ), #1088, .F. ) ;
#205 = CARTESIAN_POINT ( 'NONE',  ( 0.2999999999999999889, 3.040000000000000036, -0.4999999999999997780 ) ) ;
#206 = CARTESIAN_POINT ( 'NONE',  ( 0.2999999999999999334, -2.849999999999997424, 1.069999999999999618 ) ) ;
#207 = DIRECTION ( 'NONE',  ( 0.000000000000000000, -0.3420201433256628842, -0.9396926207859104263 ) ) ;
#208 = ORIENTED_EDGE ( 'NONE', *, *, #724, .T. ) ;
#209 = AXIS2_PLACEMENT_3D ( 'NONE', #3796, #1378, #692 ) ;
#210 = VERTEX_POINT ( 'NONE', #2529 ) ;
#211 = DIRECTION ( 'NONE',  ( 0.000000000000000000, 0.000000000000000000, -1.000000000000000000 ) ) ;
#212 = LINE ( 'NONE', #4102, #3118 ) ;
#213 = DIRECTION ( 'NONE',  ( 0.000000000000000000, -0.7071067811865436870, -0.7071067811865513475 ) ) ;
#214 =( GEOMETRIC_REPRESENTATION_CONTEXT ( 3 ) GLOBAL_UNCERTAINTY_ASSIGNED_CONTEXT ( ( #2985 ) ) GLOBAL_UNIT_ASSIGNED_CONTEXT ( ( #4531, #3762, #999 ) ) REPRESENTATION_CONTEXT ( 'NONE', 'WORKASPACE' ) );
#215 =( NAMED_UNIT ( * ) SI_UNIT ( $, .STERADIAN. ) SOLID_ANGLE_UNIT ( ) );
#216 = EDGE_LOOP ( 'NONE', ( #728, #208, #4263, #1569 ) ) ;
#217 = VECTOR ( 'NONE', #624, 1000.000000000000000 ) ;
#218 =( GEOMETRIC_REPRESENTATION_CONTEXT ( 3 ) GLOBAL_UNCERTAINTY_ASSIGNED_CONTEXT ( ( #554 ) ) GLOBAL_UNIT_ASSIGNED_CONTEXT ( ( #1186, #3064, #126 ) ) REPRESENTATION_CONTEXT ( 'NONE', 'WORKASPACE' ) );
#219 = LINE ( 'NONE', #3790, #576 ) ;
#220 = ORIENTED_EDGE ( 'NONE', *, *, #2141, .T. ) ;
#221 = EDGE_LOOP ( 'NONE', ( #4343, #4078, #2269, #3888 ) ) ;
#222 = VECTOR ( 'NONE', #761, 1000.000000000000000 ) ;
#223 = DIRECTION ( 'NONE',  ( -0.000000000000000000, -0.000000000000000000, 1.000000000000000000 ) ) ;
#224 = LINE ( 'NONE', #3028, #803 ) ;
#225 = AXIS2_PLACEMENT_3D ( 'NONE', #57, #3615, #1455 ) ;
#226 = PLANE ( 'NONE',  #1543 ) ;
#227 = PRODUCT_CONTEXT ( 'NONE', #3830, 'mechanical' ) ;
#228 = VERTEX_POINT ( 'NONE', #789 ) ;
#229 = CARTESIAN_POINT ( 'NONE',  ( 0.9699999999999977529, 1.569999999999958540, 10.97000000000000242 ) ) ;
#230 = DIRECTION ( 'NONE',  ( 0.000000000000000000, -1.084202172485506406E-15, 1.000000000000000000 ) ) ;
#231 = FACE_OUTER_BOUND ( 'NONE', #1246, .T. ) ;
#232 = EDGE_LOOP ( 'NONE', ( #4168, #3039, #270, #1647 ) ) ;
#233 = ORIENTED_EDGE ( 'NONE', *, *, #4472, .T. ) ;
#234 = DIRECTION ( 'NONE',  ( 0.000000000000000000, -1.084202172485506603E-15, 1.000000000000000000 ) ) ;
#235 = LINE ( 'NONE', #3016, #765 ) ;
#236 = LINE ( 'NONE', #2345, #588 ) ;
#237 = ADVANCED_FACE ( 'NONE', ( #471 ), #4247, .F. ) ;
#238 = ORIENTED_EDGE ( 'NONE', *, *, #1298, .T. ) ;
#239 = VECTOR ( 'NONE', #306, 1000.000000000000000 ) ;
#240 = DIRECTION ( 'NONE',  ( -0.000000000000000000, 0.000000000000000000, 1.000000000000000000 ) ) ;
#241 = SURFACE_STYLE_USAGE ( .BOTH. , #2951 ) ;
#242 = VECTOR ( 'NONE', #53, 1000.000000000000000 ) ;
#243 = CARTESIAN_POINT ( 'NONE',  ( 5.079999999999999183, 0.5364888378497735255, 3.245000000000000551 ) ) ;
#244 = EDGE_LOOP ( 'NONE', ( #1290, #1850, #1969, #2388 ) ) ;
#245 = EDGE_LOOP ( 'NONE', ( #1028, #3758, #2485, #3781 ) ) ;
#246 = ADVANCED_FACE ( 'NONE', ( #3269 ), #4270, .F. ) ;
#247 = VECTOR ( 'NONE', #223, 1000.000000000000000 ) ;
#248 = DIRECTION ( 'NONE',  ( 1.000000000000000000, 0.000000000000000000, 0.000000000000000000 ) ) ;
#249 = LINE ( 'NONE', #595, #2333 ) ;
#250 = PLANE ( 'NONE',  #209 ) ;
#251 = VERTEX_POINT ( 'NONE', #1504 ) ;
#252 = EDGE_CURVE ( 'NONE', #3869, #1315, #1863, .T. ) ;
#253 = DIRECTION ( 'NONE',  ( 1.000000000000000000, 0.000000000000000000, 0.000000000000000000 ) ) ;
#254 = DIRECTION ( 'NONE',  ( 0.000000000000000000, 0.000000000000000000, -1.000000000000000000 ) ) ;
#255 = DIRECTION ( 'NONE',  ( 1.000000000000000000, 0.000000000000000000, 0.000000000000000000 ) ) ;
#256 = ORIENTED_EDGE ( 'NONE', *, *, #2619, .F. ) ;
#257 = EDGE_LOOP ( 'NONE', ( #676, #1527, #4511, #3775, #2670, #4525, #2214, #439 ) ) ;
#258 = CARTESIAN_POINT ( 'NONE',  ( 3.109999999999995435, 5.079999999999999183, 11.36999999999999922 ) ) ;
#259 = CARTESIAN_POINT ( 'NONE',  ( -4.110000000000002984, 3.510000000000013110, 10.97000000000000242 ) ) ;
#260 = FILL_AREA_STYLE_COLOUR ( '', #1396 ) ;
#261 = DIRECTION ( 'NONE',  ( -0.7071067811865436870, -0.000000000000000000, -0.7071067811865513475 ) ) ;
#262 = VERTEX_POINT ( 'NONE', #2855 ) ;
#263 = ADVANCED_FACE ( 'NONE', ( #122 ), #2466, .F. ) ;
#264 = DIRECTION ( 'NONE',  ( 0.000000000000000000, -1.000000000000000000, 0.000000000000000000 ) ) ;
#265 = CARTESIAN_POINT ( 'NONE',  ( -2.540000000000000036, 0.3999999999999501732, 2.870000000000000107 ) ) ;
#266 = EDGE_CURVE ( 'NONE', #2614, #1163, #405, .T. ) ;
#267 = LINE ( 'NONE', #3121, #3218 ) ;
#268 = ORIENTED_EDGE ( 'NONE', *, *, #2459, .T. ) ;
#269 = VERTEX_POINT ( 'NONE', #772 ) ;
#270 = ORIENTED_EDGE ( 'NONE', *, *, #4287, .F. ) ;
#271 = DIRECTION ( 'NONE',  ( 0.000000000000000000, -1.000000000000000000, 0.000000000000000000 ) ) ;
#272 = DIRECTION ( 'NONE',  ( 0.5773502691896278405, 0.5773502691896278405, -0.5773502691896216232 ) ) ;
#273 = DIRECTION ( 'NONE',  ( -0.000000000000000000, 0.9396926207859185309, 0.3420201433256411794 ) ) ;
#274 = ORIENTED_EDGE ( 'NONE', *, *, #4026, .T. ) ;
#275 = DIRECTION ( 'NONE',  ( 0.000000000000000000, -1.000000000000000000, 0.000000000000000000 ) ) ;
#276 = DIRECTION ( 'NONE',  ( 0.000000000000000000, -0.9396926207859105373, 0.3420201433256629397 ) ) ;
#277 = CARTESIAN_POINT ( 'NONE',  ( -0.2999999999999999889, 3.609999999999999876, 3.245000000000000551 ) ) ;
#278 = EDGE_CURVE ( 'NONE', #4415, #2239, #3939, .T. ) ;
#279 = EDGE_LOOP ( 'NONE', ( #184, #1437, #2110, #1430, #559, #763, #2785, #4087 ) ) ;
#280 = ORIENTED_EDGE ( 'NONE', *, *, #2223, .T. ) ;
#281 = LINE ( 'NONE', #4447, #1783 ) ;
#282 = CARTESIAN_POINT ( 'NONE',  ( 5.330000000000000959, 4.679999999999999716, 2.869999999999999662 ) ) ;
#283 = CARTESIAN_POINT ( 'NONE',  ( 0.000000000000000000, 0.000000000000000000, 10.09999999999999964 ) ) ;
#284 = VECTOR ( 'NONE', #3146, 1000.000000000000000 ) ;
#285 = DIRECTION ( 'NONE',  ( -1.000000000000000000, -0.000000000000000000, -0.000000000000000000 ) ) ;
#286 = FACE_OUTER_BOUND ( 'NONE', #2720, .T. ) ;
#287 = VECTOR ( 'NONE', #4011, 1000.000000000000000 ) ;
#288 = EDGE_CURVE ( 'NONE', #1980, #2472, #2184, .T. ) ;
#289 = EDGE_CURVE ( 'NONE', #2261, #105, #1481, .T. ) ;
#290 = DIRECTION ( 'NONE',  ( 0.000000000000000000, 1.000000000000000000, 0.000000000000000000 ) ) ;
#291 = AXIS2_PLACEMENT_3D ( 'NONE', #1282, #1983, #2382 ) ;
#292 = ORIENTED_EDGE ( 'NONE', *, *, #3716, .F. ) ;
#293 = EDGE_CURVE ( 'NONE', #4008, #3400, #3568, .T. ) ;
#294 = STYLED_ITEM ( 'NONE', ( #4281 ), #3049 ) ;
#295 = ORIENTED_EDGE ( 'NONE', *, *, #2283, .T. ) ;
#296 = VECTOR ( 'NONE', #4504, 1000.000000000000000 ) ;
#297 = SURFACE_STYLE_FILL_AREA ( #4411 ) ;
#298 = CARTESIAN_POINT ( 'NONE',  ( 0.9699999999999977529, 1.569999999999958540, 10.97000000000000242 ) ) ;
#299 = VECTOR ( 'NONE', #1140, 1000.000000000000000 ) ;
#300 = LINE ( 'NONE', #3392, #2258 ) ;
#301 = ORIENTED_EDGE ( 'NONE', *, *, #2588, .T. ) ;
#302 = EDGE_CURVE ( 'NONE', #4494, #4119, #3875, .T. ) ;
#303 = AXIS2_PLACEMENT_3D ( 'NONE', #1061, #1038, #602 ) ;
#304 = VECTOR ( 'NONE', #1752, 1000.000000000000000 ) ;
#305 = DIRECTION ( 'NONE',  ( 0.000000000000000000, 0.000000000000000000, 1.000000000000000000 ) ) ;
#306 = DIRECTION ( 'NONE',  ( 0.000000000000000000, -1.000000000000000000, 0.000000000000000000 ) ) ;
#307 = LINE ( 'NONE', #2458, #3897 ) ;
#308 = EDGE_LOOP ( 'NONE', ( #1993, #1039, #3933, #993, #3460, #63, #3515, #3523 ) ) ;
#309 = ORIENTED_EDGE ( 'NONE', *, *, #4206, .F. ) ;
#310 = FACE_OUTER_BOUND ( 'NONE', #3295, .T. ) ;
#311 = DIRECTION ( 'NONE',  ( -0.000000000000000000, 1.082302103395239312E-16, 1.000000000000000000 ) ) ;
#312 = DIRECTION ( 'NONE',  ( 0.000000000000000000, 0.000000000000000000, -1.000000000000000000 ) ) ;
#313 = DIRECTION ( 'NONE',  ( -1.000000000000000000, 0.000000000000000000, -0.000000000000000000 ) ) ;
#314 = LINE ( 'NONE', #3119, #2268 ) ;
#315 = CARTESIAN_POINT ( 'NONE',  ( 0.9699999999999977529, 1.569999999999958540, 10.97000000000000242 ) ) ;
#316 = CARTESIAN_POINT ( 'NONE',  ( -3.509999999999999343, 4.110000000000012754, 10.97000000000000242 ) ) ;
#317 = VECTOR ( 'NONE', #2093, 1000.000000000000000 ) ;
#318 = ORIENTED_EDGE ( 'NONE', *, *, #4452, .T. ) ;
#319 = VECTOR ( 'NONE', #3156, 1000.000000000000114 ) ;
#320 = DIRECTION ( 'NONE',  ( 0.000000000000000000, 0.000000000000000000, -1.000000000000000000 ) ) ;
#321 = CARTESIAN_POINT ( 'NONE',  ( -1.970000000000004192, 4.510000000000014886, 11.36999999999999922 ) ) ;
#322 = DIRECTION ( 'NONE',  ( -0.7071067811865436870, -0.000000000000000000, -0.7071067811865513475 ) ) ;
#323 = ORIENTED_EDGE ( 'NONE', *, *, #3866, .F. ) ;
#324 = EDGE_CURVE ( 'NONE', #3379, #177, #4294, .T. ) ;
#325 = PLANE ( 'NONE',  #832 ) ;
#326 = ADVANCED_FACE ( 'NONE', ( #3524 ), #813, .F. ) ;
#327 = FACE_OUTER_BOUND ( 'NONE', #3609, .T. ) ;
#328 = LINE ( 'NONE', #4217, #4268 ) ;
#329 = EDGE_LOOP ( 'NONE', ( #4527, #256, #3972, #2887 ) ) ;
#330 = ORIENTED_EDGE ( 'NONE', *, *, #1816, .F. ) ;
#331 = CARTESIAN_POINT ( 'NONE',  ( -4.110000000000002984, 1.569999999999958540, 10.09999999999999964 ) ) ;
#332 = CARTESIAN_POINT ( 'NONE',  ( 0.2999999999999999889, -2.849999999999998312, 0.000000000000000000 ) ) ;
#333 =( NAMED_UNIT ( * ) PLANE_ANGLE_UNIT ( ) SI_UNIT ( $, .RADIAN. ) );
#334 = DIRECTION ( 'NONE',  ( -0.5773502691896278405, 0.5773502691896278405, 0.5773502691896216232 ) ) ;
#335 = DIRECTION ( 'NONE',  ( -0.000000000000000000, -0.000000000000000000, 1.000000000000000000 ) ) ;
#336 = CARTESIAN_POINT ( 'NONE',  ( -3.710000000000001297, 3.710000000000015952, 10.77000000000000135 ) ) ;
#337 = ADVANCED_FACE ( 'NONE', ( #40 ), #1435, .F. ) ;
#338 = VERTEX_POINT ( 'NONE', #750 ) ;
#339 = SURFACE_SIDE_STYLE ('',( #1420 ) ) ;
#340 = DIRECTION ( 'NONE',  ( 0.000000000000000000, 1.000000000000000000, 0.000000000000000000 ) ) ;
#341 = CARTESIAN_POINT ( 'NONE',  ( 3.509999999999997566, 1.569999999999958540, 10.97000000000000242 ) ) ;
#342 = ORIENTED_EDGE ( 'NONE', *, *, #2364, .F. ) ;
#343 = VERTEX_POINT ( 'NONE', #2145 ) ;
#344 = DIRECTION ( 'NONE',  ( -0.000000000000000000, -0.000000000000000000, 1.000000000000000000 ) ) ;
#345 = LINE ( 'NONE', #1677, #3538 ) ;
#346 = FACE_OUTER_BOUND ( 'NONE', #2153, .T. ) ;
#347 = EDGE_CURVE ( 'NONE', #2435, #1128, #3548, .T. ) ;
#348 = ADVANCED_FACE ( 'NONE', ( #4424 ), #3015, .F. ) ;
#349 = ORIENTED_EDGE ( 'NONE', *, *, #3850, .T. ) ;
#350 = EDGE_CURVE ( 'NONE', #1896, #565, #4380, .T. ) ;
#351 = ORIENTED_EDGE ( 'NONE', *, *, #2508, .T. ) ;
#352 = CARTESIAN_POINT ( 'NONE',  ( -2.540000000000000036, 4.679999999999999716, 2.869999999999999662 ) ) ;
#353 = FACE_OUTER_BOUND ( 'NONE', #1523, .T. ) ;
#354 = CARTESIAN_POINT ( 'NONE',  ( -5.330000000000000959, 4.543511162150186244, 3.245000000000000107 ) ) ;
#355 = ORIENTED_EDGE ( 'NONE', *, *, #1622, .F. ) ;
#356 = DIRECTION ( 'NONE',  ( 0.000000000000000000, -1.000000000000000000, 0.000000000000000000 ) ) ;
#357 = CARTESIAN_POINT ( 'NONE',  ( 2.539999999999999591, 0.5364888378497735255, 3.245000000000000551 ) ) ;
#358 = VECTOR ( 'NONE', #2172, 1000.000000000000000 ) ;
#359 = ORIENTED_EDGE ( 'NONE', *, *, #3291, .F. ) ;
#360 = ADVANCED_FACE ( 'NONE', ( #512 ), #1567, .F. ) ;
#361 = FILL_AREA_STYLE ('',( #43 ) ) ;
#362 = AXIS2_PLACEMENT_3D ( 'NONE', #691, #3861, #1074 ) ;
#363 = DIRECTION ( 'NONE',  ( -0.000000000000000000, 0.9396926207859185309, 0.3420201433256411794 ) ) ;
#364 = CARTESIAN_POINT ( 'NONE',  ( 2.539999999999999591, 4.679999999999999716, 2.869999999999999662 ) ) ;
#365 = VECTOR ( 'NONE', #2489, 1000.000000000000000 ) ;
#366 = ORIENTED_EDGE ( 'NONE', *, *, #2791, .T. ) ;
#367 = STYLED_ITEM ( 'NONE', ( #2747 ), #3020 ) ;
#368 = DIRECTION ( 'NONE',  ( 1.000000000000000000, 0.000000000000000000, -0.000000000000000000 ) ) ;
#369 = DIRECTION ( 'NONE',  ( 0.000000000000000000, -0.3420201433256412349, 0.9396926207859185309 ) ) ;
#370 = DIRECTION ( 'NONE',  ( 0.000000000000000000, 0.000000000000000000, -1.000000000000000000 ) ) ;
#371 = AXIS2_PLACEMENT_3D ( 'NONE', #2363, #1742, #4543 ) ;
#372 = ORIENTED_EDGE ( 'NONE', *, *, #4223, .F. ) ;
#373 = ORIENTED_EDGE ( 'NONE', *, *, #996, .F. ) ;
#374 = VECTOR ( 'NONE', #768, 1000.000000000000000 ) ;
#375 = LINE ( 'NONE', #1110, #3249 ) ;
#376 = DIRECTION ( 'NONE',  ( -1.000000000000000000, 0.000000000000000000, -0.000000000000000000 ) ) ;
#377 = EDGE_CURVE ( 'NONE', #3582, #178, #1224, .T. ) ;
#378 = PLANE ( 'NONE',  #877 ) ;
#379 = AXIS2_PLACEMENT_3D ( 'NONE', #2835, #2487, #3899 ) ;
#380 = ORIENTED_EDGE ( 'NONE', *, *, #627, .F. ) ;
#381 = CARTESIAN_POINT ( 'NONE',  ( 4.110000000000001208, 3.510000000000013110, 10.97000000000000242 ) ) ;
#382 = EDGE_CURVE ( 'NONE', #2914, #2846, #879, .T. ) ;
#383 = CARTESIAN_POINT ( 'NONE',  ( -0.2999999999999999889, 0.5000000000000000000, 1.470000000000000195 ) ) ;
#384 = EDGE_LOOP ( 'NONE', ( #82, #4470, #1170, #3625 ) ) ;
#385 = PLANE ( 'NONE',  #3991 ) ;
#386 = CARTESIAN_POINT ( 'NONE',  ( -0.9699999999999990852, 1.569999999999958540, 10.09999999999999964 ) ) ;
#387 = VECTOR ( 'NONE', #1924, 999.9999999999998863 ) ;
#388 = CARTESIAN_POINT ( 'NONE',  ( -3.509999999999999343, 1.569999999999958540, 10.09999999999999964 ) ) ;
#389 = ORIENTED_EDGE ( 'NONE', *, *, #1964, .T. ) ;
#390 = ORIENTED_EDGE ( 'NONE', *, *, #3240, .T. ) ;
#391 = ADVANCED_FACE ( 'NONE', ( #490 ), #3380, .F. ) ;
#392 = AXIS2_PLACEMENT_3D ( 'NONE', #651, #4529, #2071 ) ;
#393 = DIRECTION ( 'NONE',  ( 0.000000000000000000, -1.188166764367676095E-16, -1.000000000000000000 ) ) ;
#394 = CARTESIAN_POINT ( 'NONE',  ( 0.2999999999999999889, -2.849999999999997424, 1.470000000000000639 ) ) ;
#395 = DIRECTION ( 'NONE',  ( 1.000000000000000000, 0.000000000000000000, 0.000000000000000000 ) ) ;
#396 = VECTOR ( 'NONE', #3262, 1000.000000000000000 ) ;
#397 = ORIENTED_EDGE ( 'NONE', *, *, #3172, .F. ) ;
#398 = ORIENTED_EDGE ( 'NONE', *, *, #2824, .T. ) ;
#399 = AXIS2_PLACEMENT_3D ( 'NONE', #4334, #3860, #3484 ) ;
#400 = DIRECTION ( 'NONE',  ( 1.000000000000000000, 0.000000000000000000, 0.000000000000000000 ) ) ;
#401 = CARTESIAN_POINT ( 'NONE',  ( -2.540000000000000036, 5.079999999999999183, 11.36999999999999922 ) ) ;
#402 = LINE ( 'NONE', #4290, #2641 ) ;
#403 = EDGE_CURVE ( 'NONE', #1743, #1359, #2671, .T. ) ;
#404 = ORIENTED_EDGE ( 'NONE', *, *, #2246, .T. ) ;
#405 = LINE ( 'NONE', #1135, #1617 ) ;
#406 = LINE ( 'NONE', #336, #1239 ) ;
#407 = EDGE_CURVE ( 'NONE', #2946, #2918, #2319, .T. ) ;
#408 = ORIENTED_EDGE ( 'NONE', *, *, #4260, .T. ) ;
#409 = CARTESIAN_POINT ( 'NONE',  ( -0.2999999999999999889, 0.5000000000000000000, 2.040000000000000036 ) ) ;
#410 = CARTESIAN_POINT ( 'NONE',  ( -5.330000000000000959, 0.3999999999999501732, 2.870000000000000107 ) ) ;
#411 = VERTEX_POINT ( 'NONE', #2947 ) ;
#412 = DIRECTION ( 'NONE',  ( 0.000000000000000000, 0.000000000000000000, -1.000000000000000000 ) ) ;
#413 = CARTESIAN_POINT ( 'NONE',  ( 5.079999999999999183, 0.3999999999999501732, 2.870000000000000107 ) ) ;
#414 = PLANE ( 'NONE',  #3449 ) ;
#415 = ORIENTED_EDGE ( 'NONE', *, *, #2685, .F. ) ;
#416 = EDGE_LOOP ( 'NONE', ( #2275, #292, #3423, #2548 ) ) ;
#417 = FACE_OUTER_BOUND ( 'NONE', #3414, .T. ) ;
#418 = DIRECTION ( 'NONE',  ( 0.9396926207859089830, 0.3420201433256671031, 0.000000000000000000 ) ) ;
#419 = CARTESIAN_POINT ( 'NONE',  ( -0.2999999999999999889, 0.5000000000000000000, 1.470000000000000195 ) ) ;
#420 = ORIENTED_EDGE ( 'NONE', *, *, #3544, .T. ) ;
#421 = CARTESIAN_POINT ( 'NONE',  ( -1.170000000000000373, 3.910000000000011688, 10.77000000000000313 ) ) ;
#422 = PLANE ( 'NONE',  #3438 ) ;
#423 = ORIENTED_EDGE ( 'NONE', *, *, #1159, .T. ) ;
#424 = ADVANCED_FACE ( 'NONE', ( #191 ), #2252, .F. ) ;
#425 = CARTESIAN_POINT ( 'NONE',  ( 0.000000000000000000, 4.510000000000014886, 11.36999999999999922 ) ) ;
#426 = EDGE_CURVE ( 'NONE', #3652, #1232, #2578, .T. ) ;
#427 = EDGE_LOOP ( 'NONE', ( #2994, #295, #3250, #1335 ) ) ;
#428 = VERTEX_POINT ( 'NONE', #3659 ) ;
#429 = VECTOR ( 'NONE', #4167, 1000.000000000000000 ) ;
#430 = EDGE_CURVE ( 'NONE', #3695, #2187, #4399, .T. ) ;
#431 = PLANE ( 'NONE',  #469 ) ;
#432 = AXIS2_PLACEMENT_3D ( 'NONE', #2748, #261, #3455 ) ;
#433 = CARTESIAN_POINT ( 'NONE',  ( 5.080000000000000071, 0.000000000000000000, 11.36999999999999922 ) ) ;
#434 = FACE_OUTER_BOUND ( 'NONE', #1811, .T. ) ;
#435 = EDGE_CURVE ( 'NONE', #908, #2260, #1881, .T. ) ;
#436 = SURFACE_STYLE_FILL_AREA ( #3581 ) ;
#437 = ORIENTED_EDGE ( 'NONE', *, *, #2736, .F. ) ;
#438 = VECTOR ( 'NONE', #3535, 1000.000000000000000 ) ;
#439 = ORIENTED_EDGE ( 'NONE', *, *, #179, .T. ) ;
#440 = PLANE ( 'NONE',  #4141 ) ;
#441 = VECTOR ( 'NONE', #1296, 1000.000000000000000 ) ;
#442 = PLANE ( 'NONE',  #754 ) ;
#443 = FACE_BOUND ( 'NONE', #2379, .T. ) ;
#444 = PRESENTATION_LAYER_ASSIGNMENT (  '', '', ( #2495 ) ) ;
#445 = ADVANCED_FACE ( 'NONE', ( #3310 ), #1929, .F. ) ;
#446 = AXIS2_PLACEMENT_3D ( 'NONE', #2851, #2833, #3917 ) ;
#447 = ORIENTED_EDGE ( 'NONE', *, *, #2250, .F. ) ;
#448 = DIRECTION ( 'NONE',  ( 0.000000000000000000, 0.3420201433256628842, 0.9396926207859104263 ) ) ;
#449 = VECTOR ( 'NONE', #2092, 1000.000000000000000 ) ;
#450 =( NAMED_UNIT ( * ) SI_UNIT ( $, .STERADIAN. ) SOLID_ANGLE_UNIT ( ) );
#451 = ORIENTED_EDGE ( 'NONE', *, *, #4231, .F. ) ;
#452 = CARTESIAN_POINT ( 'NONE',  ( 5.079999999999999183, 0.5699999999999568745, 11.36999999999999922 ) ) ;
#453 = DIRECTION ( 'NONE',  ( -0.000000000000000000, -0.000000000000000000, 1.000000000000000000 ) ) ;
#454 = EDGE_LOOP ( 'NONE', ( #2461, #2331, #4379, #1418 ) ) ;
#455 = ORIENTED_EDGE ( 'NONE', *, *, #3128, .F. ) ;
#456 = DIRECTION ( 'NONE',  ( 1.000000000000000000, 0.000000000000000000, 0.000000000000000000 ) ) ;
#457 = LINE ( 'NONE', #1491, #140 ) ;
#458 = DIRECTION ( 'NONE',  ( 0.000000000000000000, 5.870001876866952128E-15, 1.000000000000000000 ) ) ;
#459 = DIRECTION ( 'NONE',  ( 1.000000000000000000, 0.000000000000000000, 0.000000000000000000 ) ) ;
#460 = ORIENTED_EDGE ( 'NONE', *, *, #183, .F. ) ;
#461 = EDGE_CURVE ( 'NONE', #4068, #1980, #4059, .T. ) ;
#462 = VECTOR ( 'NONE', #2895, 1000.000000000000000 ) ;
#463 = ADVANCED_FACE ( 'NONE', ( #3707 ), #3352, .F. ) ;
#464 = EDGE_LOOP ( 'NONE', ( #31, #3791, #3473, #3913 ) ) ;
#465 = CARTESIAN_POINT ( 'NONE',  ( 0.9699999999999977529, 4.110000000000012754, 10.09999999999999964 ) ) ;
#466 = CARTESIAN_POINT ( 'NONE',  ( -0.2999999999999999889, 4.009999999999999787, 3.245000000000000551 ) ) ;
#467 = VECTOR ( 'NONE', #1431, 1000.000000000000000 ) ;
#468 = LINE ( 'NONE', #55, #2492 ) ;
#469 = AXIS2_PLACEMENT_3D ( 'NONE', #2, #393, #1830 ) ;
#470 = ORIENTED_EDGE ( 'NONE', *, *, #1992, .F. ) ;
#471 = FACE_OUTER_BOUND ( 'NONE', #639, .T. ) ;
#472 = LINE ( 'NONE', #4311, #3662 ) ;
#473 = ORIENTED_EDGE ( 'NONE', *, *, #2868, .T. ) ;
#474 = EDGE_CURVE ( 'NONE', #4016, #716, #922, .T. ) ;
#475 = DIRECTION ( 'NONE',  ( 0.000000000000000000, 1.000000000000000000, 1.084202172485506406E-15 ) ) ;
#476 = ORIENTED_EDGE ( 'NONE', *, *, #2205, .F. ) ;
#477 = ORIENTED_EDGE ( 'NONE', *, *, #3544, .F. ) ;
#478 = CARTESIAN_POINT ( 'NONE',  ( -1.570000000000002283, 1.569999999999958540, 10.09999999999999964 ) ) ;
#479 = CARTESIAN_POINT ( 'NONE',  ( 0.2999999999999999889, 1.069999999999999840, 3.245000000000000551 ) ) ;
#480 = PLANE ( 'NONE',  #3901 ) ;
#481 = ORIENTED_EDGE ( 'NONE', *, *, #1549, .T. ) ;
#482 = ORIENTED_EDGE ( 'NONE', *, *, #2986, .T. ) ;
#483 = CARTESIAN_POINT ( 'NONE',  ( -0.2999999999999999889, -2.849999999999997424, 1.069999999999999618 ) ) ;
#484 = EDGE_CURVE ( 'NONE', #2100, #2313, #2231, .T. ) ;
#485 = ADVANCED_FACE ( 'NONE', ( #3137 ), #3759, .F. ) ;
#486 = CARTESIAN_POINT ( 'NONE',  ( -1.570000000000002283, 1.569999999999958540, 10.97000000000000242 ) ) ;
#487 = LINE ( 'NONE', #3181, #4198 ) ;
#488 = EDGE_CURVE ( 'NONE', #3582, #718, #4128, .T. ) ;
#489 = ORIENTED_EDGE ( 'NONE', *, *, #2159, .T. ) ;
#490 = FACE_OUTER_BOUND ( 'NONE', #3072, .T. ) ;
#491 = CARTESIAN_POINT ( 'NONE',  ( -5.080000000000000071, 5.079999999999999183, 11.36999999999999922 ) ) ;
#492 = CARTESIAN_POINT ( 'NONE',  ( 3.509999999999997566, 3.510000000000013110, 10.09999999999999964 ) ) ;
#493 = ADVANCED_FACE ( 'NONE', ( #1016 ), #2786, .F. ) ;
#494 =( LENGTH_UNIT ( ) NAMED_UNIT ( * ) SI_UNIT ( .MILLI., .METRE. ) );
#495 = DIRECTION ( 'NONE',  ( -1.000000000000000000, 0.000000000000000000, 0.000000000000000000 ) ) ;
#496 = CARTESIAN_POINT ( 'NONE',  ( -2.540000000000000036, 5.079999999999999183, 2.870000000000000107 ) ) ;
#497 = VERTEX_POINT ( 'NONE', #4546 ) ;
#498 = ORIENTED_EDGE ( 'NONE', *, *, #4488, .F. ) ;
#499 = CARTESIAN_POINT ( 'NONE',  ( 3.509999999999997566, 3.510000000000013110, 10.09999999999999964 ) ) ;
#500 = CARTESIAN_POINT ( 'NONE',  ( 0.9699999999999977529, 3.510000000000013110, 10.97000000000000242 ) ) ;
#501 = CARTESIAN_POINT ( 'NONE',  ( 0.2999999999999999889, 0.5000000000000000000, 2.040000000000000036 ) ) ;
#502 = VECTOR ( 'NONE', #2054, 1000.000000000000000 ) ;
#503 = ITEM_DEFINED_TRANSFORMATION ( 'NONE', 'NONE', #4040,  #2038 ) ;
#504 = ORIENTED_EDGE ( 'NONE', *, *, #688, .T. ) ;
#505 = ORIENTED_EDGE ( 'NONE', *, *, #2053, .T. ) ;
#506 = AXIS2_PLACEMENT_3D ( 'NONE', #773, #1734, #2531 ) ;
#507 = LINE ( 'NONE', #3329, #1199 ) ;
#508 = LINE ( 'NONE', #2315, #1048 ) ;
#509 = FACE_OUTER_BOUND ( 'NONE', #3812, .T. ) ;
#510 = VECTOR ( 'NONE', #2659, 1000.000000000000000 ) ;
#511 = ORIENTED_EDGE ( 'NONE', *, *, #632, .F. ) ;
#512 = FACE_OUTER_BOUND ( 'NONE', #3632, .T. ) ;
#513 = EDGE_CURVE ( 'NONE', #3797, #2178, #2715, .T. ) ;
#514 = LINE ( 'NONE', #1586, #827 ) ;
#515 = FILL_AREA_STYLE ('',( #2552 ) ) ;
#516 = ORIENTED_EDGE ( 'NONE', *, *, #2824, .F. ) ;
#517 = VECTOR ( 'NONE', #2273, 1000.000000000000000 ) ;
#518 = EDGE_CURVE ( 'NONE', #3183, #3995, #281, .T. ) ;
#519 =( GEOMETRIC_REPRESENTATION_CONTEXT ( 3 ) GLOBAL_UNCERTAINTY_ASSIGNED_CONTEXT ( ( #4095 ) ) GLOBAL_UNIT_ASSIGNED_CONTEXT ( ( #563, #4431, #1207 ) ) REPRESENTATION_CONTEXT ( 'NONE', 'WORKASPACE' ) );
#520 = DIRECTION ( 'NONE',  ( -0.000000000000000000, -0.000000000000000000, 1.000000000000000000 ) ) ;
#521 = EDGE_CURVE ( 'NONE', #2238, #547, #1659, .T. ) ;
#522 = DIRECTION ( 'NONE',  ( 0.000000000000000000, 0.000000000000000000, 1.000000000000000000 ) ) ;
#523 = ORIENTED_EDGE ( 'NONE', *, *, #1276, .T. ) ;
#524 = EDGE_LOOP ( 'NONE', ( #2183, #2124, #4189, #3826 ) ) ;
#525 = PLANE ( 'NONE',  #695 ) ;
#526 = FACE_OUTER_BOUND ( 'NONE', #3202, .T. ) ;
#527 = CARTESIAN_POINT ( 'NONE',  ( -4.110000000000002984, 1.569999999999958540, 10.09999999999999964 ) ) ;
#528 = ORIENTED_EDGE ( 'NONE', *, *, #2505, .F. ) ;
#529 = EDGE_LOOP ( 'NONE', ( #3984, #3851, #1662, #4323 ) ) ;
#530 = LINE ( 'NONE', #4054, #901 ) ;
#531 = LINE ( 'NONE', #2248, #387 ) ;
#532 = CARTESIAN_POINT ( 'NONE',  ( 3.509999999999997566, 3.510000000000013110, 10.97000000000000242 ) ) ;
#533 = EDGE_CURVE ( 'NONE', #177, #2596, #2437, .T. ) ;
#534 = VECTOR ( 'NONE', #1685, 1000.000000000000000 ) ;
#535 = ORIENTED_EDGE ( 'NONE', *, *, #875, .T. ) ;
#536 = AXIS2_PLACEMENT_3D ( 'NONE', #4278, #780, #2474 ) ;
#537 = CARTESIAN_POINT ( 'NONE',  ( -5.330000000000000959, 0.000000000000000000, 11.36999999999999922 ) ) ;
#538 = FACE_OUTER_BOUND ( 'NONE', #3361, .T. ) ;
#539 = CARTESIAN_POINT ( 'NONE',  ( 0.000000000000000000, 4.543511162150186244, 3.245000000000000107 ) ) ;
#540 = VERTEX_POINT ( 'NONE', #2343 ) ;
#541 = PRESENTATION_LAYER_ASSIGNMENT (  '', '', ( #1494 ) ) ;
#542 = VECTOR ( 'NONE', #1225, 1000.000000000000000 ) ;
#543 = EDGE_CURVE ( 'NONE', #4253, #3379, #3783, .T. ) ;
#544 = ADVANCED_FACE ( 'NONE', ( #3115 ), #2018, .F. ) ;
#545 = CARTESIAN_POINT ( 'NONE',  ( 3.509999999999997566, 4.110000000000012754, 10.09999999999999964 ) ) ;
#546 = ORIENTED_EDGE ( 'NONE', *, *, #1308, .T. ) ;
#547 = VERTEX_POINT ( 'NONE', #678 ) ;
#548 = ADVANCED_FACE ( 'NONE', ( #3040 ), #1682, .F. ) ;
#549 = LINE ( 'NONE', #1939, #3621 ) ;
#550 = CARTESIAN_POINT ( 'NONE',  ( -2.540000000000000036, 4.543511162150186244, 3.245000000000000107 ) ) ;
#551 = FACE_BOUND ( 'NONE', #4384, .T. ) ;
#552 = APPLICATION_PROTOCOL_DEFINITION ( 'draft international standard', 'automotive_design', 1998, #3830 ) ;
#553 = EDGE_LOOP ( 'NONE', ( #4305, #2303, #960, #1787 ) ) ;
#554 = UNCERTAINTY_MEASURE_WITH_UNIT (LENGTH_MEASURE( 1.000000000000000082E-05 ), #1186, 'distance_accuracy_value', 'NONE');
#555 = LINE ( 'NONE', #2615, #3619 ) ;
#556 = CARTESIAN_POINT ( 'NONE',  ( -5.080000000000000071, 0.5364888378497735255, 3.245000000000000551 ) ) ;
#557 = CARTESIAN_POINT ( 'NONE',  ( 0.2999999999999999889, 3.040000000000000036, -0.4999999999999997780 ) ) ;
#558 = ORIENTED_EDGE ( 'NONE', *, *, #745, .T. ) ;
#559 = ORIENTED_EDGE ( 'NONE', *, *, #1942, .F. ) ;
#560 = DIRECTION ( 'NONE',  ( 0.000000000000000000, -0.000000000000000000, -1.000000000000000000 ) ) ;
#561 = LINE ( 'NONE', #1930, #4214 ) ;
#562 = ORIENTED_EDGE ( 'NONE', *, *, #3105, .T. ) ;
#563 =( LENGTH_UNIT ( ) NAMED_UNIT ( * ) SI_UNIT ( .MILLI., .METRE. ) );
#564 = CARTESIAN_POINT ( 'NONE',  ( -1.570000000000002283, 3.510000000000013110, 10.97000000000000242 ) ) ;
#565 = VERTEX_POINT ( 'NONE', #4175 ) ;
#566 = VERTEX_POINT ( 'NONE', #2413 ) ;
#567 = PLANE ( 'NONE',  #1127 ) ;
#568 = DIRECTION ( 'NONE',  ( 0.000000000000000000, 0.000000000000000000, 1.000000000000000000 ) ) ;
#569 = FACE_OUTER_BOUND ( 'NONE', #244, .T. ) ;
#570 = ORIENTED_EDGE ( 'NONE', *, *, #2111, .T. ) ;
#571 = PLANE ( 'NONE',  #1919 ) ;
#572 = ADVANCED_FACE ( 'NONE', ( #3404 ), #995, .F. ) ;
#573 = DIRECTION ( 'NONE',  ( 0.000000000000000000, 0.000000000000000000, -1.000000000000000000 ) ) ;
#574 = DIRECTION ( 'NONE',  ( -0.3420201433256657153, 0.9396926207859095381, 1.116511540739375850E-16 ) ) ;
#575 = VERTEX_POINT ( 'NONE', #2690 ) ;
#576 = VECTOR ( 'NONE', #4481, 1000.000000000000000 ) ;
#577 = ORIENTED_EDGE ( 'NONE', *, *, #4421, .F. ) ;
#578 = CARTESIAN_POINT ( 'NONE',  ( 2.539999999999999591, 4.679999999999999716, 2.869999999999999662 ) ) ;
#579 = LINE ( 'NONE', #171, #175 ) ;
#580 = PLANE ( 'NONE',  #3593 ) ;
#581 = AXIS2_PLACEMENT_3D ( 'NONE', #4109, #2447, #1393 ) ;
#582 = DIRECTION ( 'NONE',  ( -0.000000000000000000, 1.000000000000000000, 0.000000000000000000 ) ) ;
#583 = EDGE_CURVE ( 'NONE', #1902, #718, #2040, .T. ) ;
#584 = ORIENTED_EDGE ( 'NONE', *, *, #1276, .F. ) ;
#585 = AXIS2_PLACEMENT_3D ( 'NONE', #1213, #2935, #4387 ) ;
#586 = PRODUCT_DEFINITION_FORMATION_WITH_SPECIFIED_SOURCE ( 'ANY', '', #1228, .NOT_KNOWN. ) ;
#587 = CARTESIAN_POINT ( 'NONE',  ( -5.080000000000000071, 0.3999999999999501732, 2.870000000000000107 ) ) ;
#588 = VECTOR ( 'NONE', #3382, 1000.000000000000000 ) ;
#589 = DIRECTION ( 'NONE',  ( 0.000000000000000000, -1.000000000000000000, 0.000000000000000000 ) ) ;
#590 = EDGE_LOOP ( 'NONE', ( #909, #2815, #834, #3745 ) ) ;
#591 = VERTEX_POINT ( 'NONE', #1386 ) ;
#592 = VECTOR ( 'NONE', #2625, 1000.000000000000000 ) ;
#593 = AXIS2_PLACEMENT_3D ( 'NONE', #2617, #4098, #939 ) ;
#594 = LINE ( 'NONE', #2729, #3852 ) ;
#595 = CARTESIAN_POINT ( 'NONE',  ( 0.2999999999999999889, 4.009999999999999787, 3.245000000000000551 ) ) ;
#596 = AXIS2_PLACEMENT_3D ( 'NONE', #4079, #2276, #1636 ) ;
#597 = PLANE ( 'NONE',  #1165 ) ;
#598 = ORIENTED_EDGE ( 'NONE', *, *, #1938, .T. ) ;
#599 = UNCERTAINTY_MEASURE_WITH_UNIT (LENGTH_MEASURE( 1.000000000000000082E-05 ), #1687, 'distance_accuracy_value', 'NONE');
#600 = LINE ( 'NONE', #1987, #1994 ) ;
#601 = CARTESIAN_POINT ( 'NONE',  ( -5.080000000000000071, -4.989501595336908954E-14, 2.870000000000000107 ) ) ;
#602 = DIRECTION ( 'NONE',  ( 0.000000000000000000, -0.3420201433256628842, -0.9396926207859104263 ) ) ;
#603 = ADVANCED_FACE ( 'NONE', ( #310 ), #2070, .F. ) ;
#604 = ORIENTED_EDGE ( 'NONE', *, *, #2389, .F. ) ;
#605 = VERTEX_POINT ( 'NONE', #3853 ) ;
#606 = DIRECTION ( 'NONE',  ( -1.000000000000000000, 0.000000000000000000, 0.000000000000000000 ) ) ;
#607 = DIRECTION ( 'NONE',  ( 0.000000000000000000, -1.000000000000000000, 1.082302103395239435E-16 ) ) ;
#608 = DIRECTION ( 'NONE',  ( 0.000000000000000000, 0.000000000000000000, -1.000000000000000000 ) ) ;
#609 = CARTESIAN_POINT ( 'NONE',  ( 0.000000000000000000, 0.000000000000000000, 0.000000000000000000 ) ) ;
#610 = ORIENTED_EDGE ( 'NONE', *, *, #4029, .T. ) ;
#611 = AXIS2_PLACEMENT_3D ( 'NONE', #972, #4503, #1345 ) ;
#612 = LINE ( 'NONE', #2444, #666 ) ;
#613 = CARTESIAN_POINT ( 'NONE',  ( 0.2999999999999999889, 4.010000000000000675, -0.4999999999999996669 ) ) ;
#614 = AXIS2_PLACEMENT_3D ( 'NONE', #1066, #2462, #3871 ) ;
#615 = CARTESIAN_POINT ( 'NONE',  ( 2.539999999999999591, 5.079999999999999183, 11.36999999999999922 ) ) ;
#616 = ORIENTED_EDGE ( 'NONE', *, *, #2087, .F. ) ;
#617 = ORIENTED_EDGE ( 'NONE', *, *, #3024, .F. ) ;
#618 = AXIS2_PLACEMENT_3D ( 'NONE', #2680, #729, #2469 ) ;
#619 = EDGE_LOOP ( 'NONE', ( #4077, #1836, #128, #1648, #1503, #447, #904, #804 ) ) ;
#620 = CARTESIAN_POINT ( 'NONE',  ( -0.2999999999999999889, 3.040000000000000036, -0.4999999999999997780 ) ) ;
#621 = DIRECTION ( 'NONE',  ( 0.000000000000000000, -1.000000000000000000, 0.000000000000000000 ) ) ;
#622 = ORIENTED_EDGE ( 'NONE', *, *, #3886, .F. ) ;
#623 = LINE ( 'NONE', #2385, #1122 ) ;
#624 = DIRECTION ( 'NONE',  ( -1.000000000000000000, 0.000000000000000000, 0.000000000000000000 ) ) ;
#625 = CARTESIAN_POINT ( 'NONE',  ( 2.540000000000000036, -4.989501595336908954E-14, 2.870000000000000107 ) ) ;
#626 = ORIENTED_EDGE ( 'NONE', *, *, #2283, .F. ) ;
#627 = EDGE_CURVE ( 'NONE', #3113, #4045, #701, .T. ) ;
#628 = ORIENTED_EDGE ( 'NONE', *, *, #1581, .T. ) ;
#629 = EDGE_CURVE ( 'NONE', #2187, #428, #943, .T. ) ;
#630 = CARTESIAN_POINT ( 'NONE',  ( -3.710000000000000409, 3.910000000000011688, 10.77000000000000313 ) ) ;
#631 = DIRECTION ( 'NONE',  ( -1.000000000000000000, 0.000000000000000000, 0.000000000000000000 ) ) ;
#632 = EDGE_CURVE ( 'NONE', #1203, #2976, #3219, .T. ) ;
#633 = SURFACE_SIDE_STYLE ('',( #3786 ) ) ;
#634 = CARTESIAN_POINT ( 'NONE',  ( 0.2999999999999999889, -2.849999999999998312, -1.470000000000000639 ) ) ;
#635 = LINE ( 'NONE', #2049, #3299 ) ;
#636 = EDGE_CURVE ( 'NONE', #64, #3802, #375, .T. ) ;
#637 = CARTESIAN_POINT ( 'NONE',  ( -4.110000000000002984, 1.569999999999958540, 10.09999999999999964 ) ) ;
#638 = ORIENTED_EDGE ( 'NONE', *, *, #724, .F. ) ;
#639 = EDGE_LOOP ( 'NONE', ( #1620, #482, #2893, #4220 ) ) ;
#640 = VERTEX_POINT ( 'NONE', #2113 ) ;
#641 = LINE ( 'NONE', #2403, #3779 ) ;
#642 = CARTESIAN_POINT ( 'NONE',  ( -5.330000000000000959, 4.679999999999999716, 2.869999999999999662 ) ) ;
#643 = CARTESIAN_POINT ( 'NONE',  ( 0.000000000000000000, 5.079999999999999183, 11.36999999999999922 ) ) ;
#644 = ORIENTED_EDGE ( 'NONE', *, *, #1113, .F. ) ;
#645 = CARTESIAN_POINT ( 'NONE',  ( 0.000000000000000000, 5.079999999999999183, 11.36999999999999922 ) ) ;
#646 = CARTESIAN_POINT ( 'NONE',  ( 0.000000000000000000, 3.110000000000010978, 11.36999999999999922 ) ) ;
#647 = DIRECTION ( 'NONE',  ( 0.000000000000000000, 1.000000000000000000, -1.082302103395239435E-16 ) ) ;
#648 = ORIENTED_EDGE ( 'NONE', *, *, #347, .T. ) ;
#649 = EDGE_LOOP ( 'NONE', ( #2210, #4174, #268, #2656 ) ) ;
#650 = DIRECTION ( 'NONE',  ( -1.000000000000000000, 0.000000000000000000, 0.000000000000000000 ) ) ;
#651 = CARTESIAN_POINT ( 'NONE',  ( -5.080000000000000071, 0.000000000000000000, 0.000000000000000000 ) ) ;
#652 = CARTESIAN_POINT ( 'NONE',  ( 0.9699999999999977529, 3.510000000000013110, 10.09999999999999964 ) ) ;
#653 = DIRECTION ( 'NONE',  ( -1.000000000000000000, 0.000000000000000000, 0.000000000000000000 ) ) ;
#654 = VECTOR ( 'NONE', #3071, 1000.000000000000000 ) ;
#655 = ADVANCED_FACE ( 'NONE', ( #4285 ), #4243, .F. ) ;
#656 = CARTESIAN_POINT ( 'NONE',  ( -4.110000000000002984, 1.569999999999958540, 10.97000000000000242 ) ) ;
#657 = LINE ( 'NONE', #613, #741 ) ;
#658 = AXIS2_PLACEMENT_3D ( 'NONE', #3017, #653, #1998 ) ;
#659 = CARTESIAN_POINT ( 'NONE',  ( -5.080000000000000071, 0.3999999999999501732, 2.870000000000000107 ) ) ;
#660 = EDGE_CURVE ( 'NONE', #3562, #4226, #10, .T. ) ;
#661 = VECTOR ( 'NONE', #2428, 1000.000000000000000 ) ;
#662 = EDGE_LOOP ( 'NONE', ( #1343, #4469, #1295, #4298 ) ) ;
#663 =( GEOMETRIC_REPRESENTATION_CONTEXT ( 3 ) GLOBAL_UNCERTAINTY_ASSIGNED_CONTEXT ( ( #2664 ) ) GLOBAL_UNIT_ASSIGNED_CONTEXT ( ( #1126, #333, #1730 ) ) REPRESENTATION_CONTEXT ( 'NONE', 'WORKASPACE' ) );
#664 = ADVANCED_FACE ( 'NONE', ( #417 ), #440, .F. ) ;
#665 = ORIENTED_EDGE ( 'NONE', *, *, #17, .F. ) ;
#666 = VECTOR ( 'NONE', #1001, 1000.000000000000000 ) ;
#667 = FACE_OUTER_BOUND ( 'NONE', #3167, .T. ) ;
#668 = LINE ( 'NONE', #298, #1605 ) ;
#669 = DIRECTION ( 'NONE',  ( 0.000000000000000000, -0.3420201433256411239, 0.9396926207859184199 ) ) ;
#670 = ORIENTED_EDGE ( 'NONE', *, *, #4321, .F. ) ;
#671 = VECTOR ( 'NONE', #1797, 999.9999999999998863 ) ;
#672 = AXIS2_PLACEMENT_3D ( 'NONE', #4009, #170, #3728 ) ;
#673 = CARTESIAN_POINT ( 'NONE',  ( 0.5699999999999958433, 5.079999999999999183, 11.36999999999999922 ) ) ;
#674 = DIRECTION ( 'NONE',  ( -0.000000000000000000, 1.000000000000000000, 0.000000000000000000 ) ) ;
#675 = CARTESIAN_POINT ( 'NONE',  ( 2.540000000000000036, 0.5364888378497735255, 3.245000000000000551 ) ) ;
#676 = ORIENTED_EDGE ( 'NONE', *, *, #2818, .T. ) ;
#677 = ORIENTED_EDGE ( 'NONE', *, *, #688, .F. ) ;
#678 = CARTESIAN_POINT ( 'NONE',  ( 2.539999999999999591, 0.3999999999999501732, 2.870000000000000107 ) ) ;
#679 = CARTESIAN_POINT ( 'NONE',  ( 0.000000000000000000, 0.5364888378497735255, 3.245000000000000551 ) ) ;
#680 = CARTESIAN_POINT ( 'NONE',  ( 0.2999999999999999889, 3.609999999999999876, -0.4999999999999997780 ) ) ;
#681 = DIRECTION ( 'NONE',  ( 1.000000000000000000, 0.000000000000000000, 0.000000000000000000 ) ) ;
#682 = LINE ( 'NONE', #704, #3292 ) ;
#683 = DIRECTION ( 'NONE',  ( -1.000000000000000000, -0.000000000000000000, -0.000000000000000000 ) ) ;
#684 = CARTESIAN_POINT ( 'NONE',  ( -1.570000000000002283, 3.510000000000013110, 10.09999999999999964 ) ) ;
#685 = VECTOR ( 'NONE', #2616, 1000.000000000000000 ) ;
#686 = EDGE_LOOP ( 'NONE', ( #3197, #355, #3393, #2360 ) ) ;
#687 = EDGE_CURVE ( 'NONE', #4105, #4304, #2503, .T. ) ;
#688 = EDGE_CURVE ( 'NONE', #3663, #3066, #34, .T. ) ;
#689 = VECTOR ( 'NONE', #606, 1000.000000000000000 ) ;
#690 = DIRECTION ( 'NONE',  ( 1.000000000000000000, 0.000000000000000000, 0.000000000000000000 ) ) ;
#691 = CARTESIAN_POINT ( 'NONE',  ( -0.2999999999999999889, 3.040000000000000036, -0.4999999999999997780 ) ) ;
#692 = DIRECTION ( 'NONE',  ( 0.000000000000000000, 0.000000000000000000, -1.000000000000000000 ) ) ;
#693 = EDGE_CURVE ( 'NONE', #3446, #228, #2894, .T. ) ;
#694 = VERTEX_POINT ( 'NONE', #3540 ) ;
#695 = AXIS2_PLACEMENT_3D ( 'NONE', #478, #3626, #1915 ) ;
#696 = DIRECTION ( 'NONE',  ( -0.000000000000000000, 1.000000000000000000, 0.000000000000000000 ) ) ;
#697 = CARTESIAN_POINT ( 'NONE',  ( 2.540000000000000036, 4.679999999999999716, 2.869999999999999662 ) ) ;
#698 = DIRECTION ( 'NONE',  ( -0.5773502691896278405, 0.5773502691896278405, 0.5773502691896216232 ) ) ;
#699 = VERTEX_POINT ( 'NONE', #1477 ) ;
#700 = ORIENTED_EDGE ( 'NONE', *, *, #124, .F. ) ;
#701 = LINE ( 'NONE', #1291, #2216 ) ;
#702 = CARTESIAN_POINT ( 'NONE',  ( 0.000000000000000000, 4.543511162150186244, 3.245000000000000107 ) ) ;
#703 = DIRECTION ( 'NONE',  ( 0.000000000000000000, 0.3420201433256628842, 0.9396926207859104263 ) ) ;
#704 = CARTESIAN_POINT ( 'NONE',  ( 5.079999999999999183, 5.079999999999999183, 11.36999999999999922 ) ) ;
#705 = CARTESIAN_POINT ( 'NONE',  ( -0.9699999999999990852, 3.510000000000013110, 10.09999999999999964 ) ) ;
#706 = DIRECTION ( 'NONE',  ( -0.000000000000000000, -0.000000000000000000, 1.000000000000000000 ) ) ;
#707 = ORIENTED_EDGE ( 'NONE', *, *, #3696, .F. ) ;
#708 = DIRECTION ( 'NONE',  ( -0.000000000000000000, -0.000000000000000000, 1.000000000000000000 ) ) ;
#709 = CARTESIAN_POINT ( 'NONE',  ( 0.3000000000000000444, -2.849999999999998312, -1.470000000000000639 ) ) ;
#710 = DIRECTION ( 'NONE',  ( 0.000000000000000000, -5.870001876866951339E-15, -1.000000000000000000 ) ) ;
#711 = VERTEX_POINT ( 'NONE', #96 ) ;
#712 = EDGE_CURVE ( 'NONE', #866, #2899, #3892, .T. ) ;
#713 = CARTESIAN_POINT ( 'NONE',  ( 2.540000000000000036, 5.079999999999999183, 2.870000000000000107 ) ) ;
#714 = CARTESIAN_POINT ( 'NONE',  ( -1.570000000000002283, 0.9699999999999587841, 10.09999999999999964 ) ) ;
#715 = CARTESIAN_POINT ( 'NONE',  ( 3.509999999999997566, 4.110000000000012754, 10.97000000000000242 ) ) ;
#716 = VERTEX_POINT ( 'NONE', #2874 ) ;
#717 = ADVANCED_FACE ( 'NONE', ( #2545 ), #1450, .F. ) ;
#718 = VERTEX_POINT ( 'NONE', #1839 ) ;
#719 = CARTESIAN_POINT ( 'NONE',  ( -0.2999999999999999889, 1.069999999999999840, 2.040000000000000036 ) ) ;
#720 = DIRECTION ( 'NONE',  ( 0.000000000000000000, 0.000000000000000000, -1.000000000000000000 ) ) ;
#721 =( NAMED_UNIT ( * ) PLANE_ANGLE_UNIT ( ) SI_UNIT ( $, .RADIAN. ) );
#722 = VERTEX_POINT ( 'NONE', #1150 ) ;
#723 = CARTESIAN_POINT ( 'NONE',  ( -3.509999999999999343, 1.569999999999958540, 10.09999999999999964 ) ) ;
#724 = EDGE_CURVE ( 'NONE', #2846, #4253, #1130, .T. ) ;
#725 = CIRCLE ( 'NONE', #4184, 0.9700000000000004174 ) ;
#726 = DIRECTION ( 'NONE',  ( 0.000000000000000000, 1.000000000000000000, 0.000000000000000000 ) ) ;
#727 = COLOUR_RGB ( '',0.2509803921568627416, 0.2509803921568627416, 0.2509803921568627416 ) ;
#728 = ORIENTED_EDGE ( 'NONE', *, *, #382, .T. ) ;
#729 = DIRECTION ( 'NONE',  ( 0.000000000000000000, 0.7071067811865436870, -0.7071067811865513475 ) ) ;
#730 = AXIS2_PLACEMENT_3D ( 'NONE', #4192, #276, #1037 ) ;
#731 = DIRECTION ( 'NONE',  ( -0.3420201433256671031, -0.9396926207859089830, -1.116511540739375110E-16 ) ) ;
#732 = PLANE ( 'NONE',  #3433 ) ;
#733 = EDGE_LOOP ( 'NONE', ( #190, #756, #4246, #1943 ) ) ;
#734 = VERTEX_POINT ( 'NONE', #3955 ) ;
#735 = AXIS2_PLACEMENT_3D ( 'NONE', #1639, #608, #2557 ) ;
#736 = DIRECTION ( 'NONE',  ( 1.000000000000000000, 0.000000000000000000, 0.000000000000000000 ) ) ;
#737 = CARTESIAN_POINT ( 'NONE',  ( -5.080000000000000071, 0.000000000000000000, 11.36999999999999922 ) ) ;
#738 = CARTESIAN_POINT ( 'NONE',  ( -2.540000000000000036, 4.679999999999999716, 2.869999999999999662 ) ) ;
#739 = VECTOR ( 'NONE', #3266, 1000.000000000000000 ) ;
#740 = ORIENTED_EDGE ( 'NONE', *, *, #2347, .F. ) ;
#741 = VECTOR ( 'NONE', #2003, 1000.000000000000000 ) ;
#742 = ORIENTED_EDGE ( 'NONE', *, *, #266, .T. ) ;
#743 = AXIS2_PLACEMENT_3D ( 'NONE', #132, #2961, #4020 ) ;
#744 = DIRECTION ( 'NONE',  ( 0.000000000000000000, 5.870001876866951339E-15, 1.000000000000000000 ) ) ;
#745 = EDGE_CURVE ( 'NONE', #1572, #338, #3243, .T. ) ;
#746 = FACE_OUTER_BOUND ( 'NONE', #764, .T. ) ;
#747 = LINE ( 'NONE', #3957, #739 ) ;
#748 = EDGE_CURVE ( 'NONE', #4236, #4284, #2180, .T. ) ;
#749 = ORIENTED_EDGE ( 'NONE', *, *, #252, .T. ) ;
#750 = CARTESIAN_POINT ( 'NONE',  ( -2.540000000000000036, 4.679999999999999716, 2.869999999999999662 ) ) ;
#751 = LINE ( 'NONE', #3165, #2784 ) ;
#752 = ORIENTED_EDGE ( 'NONE', *, *, #382, .F. ) ;
#753 = LINE ( 'NONE', #1440, #2711 ) ;
#754 = AXIS2_PLACEMENT_3D ( 'NONE', #1796, #1111, #2181 ) ;
#755 = CARTESIAN_POINT ( 'NONE',  ( 0.000000000000000000, -4.989501595336908954E-14, 2.870000000000000107 ) ) ;
#756 = ORIENTED_EDGE ( 'NONE', *, *, #3430, .F. ) ;
#757 = ADVANCED_FACE ( 'NONE', ( #1409 ), #4222, .F. ) ;
#758 = AXIS2_PLACEMENT_3D ( 'NONE', #4306, #766, #3564 ) ;
#759 = PLANE ( 'NONE',  #762 ) ;
#760 = CARTESIAN_POINT ( 'NONE',  ( -1.570000000000002283, 3.510000000000013110, 10.97000000000000242 ) ) ;
#761 = DIRECTION ( 'NONE',  ( -1.000000000000000000, -0.000000000000000000, -0.000000000000000000 ) ) ;
#762 = AXIS2_PLACEMENT_3D ( 'NONE', #90, #48, #2175 ) ;
#763 = ORIENTED_EDGE ( 'NONE', *, *, #748, .F. ) ;
#764 = EDGE_LOOP ( 'NONE', ( #2431, #4516, #3613, #3408 ) ) ;
#765 = VECTOR ( 'NONE', #1637, 1000.000000000000000 ) ;
#766 = DIRECTION ( 'NONE',  ( 1.000000000000000000, 0.000000000000000000, 0.000000000000000000 ) ) ;
#767 = PLANE ( 'NONE',  #4137 ) ;
#768 = DIRECTION ( 'NONE',  ( 0.000000000000000000, 1.000000000000000000, 0.000000000000000000 ) ) ;
#769 = EDGE_CURVE ( 'NONE', #1210, #2998, #3516, .T. ) ;
#770 = EDGE_CURVE ( 'NONE', #2614, #4236, #2831, .T. ) ;
#771 = ORIENTED_EDGE ( 'NONE', *, *, #2957, .T. ) ;
#772 = CARTESIAN_POINT ( 'NONE',  ( -2.540000000000000036, 4.543511162150186244, 3.245000000000000107 ) ) ;
#773 = CARTESIAN_POINT ( 'NONE',  ( -5.330000000000000959, 4.543511162150186244, 3.245000000000000107 ) ) ;
#774 = ORIENTED_EDGE ( 'NONE', *, *, #3517, .T. ) ;
#775 = EDGE_CURVE ( 'NONE', #2998, #3143, #2882, .T. ) ;
#776 = LINE ( 'NONE', #2821, #1175 ) ;
#777 = DIRECTION ( 'NONE',  ( -0.5773502691896278405, -0.5773502691896278405, 0.5773502691896216232 ) ) ;
#778 = ORIENTED_EDGE ( 'NONE', *, *, #1010, .T. ) ;
#779 = ORIENTED_EDGE ( 'NONE', *, *, #3686, .F. ) ;
#780 = DIRECTION ( 'NONE',  ( 0.000000000000000000, -1.000000000000000000, 0.000000000000000000 ) ) ;
#781 = DIRECTION ( 'NONE',  ( 0.000000000000000000, -0.000000000000000000, -1.000000000000000000 ) ) ;
#782 = FACE_OUTER_BOUND ( 'NONE', #3849, .T. ) ;
#783 = VERTEX_POINT ( 'NONE', #483 ) ;
#784 = ORIENTED_EDGE ( 'NONE', *, *, #769, .F. ) ;
#785 = DIRECTION ( 'NONE',  ( -1.000000000000000000, -0.000000000000000000, -0.000000000000000000 ) ) ;
#786 = CARTESIAN_POINT ( 'NONE',  ( 2.539999999999999591, 0.3999999999999501732, 2.870000000000000107 ) ) ;
#787 = CARTESIAN_POINT ( 'NONE',  ( 0.2999999999999999889, 3.040000000000000036, -1.069999999999999840 ) ) ;
#788 = EDGE_LOOP ( 'NONE', ( #1076, #1544, #984, #644 ) ) ;
#789 = CARTESIAN_POINT ( 'NONE',  ( 3.509999999999997566, 0.9699999999999587841, 10.09999999999999964 ) ) ;
#790 =( LENGTH_UNIT ( ) NAMED_UNIT ( * ) SI_UNIT ( .MILLI., .METRE. ) );
#791 = VERTEX_POINT ( 'NONE', #2943 ) ;
#792 = ADVANCED_FACE ( 'NONE', ( #2966 ), #4326, .F. ) ;
#793 = PLANE ( 'NONE',  #3228 ) ;
#794 = CARTESIAN_POINT ( 'NONE',  ( 5.079999999999999183, 0.000000000000000000, 11.36999999999999922 ) ) ;
#795 = ORIENTED_EDGE ( 'NONE', *, *, #3850, .F. ) ;
#796 = ORIENTED_EDGE ( 'NONE', *, *, #1581, .F. ) ;
#797 = ADVANCED_FACE ( 'NONE', ( #4375 ), #870, .F. ) ;
#798 = VECTOR ( 'NONE', #3458, 1000.000000000000000 ) ;
#799 = DIRECTION ( 'NONE',  ( 0.000000000000000000, -1.000000000000000000, 0.000000000000000000 ) ) ;
#800 = LINE ( 'NONE', #3213, #1460 ) ;
#801 = PLANE ( 'NONE',  #1976 ) ;
#802 = ORIENTED_EDGE ( 'NONE', *, *, #2685, .T. ) ;
#803 = VECTOR ( 'NONE', #3417, 1000.000000000000000 ) ;
#804 = ORIENTED_EDGE ( 'NONE', *, *, #3787, .F. ) ;
#805 = ORIENTED_EDGE ( 'NONE', *, *, #1913, .T. ) ;
#806 = DIRECTION ( 'NONE',  ( 0.000000000000000000, 0.000000000000000000, 1.000000000000000000 ) ) ;
#807 = VECTOR ( 'NONE', #44, 1000.000000000000114 ) ;
#808 = DIRECTION ( 'NONE',  ( -1.000000000000000000, -0.000000000000000000, -0.000000000000000000 ) ) ;
#809 = DIRECTION ( 'NONE',  ( -1.000000000000000000, 0.000000000000000000, -0.000000000000000000 ) ) ;
#810 = AXIS2_PLACEMENT_3D ( 'NONE', #3237, #113, #458 ) ;
#811 = EDGE_CURVE ( 'NONE', #3553, #2238, #555, .T. ) ;
#812 = EDGE_LOOP ( 'NONE', ( #3233, #4545, #752, #1621 ) ) ;
#813 = PLANE ( 'NONE',  #1837 ) ;
#814 = CARTESIAN_POINT ( 'NONE',  ( -0.9699999999999990852, 4.110000000000012754, 10.09999999999999964 ) ) ;
#815 = VECTOR ( 'NONE', #2919, 1000.000000000000000 ) ;
#816 = ORIENTED_EDGE ( 'NONE', *, *, #3696, .T. ) ;
#817 = SURFACE_SIDE_STYLE ('',( #3354 ) ) ;
#818 = DIRECTION ( 'NONE',  ( 0.000000000000000000, -0.7071067811865436870, -0.7071067811865513475 ) ) ;
#819 = ORIENTED_EDGE ( 'NONE', *, *, #1498, .T. ) ;
#820 = ORIENTED_EDGE ( 'NONE', *, *, #543, .T. ) ;
#821 = EDGE_CURVE ( 'NONE', #716, #1129, #3633, .T. ) ;
#822 = CARTESIAN_POINT ( 'NONE',  ( 2.540000000000000036, 5.079999999999999183, 11.36999999999999922 ) ) ;
#823 = EDGE_CURVE ( 'NONE', #338, #3869, #530, .T. ) ;
#824 = DIRECTION ( 'NONE',  ( -1.000000000000000000, 0.000000000000000000, 0.000000000000000000 ) ) ;
#825 = DIRECTION ( 'NONE',  ( 0.000000000000000000, 0.000000000000000000, -1.000000000000000000 ) ) ;
#826 = ORIENTED_EDGE ( 'NONE', *, *, #3983, .F. ) ;
#827 = VECTOR ( 'NONE', #4033, 1000.000000000000000 ) ;
#828 = ORIENTED_EDGE ( 'NONE', *, *, #3941, .F. ) ;
#829 = PLANE ( 'NONE',  #4066 ) ;
#830 = ADVANCED_FACE ( 'NONE', ( #3980 ), #829, .F. ) ;
#831 = LINE ( 'NONE', #1899, #2365 ) ;
#832 = AXIS2_PLACEMENT_3D ( 'NONE', #2033, #3442, #1702 ) ;
#833 = CARTESIAN_POINT ( 'NONE',  ( 3.509999999999997566, 4.110000000000012754, 10.09999999999999964 ) ) ;
#834 = ORIENTED_EDGE ( 'NONE', *, *, #875, .F. ) ;
#835 = DIRECTION ( 'NONE',  ( -0.5773502691896278405, 0.5773502691896278405, 0.5773502691896216232 ) ) ;
#836 = PRESENTATION_STYLE_ASSIGNMENT (( #22 ) ) ;
#837 = VERTEX_POINT ( 'NONE', #3305 ) ;
#838 = CARTESIAN_POINT ( 'NONE',  ( -3.509999999999999343, 1.569999999999958540, 10.97000000000000242 ) ) ;
#839 = FACE_OUTER_BOUND ( 'NONE', #1951, .T. ) ;
#840 = ADVANCED_FACE ( 'NONE', ( #2640 ), #916, .T. ) ;
#841 = ORIENTED_EDGE ( 'NONE', *, *, #1277, .T. ) ;
#842 = ORIENTED_EDGE ( 'NONE', *, *, #3024, .T. ) ;
#843 = DIRECTION ( 'NONE',  ( 1.000000000000000000, 0.000000000000000000, 0.000000000000000000 ) ) ;
#844 = DIRECTION ( 'NONE',  ( 0.000000000000000000, -1.000000000000000000, 0.000000000000000000 ) ) ;
#845 = FACE_OUTER_BOUND ( 'NONE', #329, .T. ) ;
#846 = ORIENTED_EDGE ( 'NONE', *, *, #1242, .T. ) ;
#847 = EDGE_LOOP ( 'NONE', ( #3668, #1188, #1721, #1383 ) ) ;
#848 = DIRECTION ( 'NONE',  ( 0.000000000000000000, 5.870001876866951339E-15, 1.000000000000000000 ) ) ;
#849 = LINE ( 'NONE', #3654, #1195 ) ;
#850 = CARTESIAN_POINT ( 'NONE',  ( 5.330000000000000959, 0.5364888378497735255, 3.245000000000000551 ) ) ;
#851 = EDGE_CURVE ( 'NONE', #4053, #2999, #1876, .T. ) ;
#852 = VERTEX_POINT ( 'NONE', #1197 ) ;
#853 = DIRECTION ( 'NONE',  ( -0.000000000000000000, -0.000000000000000000, 1.000000000000000000 ) ) ;
#854 = DIRECTION ( 'NONE',  ( 1.000000000000000000, 0.000000000000000000, 0.000000000000000000 ) ) ;
#855 = LINE ( 'NONE', #492, #4034 ) ;
#856 = EDGE_LOOP ( 'NONE', ( #3127, #3281, #330, #778 ) ) ;
#857 = LINE ( 'NONE', #3734, #3525 ) ;
#858 = EDGE_CURVE ( 'NONE', #228, #4408, #2598, .T. ) ;
#859 = CARTESIAN_POINT ( 'NONE',  ( 0.000000000000000000, -4.989501595336908954E-14, 2.870000000000000107 ) ) ;
#860 = ORIENTED_EDGE ( 'NONE', *, *, #3172, .T. ) ;
#861 = ORIENTED_EDGE ( 'NONE', *, *, #3401, .T. ) ;
#862 = CARTESIAN_POINT ( 'NONE',  ( -2.540000000000000036, 1.969999999999960449, 11.36999999999999922 ) ) ;
#863 = DIRECTION ( 'NONE',  ( -1.000000000000000000, -0.000000000000000000, -0.000000000000000000 ) ) ;
#864 = DIRECTION ( 'NONE',  ( -0.000000000000000000, -0.3420201433256628842, -0.9396926207859104263 ) ) ;
#865 = VECTOR ( 'NONE', #2405, 1000.000000000000000 ) ;
#866 = VERTEX_POINT ( 'NONE', #1922 ) ;
#867 = UNCERTAINTY_MEASURE_WITH_UNIT (LENGTH_MEASURE( 1.000000000000000082E-05 ), #1356, 'distance_accuracy_value', 'NONE');
#868 = ORIENTED_EDGE ( 'NONE', *, *, #2702, .T. ) ;
#869 = VECTOR ( 'NONE', #3617, 1000.000000000000000 ) ;
#870 = PLANE ( 'NONE',  #3182 ) ;
#871 = DIRECTION ( 'NONE',  ( -0.000000000000000000, -1.000000000000000000, -1.084202172485506406E-15 ) ) ;
#872 = PRODUCT_RELATED_PRODUCT_CATEGORY ( 'part', '', ( #4081 ) ) ;
#873 = CARTESIAN_POINT ( 'NONE',  ( 4.110000000000001208, 1.569999999999958540, 10.09999999999999964 ) ) ;
#874 = AXIS2_PLACEMENT_3D ( 'NONE', #2844, #4257, #1832 ) ;
#875 = EDGE_CURVE ( 'NONE', #3651, #3695, #117, .T. ) ;
#876 = EDGE_LOOP ( 'NONE', ( #940, #523, #1526, #1400 ) ) ;
#877 = AXIS2_PLACEMENT_3D ( 'NONE', #1068, #2464, #4158 ) ;
#878 = EDGE_CURVE ( 'NONE', #201, #3874, #507, .T. ) ;
#879 = LINE ( 'NONE', #1204, #2056 ) ;
#880 = DIRECTION ( 'NONE',  ( 0.000000000000000000, 0.000000000000000000, -1.000000000000000000 ) ) ;
#881 = VECTOR ( 'NONE', #4014, 1000.000000000000000 ) ;
#882 = EDGE_CURVE ( 'NONE', #1407, #2130, #3283, .T. ) ;
#883 = ORIENTED_EDGE ( 'NONE', *, *, #4493, .T. ) ;
#884 = VECTOR ( 'NONE', #3086, 1000.000000000000000 ) ;
#885 = DIRECTION ( 'NONE',  ( 1.000000000000000000, 0.000000000000000000, 0.000000000000000000 ) ) ;
#886 = DIRECTION ( 'NONE',  ( -1.000000000000000000, 0.000000000000000000, 0.000000000000000000 ) ) ;
#887 = ORIENTED_EDGE ( 'NONE', *, *, #4190, .F. ) ;
#888 = ORIENTED_EDGE ( 'NONE', *, *, #4423, .F. ) ;
#889 = FACE_OUTER_BOUND ( 'NONE', #1762, .T. ) ;
#890 = DIRECTION ( 'NONE',  ( 1.000000000000000000, 0.000000000000000000, 0.000000000000000000 ) ) ;
#891 = DIRECTION ( 'NONE',  ( 0.000000000000000000, 0.000000000000000000, -1.000000000000000000 ) ) ;
#892 = APPLICATION_PROTOCOL_DEFINITION ( 'draft international standard', 'automotive_design', 1998, #4355 ) ;
#893 = VERTEX_POINT ( 'NONE', #1538 ) ;
#894 = CARTESIAN_POINT ( 'NONE',  ( -5.080000000000000071, -4.989501595336908954E-14, 2.870000000000000107 ) ) ;
#895 = DIRECTION ( 'NONE',  ( -1.000000000000000000, 0.000000000000000000, 0.000000000000000000 ) ) ;
#896 = CARTESIAN_POINT ( 'NONE',  ( -0.1908089297201394918, -3.149999999999999911, 1.069999999999999618 ) ) ;
#897 = AXIS2_PLACEMENT_3D ( 'NONE', #1814, #1151, #3872 ) ;
#898 = VERTEX_POINT ( 'NONE', #894 ) ;
#899 = PRODUCT_DEFINITION_SHAPE ( 'NONE', 'NONE',  #2304 ) ;
#900 = ORIENTED_EDGE ( 'NONE', *, *, #4207, .T. ) ;
#901 = VECTOR ( 'NONE', #4417, 1000.000000000000000 ) ;
#902 = CARTESIAN_POINT ( 'NONE',  ( -1.570000000000002283, 1.569999999999958540, 10.97000000000000242 ) ) ;
#903 = DIRECTION ( 'NONE',  ( 0.000000000000000000, -0.000000000000000000, -1.000000000000000000 ) ) ;
#904 = ORIENTED_EDGE ( 'NONE', *, *, #2932, .F. ) ;
#905 = STYLED_ITEM ( 'NONE', ( #836 ), #1454 ) ;
#906 = FILL_AREA_STYLE ('',( #3665 ) ) ;
#907 = CARTESIAN_POINT ( 'NONE',  ( 1.570000000000001172, 1.569999999999958540, 10.09999999999999964 ) ) ;
#908 = VERTEX_POINT ( 'NONE', #465 ) ;
#909 = ORIENTED_EDGE ( 'NONE', *, *, #2108, .T. ) ;
#910 = EDGE_CURVE ( 'NONE', #3797, #4172, #3701, .T. ) ;
#911 = APPLICATION_CONTEXT ( 'automotive_design' ) ;
#912 = CARTESIAN_POINT ( 'NONE',  ( 2.540000000000000036, 4.510000000000014886, 11.36999999999999922 ) ) ;
#913 = PLANE ( 'NONE',  #1823 ) ;
#914 = DIRECTION ( 'NONE',  ( 0.000000000000000000, -1.000000000000000000, 0.000000000000000000 ) ) ;
#915 = ORIENTED_EDGE ( 'NONE', *, *, #1657, .F. ) ;
#916 = PLANE ( 'NONE',  #98 ) ;
#917 = EDGE_CURVE ( 'NONE', #3511, #1223, #2665, .T. ) ;
#918 = DIRECTION ( 'NONE',  ( 0.000000000000000000, -0.3420201433256411239, 0.9396926207859184199 ) ) ;
#919 = CARTESIAN_POINT ( 'NONE',  ( -0.2999999999999999889, 0.000000000000000000, 0.000000000000000000 ) ) ;
#920 = VERTEX_POINT ( 'NONE', #2915 ) ;
#921 = VERTEX_POINT ( 'NONE', #1965 ) ;
#922 = LINE ( 'NONE', #578, #2424 ) ;
#923 = CARTESIAN_POINT ( 'NONE',  ( 0.2999999999999999889, 0.000000000000000000, 0.000000000000000000 ) ) ;
#924 = DIRECTION ( 'NONE',  ( 0.7071067811865436870, 0.000000000000000000, -0.7071067811865513475 ) ) ;
#925 = SHAPE_REPRESENTATION_RELATIONSHIP ( 'NONE' , 'NONE' ,  #1385, #4039 ) ;
#926 = EDGE_LOOP ( 'NONE', ( #3953, #3687, #1948, #3171 ) ) ;
#927 = ORIENTED_EDGE ( 'NONE', *, *, #4395, .F. ) ;
#928 = CARTESIAN_POINT ( 'NONE',  ( -1.570000000000002283, 0.9699999999999587841, 10.97000000000000242 ) ) ;
#929 = ADVANCED_FACE ( 'NONE', ( #3057 ), #4497, .F. ) ;
#930 = ORIENTED_EDGE ( 'NONE', *, *, #996, .T. ) ;
#931 = ORIENTED_EDGE ( 'NONE', *, *, #1000, .T. ) ;
#932 = DIRECTION ( 'NONE',  ( 0.000000000000000000, 1.082302103395239435E-16, 1.000000000000000000 ) ) ;
#933 = CARTESIAN_POINT ( 'NONE',  ( -0.2999999999999999889, -2.849999999999998312, -0.000000000000000000 ) ) ;
#934 = CARTESIAN_POINT ( 'NONE',  ( -0.1908089297201392420, -3.149999999999999911, -1.470000000000000639 ) ) ;
#935 = ADVANCED_FACE ( 'NONE', ( #2737 ), #4121, .F. ) ;
#936 = ORIENTED_EDGE ( 'NONE', *, *, #3403, .F. ) ;
#937 = DIRECTION ( 'NONE',  ( 0.000000000000000000, -1.084202172485506406E-15, 1.000000000000000000 ) ) ;
#938 = CARTESIAN_POINT ( 'NONE',  ( 5.079999999999999183, 4.510000000000014886, 11.36999999999999922 ) ) ;
#939 = DIRECTION ( 'NONE',  ( 1.000000000000000000, 0.000000000000000000, -0.000000000000000000 ) ) ;
#940 = ORIENTED_EDGE ( 'NONE', *, *, #202, .T. ) ;
#941 = PRESENTATION_LAYER_ASSIGNMENT (  '', '', ( #2262 ) ) ;
#942 = ORIENTED_EDGE ( 'NONE', *, *, #1352, .F. ) ;
#943 = LINE ( 'NONE', #3585, #1489 ) ;
#944 = VECTOR ( 'NONE', #1311, 1000.000000000000000 ) ;
#945 = CARTESIAN_POINT ( 'NONE',  ( 0.000000000000000000, 4.679999999999999716, 2.869999999999999662 ) ) ;
#946 = FACE_OUTER_BOUND ( 'NONE', #102, .T. ) ;
#947 = COLOUR_RGB ( '',0.2509803921568627416, 0.2509803921568627416, 0.2509803921568627416 ) ;
#948 = VERTEX_POINT ( 'NONE', #2334 ) ;
#949 = DIRECTION ( 'NONE',  ( -0.5773502691896278405, 0.5773502691896278405, 0.5773502691896216232 ) ) ;
#950 = CARTESIAN_POINT ( 'NONE',  ( -5.080000000000000071, 4.679999999999999716, 2.869999999999999662 ) ) ;
#951 = AXIS2_PLACEMENT_3D ( 'NONE', #3982, #1479, #3566 ) ;
#952 = FACE_OUTER_BOUND ( 'NONE', #2468, .T. ) ;
#953 = ORIENTED_EDGE ( 'NONE', *, *, #3772, .T. ) ;
#954 = ORIENTED_EDGE ( 'NONE', *, *, #149, .F. ) ;
#955 = VECTOR ( 'NONE', #3367, 1000.000000000000000 ) ;
#956 = ORIENTED_EDGE ( 'NONE', *, *, #4084, .F. ) ;
#957 = DIRECTION ( 'NONE',  ( 1.000000000000000000, 0.000000000000000000, 0.000000000000000000 ) ) ;
#958 = LINE ( 'NONE', #933, #661 ) ;
#959 = LINE ( 'NONE', #3465, #865 ) ;
#960 = ORIENTED_EDGE ( 'NONE', *, *, #3549, .F. ) ;
#961 = EDGE_CURVE ( 'NONE', #3695, #2930, #1338, .T. ) ;
#962 = EDGE_CURVE ( 'NONE', #4105, #2341, #1380, .T. ) ;
#963 = EDGE_CURVE ( 'NONE', #1936, #4100, #1036, .T. ) ;
#964 = CARTESIAN_POINT ( 'NONE',  ( -5.330000000000000959, 5.079999999999999183, 2.870000000000000107 ) ) ;
#965 = LINE ( 'NONE', #2014, #2212 ) ;
#966 = DIRECTION ( 'NONE',  ( -0.5773502691896278405, -0.5773502691896278405, -0.5773502691896216232 ) ) ;
#967 = ORIENTED_EDGE ( 'NONE', *, *, #2742, .F. ) ;
#968 = EDGE_CURVE ( 'NONE', #2830, #4464, #623, .T. ) ;
#969 = ORIENTED_EDGE ( 'NONE', *, *, #3411, .T. ) ;
#970 = DIRECTION ( 'NONE',  ( -0.000000000000000000, -0.000000000000000000, 1.000000000000000000 ) ) ;
#971 = PRODUCT_DEFINITION_SHAPE ( 'NONE', 'NONE',  #4565 ) ;
#972 = CARTESIAN_POINT ( 'NONE',  ( -0.2999999999999999889, 4.010000000000000675, -0.4999999999999996669 ) ) ;
#973 = VECTOR ( 'NONE', #4400, 1000.000000000000000 ) ;
#974 = LINE ( 'NONE', #3785, #5 ) ;
#975 = DIRECTION ( 'NONE',  ( 0.000000000000000000, 0.000000000000000000, 1.000000000000000000 ) ) ;
#976 = VECTOR ( 'NONE', #1011, 1000.000000000000000 ) ;
#977 = PLANE ( 'NONE',  #3369 ) ;
#978 = CARTESIAN_POINT ( 'NONE',  ( -0.1908089297201394641, -3.149999999999999911, 1.069999999999999618 ) ) ;
#979 = AXIS2_PLACEMENT_3D ( 'NONE', #964, #937, #4441 ) ;
#980 = PLANE ( 'NONE',  #3150 ) ;
#981 = ORIENTED_EDGE ( 'NONE', *, *, #150, .F. ) ;
#982 = VERTEX_POINT ( 'NONE', #3798 ) ;
#983 = VECTOR ( 'NONE', #1740, 1000.000000000000000 ) ;
#984 = ORIENTED_EDGE ( 'NONE', *, *, #1553, .F. ) ;
#985 = SURFACE_SIDE_STYLE ('',( #297 ) ) ;
#986 = EDGE_CURVE ( 'NONE', #1256, #2299, #3034, .T. ) ;
#987 = DIRECTION ( 'NONE',  ( -0.000000000000000000, -1.000000000000000000, -0.000000000000000000 ) ) ;
#988 = CARTESIAN_POINT ( 'NONE',  ( 0.5699999999999958433, 0.5699999999999568745, 11.36999999999999922 ) ) ;
#989 = ORIENTED_EDGE ( 'NONE', *, *, #878, .F. ) ;
#990 = DIRECTION ( 'NONE',  ( 1.000000000000000000, -0.000000000000000000, -0.000000000000000000 ) ) ;
#991 = CARTESIAN_POINT ( 'NONE',  ( -5.330000000000000959, 5.079999999999999183, 11.36999999999999922 ) ) ;
#992 = CARTESIAN_POINT ( 'NONE',  ( 3.909999999999998366, 1.369999999999956142, 10.77000000000000135 ) ) ;
#993 = ORIENTED_EDGE ( 'NONE', *, *, #1634, .T. ) ;
#994 = ORIENTED_EDGE ( 'NONE', *, *, #1657, .T. ) ;
#995 = PLANE ( 'NONE',  #2443 ) ;
#996 = EDGE_CURVE ( 'NONE', #3898, #2426, #3822, .T. ) ;
#997 = LINE ( 'NONE', #3158, #534 ) ;
#998 = FACE_OUTER_BOUND ( 'NONE', #3276, .T. ) ;
#999 =( NAMED_UNIT ( * ) SI_UNIT ( $, .STERADIAN. ) SOLID_ANGLE_UNIT ( ) );
#1000 = EDGE_CURVE ( 'NONE', #3700, #2998, #4191, .T. ) ;
#1001 = DIRECTION ( 'NONE',  ( -0.5773502691896278405, 0.5773502691896278405, -0.5773502691896216232 ) ) ;
#1002 = CARTESIAN_POINT ( 'NONE',  ( -0.2999999999999999889, 0.5000000000000000000, 2.040000000000000036 ) ) ;
#1003 = CARTESIAN_POINT ( 'NONE',  ( -5.330000000000000959, 0.3999999999999501732, 2.870000000000000107 ) ) ;
#1004 = EDGE_LOOP ( 'NONE', ( #342, #2448, #3710, #2317 ) ) ;
#1005 = VERTEX_POINT ( 'NONE', #2407 ) ;
#1006 = LINE ( 'NONE', #3077, #1275 ) ;
#1007 = DIRECTION ( 'NONE',  ( 0.000000000000000000, -0.3420201433256412349, 0.9396926207859185309 ) ) ;
#1008 = CARTESIAN_POINT ( 'NONE',  ( -2.540000000000000036, 5.079999999999999183, 2.870000000000000107 ) ) ;
#1009 = ORIENTED_EDGE ( 'NONE', *, *, #2068, .F. ) ;
#1010 = EDGE_CURVE ( 'NONE', #269, #2873, #3420, .T. ) ;
#1011 = DIRECTION ( 'NONE',  ( -1.000000000000000000, -0.000000000000000000, -0.000000000000000000 ) ) ;
#1012 = CARTESIAN_POINT ( 'NONE',  ( -2.540000000000000036, 5.079999999999999183, 2.870000000000000107 ) ) ;
#1013 = DIRECTION ( 'NONE',  ( 1.000000000000000000, 0.000000000000000000, -0.000000000000000000 ) ) ;
#1014 = ORIENTED_EDGE ( 'NONE', *, *, #2141, .F. ) ;
#1015 = ORIENTED_EDGE ( 'NONE', *, *, #2591, .F. ) ;
#1016 = FACE_OUTER_BOUND ( 'NONE', #4485, .T. ) ;
#1017 = CARTESIAN_POINT ( 'NONE',  ( -0.2999999999999999889, 4.010000000000000675, -0.4999999999999996669 ) ) ;
#1018 = DIRECTION ( 'NONE',  ( 0.000000000000000000, -0.000000000000000000, -1.000000000000000000 ) ) ;
#1019 = CIRCLE ( 'NONE', #4044, 0.9700000000000004174 ) ;
#1020 = EDGE_CURVE ( 'NONE', #852, #3869, #600, .T. ) ;
#1021 = ADVANCED_FACE ( 'NONE', ( #1286 ), #325, .F. ) ;
#1022 = FACE_OUTER_BOUND ( 'NONE', #3630, .T. ) ;
#1023 = FACE_OUTER_BOUND ( 'NONE', #88, .T. ) ;
#1024 = EDGE_CURVE ( 'NONE', #1172, #4016, #3107, .T. ) ;
#1025 = AXIS2_PLACEMENT_3D ( 'NONE', #3065, #1320, #313 ) ;
#1026 = DIRECTION ( 'NONE',  ( 1.000000000000000000, 0.000000000000000000, 0.000000000000000000 ) ) ;
#1027 = VECTOR ( 'NONE', #1671, 1000.000000000000000 ) ;
#1028 = ORIENTED_EDGE ( 'NONE', *, *, #3461, .T. ) ;
#1029 = VECTOR ( 'NONE', #4180, 999.9999999999998863 ) ;
#1030 = DIRECTION ( 'NONE',  ( -0.5773502691896278405, 0.5773502691896278405, 0.5773502691896216232 ) ) ;
#1031 = DIRECTION ( 'NONE',  ( -1.000000000000000000, -0.000000000000000000, -0.000000000000000000 ) ) ;
#1032 = DIRECTION ( 'NONE',  ( -0.7071067811865436870, -0.000000000000000000, -0.7071067811865513475 ) ) ;
#1033 = EDGE_LOOP ( 'NONE', ( #1735, #2012, #3624, #2523 ) ) ;
#1034 = AXIS2_PLACEMENT_3D ( 'NONE', #4267, #2897, #3612 ) ;
#1035 = AXIS2_PLACEMENT_3D ( 'NONE', #352, #1707, #1344 ) ;
#1036 = LINE ( 'NONE', #3084, #4218 ) ;
#1037 = DIRECTION ( 'NONE',  ( 0.000000000000000000, -0.3420201433256628842, -0.9396926207859104263 ) ) ;
#1038 = DIRECTION ( 'NONE',  ( 0.000000000000000000, -0.9396926207859105373, 0.3420201433256629397 ) ) ;
#1039 = ORIENTED_EDGE ( 'NONE', *, *, #882, .T. ) ;
#1040 = ORIENTED_EDGE ( 'NONE', *, *, #1298, .F. ) ;
#1041 = DIRECTION ( 'NONE',  ( 0.000000000000000000, -0.000000000000000000, -1.000000000000000000 ) ) ;
#1042 = LINE ( 'NONE', #3804, #1346 ) ;
#1043 =( NAMED_UNIT ( * ) SI_UNIT ( $, .STERADIAN. ) SOLID_ANGLE_UNIT ( ) );
#1044 = DIRECTION ( 'NONE',  ( 0.000000000000000000, 0.000000000000000000, 1.000000000000000000 ) ) ;
#1045 = PLANE ( 'NONE',  #1535 ) ;
#1046 = CARTESIAN_POINT ( 'NONE',  ( 5.079999999999999183, 5.079999999999999183, 2.870000000000000107 ) ) ;
#1047 = FACE_OUTER_BOUND ( 'NONE', #1098, .T. ) ;
#1048 = VECTOR ( 'NONE', #895, 1000.000000000000000 ) ;
#1049 = EDGE_CURVE ( 'NONE', #2873, #20, #1360, .T. ) ;
#1050 = ORIENTED_EDGE ( 'NONE', *, *, #3922, .T. ) ;
#1051 = VECTOR ( 'NONE', #4005, 1000.000000000000000 ) ;
#1052 = CARTESIAN_POINT ( 'NONE',  ( 1.570000000000001172, 1.569999999999958540, 10.97000000000000242 ) ) ;
#1053 = DIRECTION ( 'NONE',  ( -1.000000000000000000, -0.000000000000000000, -0.000000000000000000 ) ) ;
#1054 = LINE ( 'NONE', #2128, #2858 ) ;
#1055 = ORIENTED_EDGE ( 'NONE', *, *, #1923, .T. ) ;
#1056 = VERTEX_POINT ( 'NONE', #3469 ) ;
#1057 = EDGE_CURVE ( 'NONE', #3877, #540, #4169, .T. ) ;
#1058 = MECHANICAL_DESIGN_GEOMETRIC_PRESENTATION_REPRESENTATION (  '', ( #905 ), #3398 ) ;
#1059 = CARTESIAN_POINT ( 'NONE',  ( -5.080000000000000071, 4.679999999999999716, 2.869999999999999662 ) ) ;
#1060 = PLANE ( 'NONE',  #2923 ) ;
#1061 = CARTESIAN_POINT ( 'NONE',  ( 0.000000000000000000, 0.3999999999999501732, 2.870000000000000107 ) ) ;
#1062 = ORIENTED_EDGE ( 'NONE', *, *, #2191, .F. ) ;
#1063 = ADVANCED_FACE ( 'NONE', ( #2064 ), #571, .F. ) ;
#1064 = ORIENTED_EDGE ( 'NONE', *, *, #2984, .T. ) ;
#1065 =( REPRESENTATION_RELATIONSHIP ('NONE','NONE', #3733, #3259 ) REPRESENTATION_RELATIONSHIP_WITH_TRANSFORMATION ( #503 )SHAPE_REPRESENTATION_RELATIONSHIP( ) );
#1066 = CARTESIAN_POINT ( 'NONE',  ( -3.509999999999999343, 3.510000000000013110, 10.97000000000000242 ) ) ;
#1067 = DIRECTION ( 'NONE',  ( 0.000000000000000000, -1.000000000000000000, 0.000000000000000000 ) ) ;
#1068 = CARTESIAN_POINT ( 'NONE',  ( -0.9699999999999990852, 3.510000000000013110, 10.09999999999999964 ) ) ;
#1069 = ORIENTED_EDGE ( 'NONE', *, *, #3263, .T. ) ;
#1070 = DIRECTION ( 'NONE',  ( 0.5773502691896278405, 0.5773502691896278405, 0.5773502691896216232 ) ) ;
#1071 = DIRECTION ( 'NONE',  ( 0.000000000000000000, 1.000000000000000000, 0.000000000000000000 ) ) ;
#1072 = EDGE_LOOP ( 'NONE', ( #4241, #1472, #4434, #2079 ) ) ;
#1073 = CARTESIAN_POINT ( 'NONE',  ( 1.570000000000001172, 0.9699999999999587841, 10.09999999999999964 ) ) ;
#1074 = DIRECTION ( 'NONE',  ( 0.000000000000000000, 0.000000000000000000, 1.000000000000000000 ) ) ;
#1075 = CARTESIAN_POINT ( 'NONE',  ( -0.2999999999999999889, -2.849999999999997424, 1.470000000000000639 ) ) ;
#1076 = ORIENTED_EDGE ( 'NONE', *, *, #1473, .T. ) ;
#1077 = ADVANCED_FACE ( 'NONE', ( #3396 ), #1309, .T. ) ;
#1078 = CARTESIAN_POINT ( 'NONE',  ( 0.2999999999999999889, 4.009999999999999787, 3.245000000000000551 ) ) ;
#1079 = EDGE_CURVE ( 'NONE', #1592, #155, #2105, .T. ) ;
#1080 = LINE ( 'NONE', #2134, #1317 ) ;
#1081 = DIRECTION ( 'NONE',  ( -0.000000000000000000, 1.000000000000000000, 0.000000000000000000 ) ) ;
#1082 = ORIENTED_EDGE ( 'NONE', *, *, #1565, .F. ) ;
#1083 = ORIENTED_EDGE ( 'NONE', *, *, #3602, .T. ) ;
#1084 = CARTESIAN_POINT ( 'NONE',  ( -4.110000000000002984, 3.510000000000013110, 10.09999999999999964 ) ) ;
#1085 = DIRECTION ( 'NONE',  ( -0.000000000000000000, 0.000000000000000000, -1.000000000000000000 ) ) ;
#1086 = LINE ( 'NONE', #3543, #374 ) ;
#1087 = ORIENTED_EDGE ( 'NONE', *, *, #1107, .T. ) ;
#1088 = PLANE ( 'NONE',  #225 ) ;
#1089 = VECTOR ( 'NONE', #1692, 1000.000000000000000 ) ;
#1090 = CARTESIAN_POINT ( 'NONE',  ( -2.540000000000000036, 5.079999999999999183, 11.36999999999999922 ) ) ;
#1091 = ADVANCED_FACE ( 'NONE', ( #3578 ), #2133, .F. ) ;
#1092 =( GEOMETRIC_REPRESENTATION_CONTEXT ( 3 ) GLOBAL_UNCERTAINTY_ASSIGNED_CONTEXT ( ( #185 ) ) GLOBAL_UNIT_ASSIGNED_CONTEXT ( ( #790, #3270, #450 ) ) REPRESENTATION_CONTEXT ( 'NONE', 'WORKASPACE' ) );
#1093 = ORIENTED_EDGE ( 'NONE', *, *, #3713, .F. ) ;
#1094 = VECTOR ( 'NONE', #863, 1000.000000000000000 ) ;
#1095 = DIRECTION ( 'NONE',  ( 0.000000000000000000, -1.000000000000000000, 0.000000000000000000 ) ) ;
#1096 = DIRECTION ( 'NONE',  ( -0.000000000000000000, -0.3420201433256628842, -0.9396926207859104263 ) ) ;
#1097 = EDGE_LOOP ( 'NONE', ( #2804, #2586, #1560, #2406 ) ) ;
#1098 = EDGE_LOOP ( 'NONE', ( #2555, #1798, #828, #4004 ) ) ;
#1099 = AXIS2_PLACEMENT_3D ( 'NONE', #283, #312, #1686 ) ;
#1100 = FACE_OUTER_BOUND ( 'NONE', #1300, .T. ) ;
#1101 = DIRECTION ( 'NONE',  ( -0.000000000000000000, -0.000000000000000000, 1.000000000000000000 ) ) ;
#1102 = DIRECTION ( 'NONE',  ( 0.7071067811865436870, 0.000000000000000000, -0.7071067811865513475 ) ) ;
#1103 = ADVANCED_FACE ( 'NONE', ( #3507 ), #2842, .F. ) ;
#1104 = VECTOR ( 'NONE', #2575, 1000.000000000000000 ) ;
#1105 = ADVANCED_FACE ( 'NONE', ( #1100 ), #759, .F. ) ;
#1106 = ORIENTED_EDGE ( 'NONE', *, *, #660, .F. ) ;
#1107 = EDGE_CURVE ( 'NONE', #1163, #269, #1123, .T. ) ;
#1108 = VECTOR ( 'NONE', #1618, 1000.000000000000000 ) ;
#1109 = VERTEX_POINT ( 'NONE', #1078 ) ;
#1110 = CARTESIAN_POINT ( 'NONE',  ( 5.330000000000000959, -4.989501595336908954E-14, 2.870000000000000107 ) ) ;
#1111 = DIRECTION ( 'NONE',  ( 0.000000000000000000, -1.084202172485506603E-15, 1.000000000000000000 ) ) ;
#1112 = DIRECTION ( 'NONE',  ( 0.000000000000000000, -1.000000000000000000, 1.082302103395239435E-16 ) ) ;
#1113 = EDGE_CURVE ( 'NONE', #2472, #3387, #3929, .T. ) ;
#1114 = ORIENTED_EDGE ( 'NONE', *, *, #1248, .T. ) ;
#1115 = DIRECTION ( 'NONE',  ( 1.000000000000000000, -0.000000000000000000, 0.000000000000000000 ) ) ;
#1116 = LINE ( 'NONE', #2993, #1458 ) ;
#1117 = ORIENTED_EDGE ( 'NONE', *, *, #3713, .T. ) ;
#1118 = CARTESIAN_POINT ( 'NONE',  ( -4.110000000000002984, 0.9699999999999587841, 10.09999999999999964 ) ) ;
#1119 = VECTOR ( 'NONE', #4327, 1000.000000000000000 ) ;
#1120 = CARTESIAN_POINT ( 'NONE',  ( -1.570000000000002283, 1.569999999999958540, 10.97000000000000242 ) ) ;
#1121 = ORIENTED_EDGE ( 'NONE', *, *, #3267, .F. ) ;
#1122 = VECTOR ( 'NONE', #4465, 1000.000000000000000 ) ;
#1123 = LINE ( 'NONE', #3865, #1715 ) ;
#1124 = DIRECTION ( 'NONE',  ( 1.000000000000000000, 0.000000000000000000, 0.000000000000000000 ) ) ;
#1125 = CARTESIAN_POINT ( 'NONE',  ( 0.000000000000000000, 0.000000000000000000, 0.000000000000000000 ) ) ;
#1127 = AXIS2_PLACEMENT_3D ( 'NONE', #2009, #1957, #3463 ) ;
#1126 =( LENGTH_UNIT ( ) NAMED_UNIT ( * ) SI_UNIT ( .MILLI., .METRE. ) );
#1128 = VERTEX_POINT ( 'NONE', #3488 ) ;
#1129 = VERTEX_POINT ( 'NONE', #3173 ) ;
#1130 = LINE ( 'NONE', #2525, #2293 ) ;
#1131 = DIRECTION ( 'NONE',  ( 0.000000000000000000, -1.000000000000000000, 0.000000000000000000 ) ) ;
#1132 = LINE ( 'NONE', #2527, #1616 ) ;
#1133 = EDGE_CURVE ( 'NONE', #3663, #3136, #4519, .T. ) ;
#1134 = ORIENTED_EDGE ( 'NONE', *, *, #3657, .T. ) ;
#1135 = CARTESIAN_POINT ( 'NONE',  ( -2.540000000000000036, 0.3999999999999501732, 2.870000000000000107 ) ) ;
#1136 = EDGE_CURVE ( 'NONE', #2688, #1153, #3908, .T. ) ;
#1137 = CARTESIAN_POINT ( 'NONE',  ( 0.000000000000000000, 0.000000000000000000, 11.36999999999999922 ) ) ;
#1138 = ORIENTED_EDGE ( 'NONE', *, *, #21, .T. ) ;
#1139 = FACE_OUTER_BOUND ( 'NONE', #733, .T. ) ;
#1140 = DIRECTION ( 'NONE',  ( -0.000000000000000000, -0.000000000000000000, 1.000000000000000000 ) ) ;
#1141 = ORIENTED_EDGE ( 'NONE', *, *, #288, .F. ) ;
#1142 = ORIENTED_EDGE ( 'NONE', *, *, #1447, .F. ) ;
#1143 = LINE ( 'NONE', #3256, #2595 ) ;
#1144 = CARTESIAN_POINT ( 'NONE',  ( 0.9699999999999977529, 3.510000000000013110, 10.09999999999999964 ) ) ;
#1145 = FACE_OUTER_BOUND ( 'NONE', #2597, .T. ) ;
#1146 = DIRECTION ( 'NONE',  ( 0.000000000000000000, 0.000000000000000000, 1.000000000000000000 ) ) ;
#1147 = ORIENTED_EDGE ( 'NONE', *, *, #4466, .T. ) ;
#1148 = ADVANCED_FACE ( 'NONE', ( #2889 ), #431, .F. ) ;
#1149 = VERTEX_POINT ( 'NONE', #1808 ) ;
#1150 = CARTESIAN_POINT ( 'NONE',  ( 2.540000000000000036, 4.543511162150186244, 3.245000000000000107 ) ) ;
#1151 = DIRECTION ( 'NONE',  ( -0.000000000000000000, 1.000000000000000000, 0.000000000000000000 ) ) ;
#1152 = CARTESIAN_POINT ( 'NONE',  ( 3.509999999999997566, 1.569999999999958540, 10.09999999999999964 ) ) ;
#1153 = VERTEX_POINT ( 'NONE', #1790 ) ;
#1154 = DIRECTION ( 'NONE',  ( 0.000000000000000000, 0.000000000000000000, -1.000000000000000000 ) ) ;
#1155 = FACE_OUTER_BOUND ( 'NONE', #4337, .T. ) ;
#1156 = LINE ( 'NONE', #3312, #287 ) ;
#1157 = EDGE_CURVE ( 'NONE', #3874, #1463, #27, .T. ) ;
#1158 = EDGE_CURVE ( 'NONE', #711, #1005, #2155, .T. ) ;
#1159 = EDGE_CURVE ( 'NONE', #722, #3859, #3149, .T. ) ;
#1160 = ORIENTED_EDGE ( 'NONE', *, *, #1746, .T. ) ;
#1161 = LINE ( 'NONE', #107, #4042 ) ;
#1162 = LINE ( 'NONE', #1187, #1465 ) ;
#1163 = VERTEX_POINT ( 'NONE', #2865 ) ;
#1164 = ORIENTED_EDGE ( 'NONE', *, *, #2250, .T. ) ;
#1165 = AXIS2_PLACEMENT_3D ( 'NONE', #2383, #1032, #4144 ) ;
#1166 = VECTOR ( 'NONE', #340, 1000.000000000000000 ) ;
#1167 = FACE_OUTER_BOUND ( 'NONE', #3242, .T. ) ;
#1168 = PLANE ( 'NONE',  #585 ) ;
#1169 = LINE ( 'NONE', #715, #9 ) ;
#1170 = ORIENTED_EDGE ( 'NONE', *, *, #2922, .F. ) ;
#1171 = VECTOR ( 'NONE', #49, 1000.000000000000000 ) ;
#1172 = VERTEX_POINT ( 'NONE', #1490 ) ;
#1173 = DIRECTION ( 'NONE',  ( -1.000000000000000000, -0.000000000000000000, -0.000000000000000000 ) ) ;
#1174 = ADVANCED_FACE ( 'NONE', ( #4300 ), #2432, .F. ) ;
#1175 = VECTOR ( 'NONE', #1095, 1000.000000000000000 ) ;
#1176 = CARTESIAN_POINT ( 'NONE',  ( 0.1908089297201394641, -3.149999999999999911, 1.069999999999999618 ) ) ;
#1177 = DIRECTION ( 'NONE',  ( 0.000000000000000000, 1.000000000000000000, 0.000000000000000000 ) ) ;
#1178 = PRESENTATION_LAYER_ASSIGNMENT (  '', '', ( #3750 ) ) ;
#1179 = AXIS2_PLACEMENT_3D ( 'NONE', #4258, #1102, #1081 ) ;
#1180 = ORIENTED_EDGE ( 'NONE', *, *, #821, .F. ) ;
#1181 = DIRECTION ( 'NONE',  ( 0.000000000000000000, -1.000000000000000000, 0.000000000000000000 ) ) ;
#1182 = DIRECTION ( 'NONE',  ( -0.000000000000000000, -0.000000000000000000, 1.000000000000000000 ) ) ;
#1183 = VECTOR ( 'NONE', #2301, 1000.000000000000000 ) ;
#1184 = CARTESIAN_POINT ( 'NONE',  ( -0.1908089297201394641, -3.149999999999999911, 1.470000000000000639 ) ) ;
#1185 = ORIENTED_EDGE ( 'NONE', *, *, #3128, .T. ) ;
#1186 =( LENGTH_UNIT ( ) NAMED_UNIT ( * ) SI_UNIT ( .MILLI., .METRE. ) );
#1187 = CARTESIAN_POINT ( 'NONE',  ( -4.110000000000002984, 3.510000000000013110, 10.09999999999999964 ) ) ;
#1188 = ORIENTED_EDGE ( 'NONE', *, *, #2423, .F. ) ;
#1189 = ORIENTED_EDGE ( 'NONE', *, *, #770, .T. ) ;
#1190 = LINE ( 'NONE', #2194, #2885 ) ;
#1191 = DIRECTION ( 'NONE',  ( -1.000000000000000000, -0.000000000000000000, -0.000000000000000000 ) ) ;
#1192 = CARTESIAN_POINT ( 'NONE',  ( -4.110000000000002984, 3.510000000000013110, 10.09999999999999964 ) ) ;
#1193 = DIRECTION ( 'NONE',  ( 1.000000000000000000, 0.000000000000000000, 0.000000000000000000 ) ) ;
#1194 = ORIENTED_EDGE ( 'NONE', *, *, #1113, .T. ) ;
#1195 = VECTOR ( 'NONE', #3085, 1000.000000000000000 ) ;
#1196 = EDGE_LOOP ( 'NONE', ( #3842, #3056, #4501, #1289 ) ) ;
#1197 = CARTESIAN_POINT ( 'NONE',  ( 0.000000000000000000, 5.079999999999999183, 2.870000000000000107 ) ) ;
#1198 = LINE ( 'NONE', #2944, #3614 ) ;
#1199 = VECTOR ( 'NONE', #1580, 1000.000000000000114 ) ;
#1200 = DIRECTION ( 'NONE',  ( -0.000000000000000000, -0.000000000000000000, 1.000000000000000000 ) ) ;
#1201 = EDGE_CURVE ( 'NONE', #1172, #1751, #2086, .T. ) ;
#1202 = VECTOR ( 'NONE', #4369, 1000.000000000000000 ) ;
#1203 = VERTEX_POINT ( 'NONE', #1059 ) ;
#1204 = CARTESIAN_POINT ( 'NONE',  ( -3.509999999999999343, 3.510000000000013110, 10.09999999999999964 ) ) ;
#1205 = CARTESIAN_POINT ( 'NONE',  ( -1.170000000000001261, 1.169999999999961293, 10.77000000000000135 ) ) ;
#1206 = DIRECTION ( 'NONE',  ( 0.000000000000000000, 0.000000000000000000, -1.000000000000000000 ) ) ;
#1207 =( NAMED_UNIT ( * ) SI_UNIT ( $, .STERADIAN. ) SOLID_ANGLE_UNIT ( ) );
#1208 = DIRECTION ( 'NONE',  ( -0.000000000000000000, -1.000000000000000000, -0.000000000000000000 ) ) ;
#1209 = PRODUCT_DEFINITION_SHAPE ( 'NONE', 'NONE',  #3996 ) ;
#1210 = VERTEX_POINT ( 'NONE', #2456 ) ;
#1211 = VERTEX_POINT ( 'NONE', #713 ) ;
#1212 = LINE ( 'NONE', #862, #2667 ) ;
#1213 = CARTESIAN_POINT ( 'NONE',  ( 5.330000000000000959, 0.5364888378497735255, 3.245000000000000551 ) ) ;
#1214 = CARTESIAN_POINT ( 'NONE',  ( -0.2999999999999999889, 1.470000000000000417, 3.245000000000000551 ) ) ;
#1215 = CONTEXT_DEPENDENT_SHAPE_REPRESENTATION ( #3025, #971 ) ;
#1216 = ORIENTED_EDGE ( 'NONE', *, *, #1644, .T. ) ;
#1217 = ADVANCED_FACE ( 'NONE', ( #3001 ), #1233, .T. ) ;
#1218 = ADVANCED_FACE ( 'NONE', ( #1871 ), #2934, .F. ) ;
#1219 = ORIENTED_EDGE ( 'NONE', *, *, #4287, .T. ) ;
#1220 = DIRECTION ( 'NONE',  ( 0.000000000000000000, 1.000000000000000000, 0.000000000000000000 ) ) ;
#1221 = FACE_OUTER_BOUND ( 'NONE', #2026, .T. ) ;
#1222 = PLANE ( 'NONE',  #2860 ) ;
#1223 = VERTEX_POINT ( 'NONE', #130 ) ;
#1224 = LINE ( 'NONE', #3639, #4413 ) ;
#1225 = DIRECTION ( 'NONE',  ( -1.000000000000000000, 0.000000000000000000, 0.000000000000000000 ) ) ;
#1226 =( NAMED_UNIT ( * ) SI_UNIT ( $, .STERADIAN. ) SOLID_ANGLE_UNIT ( ) );
#1227 = ORIENTED_EDGE ( 'NONE', *, *, #1908, .F. ) ;
#1228 = PRODUCT ( 'PPPC022LJBN-RC_C04', 'PPPC022LJBN-RC_C04', '', ( #2981 ) ) ;
#1229 = CARTESIAN_POINT ( 'NONE',  ( 5.330000000000000959, -4.989501595336908954E-14, 2.870000000000000107 ) ) ;
#1230 = CARTESIAN_POINT ( 'NONE',  ( -0.2999999999999999889, 3.040000000000000036, -0.4999999999999997780 ) ) ;
#1231 = ORIENTED_EDGE ( 'NONE', *, *, #1473, .F. ) ;
#1232 = VERTEX_POINT ( 'NONE', #3648 ) ;
#1233 = PLANE ( 'NONE',  #3475 ) ;
#1234 = LINE ( 'NONE', #3998, #3224 ) ;
#1235 = FACE_OUTER_BOUND ( 'NONE', #3571, .T. ) ;
#1236 = CIRCLE ( 'NONE', #3286, 0.5699999999999997291 ) ;
#1237 = CONTEXT_DEPENDENT_SHAPE_REPRESENTATION ( #4443, #2940 ) ;
#1238 = ORIENTED_EDGE ( 'NONE', *, *, #2984, .F. ) ;
#1239 = VECTOR ( 'NONE', #85, 1000.000000000000000 ) ;
#1240 = DIRECTION ( 'NONE',  ( 0.000000000000000000, -5.870001876866951339E-15, -1.000000000000000000 ) ) ;
#1241 = EDGE_CURVE ( 'NONE', #1163, #4284, #1190, .T. ) ;
#1242 = EDGE_CURVE ( 'NONE', #3925, #4253, #2240, .T. ) ;
#1243 = DIRECTION ( 'NONE',  ( 0.000000000000000000, 1.000000000000000000, -5.870001876866950550E-15 ) ) ;
#1244 = DIRECTION ( 'NONE',  ( -1.000000000000000000, 0.000000000000000000, 0.000000000000000000 ) ) ;
#1245 = VECTOR ( 'NONE', #4238, 1000.000000000000000 ) ;
#1246 = EDGE_LOOP ( 'NONE', ( #967, #15, #3658, #1705 ) ) ;
#1247 = CARTESIAN_POINT ( 'NONE',  ( 0.000000000000000000, 5.079999999999999183, 11.36999999999999922 ) ) ;
#1248 = EDGE_CURVE ( 'NONE', #1822, #2435, #3697, .T. ) ;
#1249 = LINE ( 'NONE', #3041, #542 ) ;
#1250 = SURFACE_SIDE_STYLE ('',( #3592 ) ) ;
#1251 = ADVANCED_FACE ( 'NONE', ( #3671 ), #525, .F. ) ;
#1252 = ORIENTED_EDGE ( 'NONE', *, *, #3602, .F. ) ;
#1253 = CIRCLE ( 'NONE', #2714, 0.9700000000000004174 ) ;
#1254 = AXIS2_PLACEMENT_3D ( 'NONE', #144, #211, #1611 ) ;
#1255 = DIRECTION ( 'NONE',  ( -0.000000000000000000, 1.082302103395239312E-16, 1.000000000000000000 ) ) ;
#1256 = VERTEX_POINT ( 'NONE', #198 ) ;
#1257 = ORIENTED_EDGE ( 'NONE', *, *, #2053, .F. ) ;
#1258 = ADVANCED_FACE ( 'NONE', ( #889 ), #3604, .F. ) ;
#1259 = SURFACE_STYLE_USAGE ( .BOTH. , #985 ) ;
#1260 = DIRECTION ( 'NONE',  ( -0.7071067811865436870, -0.000000000000000000, -0.7071067811865513475 ) ) ;
#1261 = PLANE ( 'NONE',  #133 ) ;
#1262 = ORIENTED_EDGE ( 'NONE', *, *, #4084, .T. ) ;
#1263 = DIRECTION ( 'NONE',  ( 0.5773502691896278405, 0.5773502691896278405, -0.5773502691896216232 ) ) ;
#1264 = CARTESIAN_POINT ( 'NONE',  ( -0.1908089297201392420, -3.149999999999999911, -1.470000000000000639 ) ) ;
#1265 = CARTESIAN_POINT ( 'NONE',  ( -5.330000000000000959, 4.679999999999999716, 2.869999999999999662 ) ) ;
#1266 = VECTOR ( 'NONE', #3703, 1000.000000000000000 ) ;
#1267 = VERTEX_POINT ( 'NONE', #2590 ) ;
#1268 = ORIENTED_EDGE ( 'NONE', *, *, #2702, .F. ) ;
#1269 = VECTOR ( 'NONE', #1995, 1000.000000000000000 ) ;
#1270 = CARTESIAN_POINT ( 'NONE',  ( 0.000000000000000000, 5.079999999999999183, 2.870000000000000107 ) ) ;
#1271 = PRODUCT_RELATED_PRODUCT_CATEGORY ( 'part', '', ( #1228 ) ) ;
#1272 = DIRECTION ( 'NONE',  ( 1.000000000000000000, 0.000000000000000000, 0.000000000000000000 ) ) ;
#1273 = CARTESIAN_POINT ( 'NONE',  ( -5.080000000000000071, 4.543511162150186244, 3.245000000000000107 ) ) ;
#1274 = ORIENTED_EDGE ( 'NONE', *, *, #347, .F. ) ;
#1275 = VECTOR ( 'NONE', #271, 1000.000000000000000 ) ;
#1276 = EDGE_CURVE ( 'NONE', #718, #343, #3322, .T. ) ;
#1277 = EDGE_CURVE ( 'NONE', #3419, #4366, #1212, .T. ) ;
#1278 = DIRECTION ( 'NONE',  ( 0.000000000000000000, -0.000000000000000000, 1.000000000000000000 ) ) ;
#1279 = ORIENTED_EDGE ( 'NONE', *, *, #660, .T. ) ;
#1280 = ORIENTED_EDGE ( 'NONE', *, *, #3122, .T. ) ;
#1281 = PLANE ( 'NONE',  #618 ) ;
#1282 = CARTESIAN_POINT ( 'NONE',  ( -4.110000000000002984, 0.9699999999999587841, 10.09999999999999964 ) ) ;
#1283 = CARTESIAN_POINT ( 'NONE',  ( -5.080000000000000071, 5.079999999999999183, 11.36999999999999922 ) ) ;
#1284 = EDGE_LOOP ( 'NONE', ( #2055, #3952, #3103, #3336, #779, #3814, #116, #3669 ) ) ;
#1285 = PRODUCT_DEFINITION_CONTEXT ( 'detailed design', #4355, 'design' ) ;
#1286 = FACE_OUTER_BOUND ( 'NONE', #4373, .T. ) ;
#1287 = CARTESIAN_POINT ( 'NONE',  ( 0.2999999999999999889, -3.149999999999999911, -1.470000000000000639 ) ) ;
#1288 = CARTESIAN_POINT ( 'NONE',  ( 0.9699999999999977529, 1.569999999999958540, 10.09999999999999964 ) ) ;
#1289 = ORIENTED_EDGE ( 'NONE', *, *, #1782, .F. ) ;
#1290 = ORIENTED_EDGE ( 'NONE', *, *, #4426, .F. ) ;
#1291 = CARTESIAN_POINT ( 'NONE',  ( 3.509999999999997566, 4.110000000000012754, 10.09999999999999964 ) ) ;
#1292 = CARTESIAN_POINT ( 'NONE',  ( -0.2999999999999999889, 1.069999999999999840, 3.245000000000000551 ) ) ;
#1293 = DIRECTION ( 'NONE',  ( 0.000000000000000000, -0.000000000000000000, 1.000000000000000000 ) ) ;
#1294 = PLANE ( 'NONE',  #432 ) ;
#1295 = ORIENTED_EDGE ( 'NONE', *, *, #1201, .F. ) ;
#1296 = DIRECTION ( 'NONE',  ( -1.000000000000000000, -0.000000000000000000, -0.000000000000000000 ) ) ;
#1297 = EDGE_CURVE ( 'NONE', #1056, #566, #1143, .T. ) ;
#1298 = EDGE_CURVE ( 'NONE', #1896, #73, #3948, .T. ) ;
#1299 = DIRECTION ( 'NONE',  ( 0.000000000000000000, -1.000000000000000000, 0.000000000000000000 ) ) ;
#1300 = EDGE_LOOP ( 'NONE', ( #1050, #516, #4277, #3705 ) ) ;
#1301 = ORIENTED_EDGE ( 'NONE', *, *, #1782, .T. ) ;
#1302 = EDGE_CURVE ( 'NONE', #173, #920, #3997, .T. ) ;
#1303 = VERTEX_POINT ( 'NONE', #1555 ) ;
#1304 = LINE ( 'NONE', #4142, #2296 ) ;
#1305 = CYLINDRICAL_SURFACE ( 'NONE', #1684, 0.9700000000000004174 ) ;
#1306 = FACE_OUTER_BOUND ( 'NONE', #4293, .T. ) ;
#1307 = ORIENTED_EDGE ( 'NONE', *, *, #1136, .F. ) ;
#1308 = EDGE_CURVE ( 'NONE', #4057, #4172, #2959, .T. ) ;
#1309 = PLANE ( 'NONE',  #4512 ) ;
#1310 = VECTOR ( 'NONE', #2775, 1000.000000000000000 ) ;
#1311 = DIRECTION ( 'NONE',  ( -1.000000000000000000, 0.000000000000000000, 0.000000000000000000 ) ) ;
#1312 = LINE ( 'NONE', #3847, #2342 ) ;
#1313 = ORIENTED_EDGE ( 'NONE', *, *, #1510, .T. ) ;
#1314 = MECHANICAL_DESIGN_GEOMETRIC_PRESENTATION_REPRESENTATION (  '', ( #2262 ), #1092 ) ;
#1315 = VERTEX_POINT ( 'NONE', #1575 ) ;
#1316 = CARTESIAN_POINT ( 'NONE',  ( 0.9699999999999977529, 3.510000000000013110, 10.97000000000000242 ) ) ;
#1317 = VECTOR ( 'NONE', #1791, 1000.000000000000000 ) ;
#1318 = DIRECTION ( 'NONE',  ( -0.000000000000000000, 0.9396926207859185309, 0.3420201433256411794 ) ) ;
#1319 = CARTESIAN_POINT ( 'NONE',  ( -0.2999999999999999889, 4.009999999999999787, 3.245000000000000551 ) ) ;
#1320 = DIRECTION ( 'NONE',  ( 0.000000000000000000, 0.000000000000000000, -1.000000000000000000 ) ) ;
#1321 = VERTEX_POINT ( 'NONE', #2217 ) ;
#1322 = LINE ( 'NONE', #1713, #1464 ) ;
#1323 = CARTESIAN_POINT ( 'NONE',  ( -5.330000000000000959, -4.989501595336908954E-14, 2.870000000000000107 ) ) ;
#1324 = VECTOR ( 'NONE', #1244, 1000.000000000000000 ) ;
#1325 = LINE ( 'NONE', #1003, #3508 ) ;
#1326 = ORIENTED_EDGE ( 'NONE', *, *, #14, .F. ) ;
#1327 = ORIENTED_EDGE ( 'NONE', *, *, #2085, .F. ) ;
#1328 = VECTOR ( 'NONE', #3120, 1000.000000000000000 ) ;
#1329 = VECTOR ( 'NONE', #3324, 1000.000000000000000 ) ;
#1330 = ORIENTED_EDGE ( 'NONE', *, *, #3206, .T. ) ;
#1331 = CARTESIAN_POINT ( 'NONE',  ( 0.2999999999999999889, 4.010000000000000675, -0.4999999999999996669 ) ) ;
#1332 = ADVANCED_FACE ( 'NONE', ( #1167 ), #2633, .F. ) ;
#1333 = CARTESIAN_POINT ( 'NONE',  ( 3.509999999999997566, 3.510000000000013110, 10.97000000000000242 ) ) ;
#1334 = LINE ( 'NONE', #2011, #1960 ) ;
#1335 = ORIENTED_EDGE ( 'NONE', *, *, #4518, .T. ) ;
#1336 = EDGE_CURVE ( 'NONE', #4494, #1761, #549, .T. ) ;
#1337 = EDGE_CURVE ( 'NONE', #3978, #3652, #3973, .T. ) ;
#1338 = LINE ( 'NONE', #1722, #30 ) ;
#1339 = EDGE_CURVE ( 'NONE', #3978, #1407, #1006, .T. ) ;
#1340 = CARTESIAN_POINT ( 'NONE',  ( -1.570000000000002283, 3.510000000000013110, 10.97000000000000242 ) ) ;
#1341 = LINE ( 'NONE', #1704, #4120 ) ;
#1342 = ORIENTED_EDGE ( 'NONE', *, *, #3315, .F. ) ;
#1343 = ORIENTED_EDGE ( 'NONE', *, *, #474, .T. ) ;
#1344 = DIRECTION ( 'NONE',  ( 0.000000000000000000, -1.000000000000000000, -1.084202172485506603E-15 ) ) ;
#1345 = DIRECTION ( 'NONE',  ( 0.000000000000000000, -2.316052704908954646E-16, 1.000000000000000000 ) ) ;
#1346 = VECTOR ( 'NONE', #3854, 1000.000000000000000 ) ;
#1347 = DIRECTION ( 'NONE',  ( 1.000000000000000000, -0.000000000000000000, -0.000000000000000000 ) ) ;
#1348 = VECTOR ( 'NONE', #785, 1000.000000000000000 ) ;
#1349 = DIRECTION ( 'NONE',  ( -0.000000000000000000, -0.000000000000000000, 1.000000000000000000 ) ) ;
#1350 = DIRECTION ( 'NONE',  ( -0.000000000000000000, 0.000000000000000000, -1.000000000000000000 ) ) ;
#1351 = CARTESIAN_POINT ( 'NONE',  ( -5.080000000000000071, 0.5364888378497735255, 3.245000000000000551 ) ) ;
#1352 = EDGE_CURVE ( 'NONE', #2222, #1211, #1649, .T. ) ;
#1353 = VERTEX_POINT ( 'NONE', #2029 ) ;
#1354 = VECTOR ( 'NONE', #3311, 1000.000000000000000 ) ;
#1355 = ORIENTED_EDGE ( 'NONE', *, *, #2021, .F. ) ;
#1356 =( LENGTH_UNIT ( ) NAMED_UNIT ( * ) SI_UNIT ( .MILLI., .METRE. ) );
#1357 = PLANE ( 'NONE',  #74 ) ;
#1358 = LINE ( 'NONE', #3055, #284 ) ;
#1359 = VERTEX_POINT ( 'NONE', #1331 ) ;
#1360 = LINE ( 'NONE', #2758, #2740 ) ;
#1361 = PLANE ( 'NONE',  #3985 ) ;
#1362 = LINE ( 'NONE', #2387, #2199 ) ;
#1363 = ADVANCED_FACE ( 'NONE', ( #667 ), #567, .F. ) ;
#1364 = EDGE_CURVE ( 'NONE', #1668, #734, #2327, .T. ) ;
#1365 = ORIENTED_EDGE ( 'NONE', *, *, #1883, .T. ) ;
#1366 = ADVANCED_FACE ( 'NONE', ( #2381 ), #3741, .F. ) ;
#1367 = EDGE_LOOP ( 'NONE', ( #372, #1180, #1875, #3819, #2192, #2969, #1487, #604 ) ) ;
#1368 = DIRECTION ( 'NONE',  ( -0.000000000000000000, 1.082302103395239312E-16, 1.000000000000000000 ) ) ;
#1369 = LINE ( 'NONE', #3138, #2440 ) ;
#1370 = LINE ( 'NONE', #1319, #148 ) ;
#1371 =( LENGTH_UNIT ( ) NAMED_UNIT ( * ) SI_UNIT ( .MILLI., .METRE. ) );
#1372 = LINE ( 'NONE', #2769, #1029 ) ;
#1373 = CARTESIAN_POINT ( 'NONE',  ( -1.570000000000002283, 1.569999999999958540, 10.09999999999999964 ) ) ;
#1374 = CARTESIAN_POINT ( 'NONE',  ( -5.080000000000000071, 5.079999999999999183, 2.870000000000000107 ) ) ;
#1375 = ORIENTED_EDGE ( 'NONE', *, *, #2335, .F. ) ;
#1376 = DIRECTION ( 'NONE',  ( 0.000000000000000000, -1.000000000000000000, 0.000000000000000000 ) ) ;
#1377 = DIRECTION ( 'NONE',  ( 1.000000000000000000, 0.000000000000000000, 0.000000000000000000 ) ) ;
#1378 = DIRECTION ( 'NONE',  ( 1.000000000000000000, 0.000000000000000000, 0.000000000000000000 ) ) ;
#1379 = EDGE_LOOP ( 'NONE', ( #3487, #1301, #451, #1015 ) ) ;
#1380 = LINE ( 'NONE', #1653, #3546 ) ;
#1381 = CARTESIAN_POINT ( 'NONE',  ( 1.570000000000001172, 1.569999999999958540, 10.97000000000000242 ) ) ;
#1382 = CARTESIAN_POINT ( 'NONE',  ( 3.509999999999997566, 1.569999999999958540, 10.97000000000000242 ) ) ;
#1383 = ORIENTED_EDGE ( 'NONE', *, *, #3492, .T. ) ;
#1384 = ORIENTED_EDGE ( 'NONE', *, *, #3163, .T. ) ;
#1385 = SHAPE_REPRESENTATION ( 'PPPC022LJBN-RC_C04', ( #2038 ), #214 ) ;
#1386 = CARTESIAN_POINT ( 'NONE',  ( 5.080000000000000071, 5.079999999999999183, 2.870000000000000107 ) ) ;
#1387 = DIRECTION ( 'NONE',  ( 1.000000000000000000, 0.000000000000000000, 0.000000000000000000 ) ) ;
#1388 = LINE ( 'NONE', #2441, #3087 ) ;
#1389 = VECTOR ( 'NONE', #1760, 1000.000000000000000 ) ;
#1390 = CARTESIAN_POINT ( 'NONE',  ( 0.000000000000000000, 0.3999999999999501732, 2.870000000000000107 ) ) ;
#1391 = CARTESIAN_POINT ( 'NONE',  ( 0.5699999999999958433, 3.110000000000010978, 11.36999999999999922 ) ) ;
#1392 = EDGE_CURVE ( 'NONE', #2743, #1980, #641, .T. ) ;
#1393 = DIRECTION ( 'NONE',  ( 0.000000000000000000, -0.3420201433256628842, -0.9396926207859104263 ) ) ;
#1394 = VECTOR ( 'NONE', #3717, 1000.000000000000000 ) ;
#1395 = ORIENTED_EDGE ( 'NONE', *, *, #693, .T. ) ;
#1396 = COLOUR_RGB ( '',0.2509803921568627416, 0.2509803921568627416, 0.2509803921568627416 ) ;
#1397 = PLANE ( 'NONE',  #2001 ) ;
#1398 = CARTESIAN_POINT ( 'NONE',  ( 0.2999999999999999889, -2.849999999999997424, 1.069999999999999618 ) ) ;
#1399 = CARTESIAN_POINT ( 'NONE',  ( 3.509999999999997566, 4.110000000000012754, 10.97000000000000242 ) ) ;
#1400 = ORIENTED_EDGE ( 'NONE', *, *, #1297, .F. ) ;
#1401 = ADVANCED_FACE ( 'NONE', ( #3390 ), #1718, .F. ) ;
#1402 = VECTOR ( 'NONE', #3307, 1000.000000000000000 ) ;
#1403 = AXIS2_PLACEMENT_3D ( 'NONE', #2649, #234, #3288 ) ;
#1404 = CARTESIAN_POINT ( 'NONE',  ( 2.539999999999999591, 0.000000000000000000, 0.000000000000000000 ) ) ;
#1405 = LINE ( 'NONE', #1467, #438 ) ;
#1406 = CARTESIAN_POINT ( 'NONE',  ( -0.1908089297201394641, -3.149999999999999911, 1.470000000000000639 ) ) ;
#1407 = VERTEX_POINT ( 'NONE', #3100 ) ;
#1408 = ORIENTED_EDGE ( 'NONE', *, *, #461, .F. ) ;
#1409 = FACE_OUTER_BOUND ( 'NONE', #3637, .T. ) ;
#1410 = LINE ( 'NONE', #2716, #2144 ) ;
#1411 = CARTESIAN_POINT ( 'NONE',  ( 0.2999999999999999889, 0.5000000000000000000, 1.070000000000000062 ) ) ;
#1412 = ORIENTED_EDGE ( 'NONE', *, *, #1831, .T. ) ;
#1413 = DIRECTION ( 'NONE',  ( 0.000000000000000000, -0.000000000000000000, 1.000000000000000000 ) ) ;
#1414 = FACE_OUTER_BOUND ( 'NONE', #4242, .T. ) ;
#1415 = EDGE_CURVE ( 'NONE', #52, #898, #594, .T. ) ;
#1416 = VECTOR ( 'NONE', #3284, 1000.000000000000000 ) ;
#1417 = EDGE_CURVE ( 'NONE', #791, #64, #1304, .T. ) ;
#1418 = ORIENTED_EDGE ( 'NONE', *, *, #4116, .T. ) ;
#1419 = VECTOR ( 'NONE', #3346, 1000.000000000000000 ) ;
#1420 = SURFACE_STYLE_FILL_AREA ( #361 ) ;
#1421 = DIRECTION ( 'NONE',  ( 0.000000000000000000, -0.000000000000000000, 1.000000000000000000 ) ) ;
#1422 = CARTESIAN_POINT ( 'NONE',  ( 0.9699999999999977529, 0.9699999999999587841, 10.97000000000000242 ) ) ;
#1423 = EDGE_LOOP ( 'NONE', ( #4037, #2354, #1856, #3547 ) ) ;
#1424 = VECTOR ( 'NONE', #4232, 1000.000000000000000 ) ;
#1425 = CARTESIAN_POINT ( 'NONE',  ( 5.079999999999999183, 1.969999999999960449, 11.36999999999999922 ) ) ;
#1426 = FACE_OUTER_BOUND ( 'NONE', #2112, .T. ) ;
#1427 = DIRECTION ( 'NONE',  ( 0.7071067811865436870, 0.000000000000000000, -0.7071067811865513475 ) ) ;
#1428 = ORIENTED_EDGE ( 'NONE', *, *, #1913, .F. ) ;
#1429 = MANIFOLD_SOLID_BREP ( 'Chamfer1', #2346 ) ;
#1430 = ORIENTED_EDGE ( 'NONE', *, *, #1049, .F. ) ;
#1431 = DIRECTION ( 'NONE',  ( 0.000000000000000000, 0.000000000000000000, -1.000000000000000000 ) ) ;
#1432 = FACE_OUTER_BOUND ( 'NONE', #1004, .T. ) ;
#1433 = PLANE ( 'NONE',  #446 ) ;
#1434 = ORIENTED_EDGE ( 'NONE', *, *, #1746, .F. ) ;
#1435 = PLANE ( 'NONE',  #379 ) ;
#1436 = PLANE ( 'NONE',  #506 ) ;
#1437 = ORIENTED_EDGE ( 'NONE', *, *, #3018, .F. ) ;
#1438 = EDGE_CURVE ( 'NONE', #115, #1975, #3435, .T. ) ;
#1439 = EDGE_CURVE ( 'NONE', #783, #4008, #4090, .T. ) ;
#1440 = CARTESIAN_POINT ( 'NONE',  ( 0.2999999999999999889, 1.069999999999999840, 3.245000000000000551 ) ) ;
#1441 = DIRECTION ( 'NONE',  ( 0.000000000000000000, 0.7071067811865436870, -0.7071067811865513475 ) ) ;
#1442 = ADVANCED_FACE ( 'NONE', ( #4437 ), #1281, .F. ) ;
#1443 = ORIENTED_EDGE ( 'NONE', *, *, #2277, .F. ) ;
#1444 = DIRECTION ( 'NONE',  ( 0.000000000000000000, -1.000000000000000000, 0.000000000000000000 ) ) ;
#1445 = LINE ( 'NONE', #714, #4483 ) ;
#1446 = DIRECTION ( 'NONE',  ( -0.000000000000000000, -1.000000000000000000, -0.000000000000000000 ) ) ;
#1447 = EDGE_CURVE ( 'NONE', #4046, #2528, #1864, .T. ) ;
#1448 = EDGE_LOOP ( 'NONE', ( #1631, #4197, #860, #1932, #1805, #1134, #1280, #2888 ) ) ;
#1449 = EDGE_LOOP ( 'NONE', ( #1794, #2348, #437, #398 ) ) ;
#1450 = CYLINDRICAL_SURFACE ( 'NONE', #758, 0.5699999999999999512 ) ;
#1451 = LINE ( 'NONE', #2114, #1914 ) ;
#1452 = CARTESIAN_POINT ( 'NONE',  ( -5.330000000000000959, 4.543511162150186244, 3.245000000000000107 ) ) ;
#1453 = EDGE_LOOP ( 'NONE', ( #2411, #3792, #2624, #1279 ) ) ;
#1454 = MANIFOLD_SOLID_BREP ( 'LPattern1[1]', #3594 ) ;
#1455 = DIRECTION ( 'NONE',  ( 0.000000000000000000, -0.000000000000000000, -1.000000000000000000 ) ) ;
#1456 = VECTOR ( 'NONE', #1525, 1000.000000000000000 ) ;
#1457 = FACE_OUTER_BOUND ( 'NONE', #4145, .T. ) ;
#1458 = VECTOR ( 'NONE', #4402, 1000.000000000000000 ) ;
#1459 = EDGE_LOOP ( 'NONE', ( #1906, #1142, #1117, #1428 ) ) ;
#1460 = VECTOR ( 'NONE', #2521, 1000.000000000000000 ) ;
#1461 = CARTESIAN_POINT ( 'NONE',  ( 0.9699999999999977529, 4.110000000000012754, 10.09999999999999964 ) ) ;
#1462 = DIRECTION ( 'NONE',  ( -0.000000000000000000, 1.082302103395239312E-16, 1.000000000000000000 ) ) ;
#1463 = VERTEX_POINT ( 'NONE', #2101 ) ;
#1464 = VECTOR ( 'NONE', #3788, 1000.000000000000000 ) ;
#1465 = VECTOR ( 'NONE', #1208, 1000.000000000000000 ) ;
#1466 = DIRECTION ( 'NONE',  ( 1.000000000000000000, 0.000000000000000000, 0.000000000000000000 ) ) ;
#1467 = CARTESIAN_POINT ( 'NONE',  ( -5.080000000000000071, 4.543511162150186244, 3.245000000000000107 ) ) ;
#1468 = COLOUR_RGB ( '',0.2509803921568627416, 0.2509803921568627416, 0.2509803921568627416 ) ;
#1469 = DIRECTION ( 'NONE',  ( 1.000000000000000000, 0.000000000000000000, 0.000000000000000000 ) ) ;
#1470 = AXIS2_PLACEMENT_3D ( 'NONE', #3510, #1427, #3195 ) ;
#1471 = CARTESIAN_POINT ( 'NONE',  ( -3.810000000000002718, 0.000000000000000000, 0.000000000000000000 ) ) ;
#1472 = ORIENTED_EDGE ( 'NONE', *, *, #4493, .F. ) ;
#1473 = EDGE_CURVE ( 'NONE', #2472, #2965, #2820, .T. ) ;
#1474 = VECTOR ( 'NONE', #835, 1000.000000000000000 ) ;
#1475 = ADVANCED_FACE ( 'NONE', ( #2208 ), #385, .F. ) ;
#1476 = ORIENTED_EDGE ( 'NONE', *, *, #2587, .T. ) ;
#1477 = CARTESIAN_POINT ( 'NONE',  ( -5.330000000000000959, 0.5364888378497735255, 3.245000000000000551 ) ) ;
#1478 = DIRECTION ( 'NONE',  ( 0.000000000000000000, 0.000000000000000000, -1.000000000000000000 ) ) ;
#1479 = DIRECTION ( 'NONE',  ( 0.000000000000000000, -1.084202172485506603E-15, 1.000000000000000000 ) ) ;
#1480 = VERTEX_POINT ( 'NONE', #1052 ) ;
#1481 = LINE ( 'NONE', #3591, #2645 ) ;
#1482 = DIRECTION ( 'NONE',  ( 0.000000000000000000, 0.7071067811865436870, -0.7071067811865513475 ) ) ;
#1483 = ORIENTED_EDGE ( 'NONE', *, *, #3451, .F. ) ;
#1484 = ADVANCED_FACE ( 'NONE', ( #1155 ), #1397, .T. ) ;
#1485 = VECTOR ( 'NONE', #1272, 1000.000000000000000 ) ;
#1486 = FACE_OUTER_BOUND ( 'NONE', #2908, .T. ) ;
#1487 = ORIENTED_EDGE ( 'NONE', *, *, #2843, .F. ) ;
#1488 = ORIENTED_EDGE ( 'NONE', *, *, #3044, .F. ) ;
#1489 = VECTOR ( 'NONE', #2161, 1000.000000000000000 ) ;
#1490 = CARTESIAN_POINT ( 'NONE',  ( 5.079999999999999183, 4.679999999999999716, 2.869999999999999662 ) ) ;
#1491 = CARTESIAN_POINT ( 'NONE',  ( 0.2999999999999999889, 0.5000000000000000000, 1.070000000000000062 ) ) ;
#1492 = DIRECTION ( 'NONE',  ( 1.000000000000000000, 0.000000000000000000, 0.000000000000000000 ) ) ;
#1494 = STYLED_ITEM ( 'NONE', ( #4513 ), #1429 ) ;
#1493 =( NAMED_UNIT ( * ) SI_UNIT ( $, .STERADIAN. ) SOLID_ANGLE_UNIT ( ) );
#1495 = ORIENTED_EDGE ( 'NONE', *, *, #2087, .T. ) ;
#1496 = ORIENTED_EDGE ( 'NONE', *, *, #1700, .T. ) ;
#1497 = CARTESIAN_POINT ( 'NONE',  ( 5.080000000000000071, 0.000000000000000000, 0.000000000000000000 ) ) ;
#1498 = EDGE_CURVE ( 'NONE', #1770, #4494, #4209, .T. ) ;
#1499 = ADVANCED_FACE ( 'NONE', ( #123 ), #3616, .F. ) ;
#1500 = DIRECTION ( 'NONE',  ( 0.000000000000000000, -1.000000000000000000, 0.000000000000000000 ) ) ;
#1501 = CARTESIAN_POINT ( 'NONE',  ( 3.109999999999995435, 5.079999999999999183, 11.36999999999999922 ) ) ;
#1502 = EDGE_CURVE ( 'NONE', #699, #3971, #3640, .T. ) ;
#1503 = ORIENTED_EDGE ( 'NONE', *, *, #1775, .F. ) ;
#1504 = CARTESIAN_POINT ( 'NONE',  ( -2.540000000000000036, 0.000000000000000000, 11.36999999999999922 ) ) ;
#1505 = VERTEX_POINT ( 'NONE', #2579 ) ;
#1506 = LINE ( 'NONE', #452, #2046 ) ;
#1507 = CARTESIAN_POINT ( 'NONE',  ( -3.710000000000001297, 1.169999999999961293, 10.77000000000000135 ) ) ;
#1508 = EDGE_LOOP ( 'NONE', ( #1670, #2637, #2713, #4510 ) ) ;
#1509 = ORIENTED_EDGE ( 'NONE', *, *, #521, .F. ) ;
#1510 = EDGE_CURVE ( 'NONE', #4445, #2234, #3987, .T. ) ;
#1511 = CARTESIAN_POINT ( 'NONE',  ( -1.570000000000002283, 0.9699999999999587841, 10.09999999999999964 ) ) ;
#1512 = FACE_OUTER_BOUND ( 'NONE', #427, .T. ) ;
#1513 = LINE ( 'NONE', #2177, #2125 ) ;
#1514 = DIRECTION ( 'NONE',  ( 0.000000000000000000, 0.000000000000000000, 1.000000000000000000 ) ) ;
#1515 = ORIENTED_EDGE ( 'NONE', *, *, #1057, .F. ) ;
#1516 = ORIENTED_EDGE ( 'NONE', *, *, #4025, .F. ) ;
#1517 = DIRECTION ( 'NONE',  ( -0.000000000000000000, -0.000000000000000000, 1.000000000000000000 ) ) ;
#1518 = PLANE ( 'NONE',  #1709 ) ;
#1519 = LINE ( 'NONE', #1452, #3522 ) ;
#1520 = VERTEX_POINT ( 'NONE', #491 ) ;
#1521 = CARTESIAN_POINT ( 'NONE',  ( -0.2999999999999999889, 0.5000000000000000000, 2.040000000000000036 ) ) ;
#1522 =( LENGTH_UNIT ( ) NAMED_UNIT ( * ) SI_UNIT ( .MILLI., .METRE. ) );
#1523 = EDGE_LOOP ( 'NONE', ( #4540, #359, #2326, #4390 ) ) ;
#1524 = EDGE_CURVE ( 'NONE', #3043, #3415, #3124, .T. ) ;
#1525 = DIRECTION ( 'NONE',  ( -1.000000000000000000, -0.000000000000000000, -0.000000000000000000 ) ) ;
#1526 = ORIENTED_EDGE ( 'NONE', *, *, #2962, .F. ) ;
#1527 = ORIENTED_EDGE ( 'NONE', *, *, #3188, .T. ) ;
#1528 = AXIS2_PLACEMENT_3D ( 'NONE', #2176, #3194, #4279 ) ;
#1529 = CARTESIAN_POINT ( 'NONE',  ( -3.509999999999999343, 4.110000000000012754, 10.09999999999999964 ) ) ;
#1530 = DIRECTION ( 'NONE',  ( 0.000000000000000000, -5.870001876866951339E-15, -1.000000000000000000 ) ) ;
#1531 = DIRECTION ( 'NONE',  ( 1.000000000000000000, 0.000000000000000000, 0.000000000000000000 ) ) ;
#1532 = EDGE_CURVE ( 'NONE', #1353, #694, #2773, .T. ) ;
#1533 = APPLICATION_PROTOCOL_DEFINITION ( 'draft international standard', 'automotive_design', 1998, #3494 ) ;
#1534 = ORIENTED_EDGE ( 'NONE', *, *, #3240, .F. ) ;
#1535 = AXIS2_PLACEMENT_3D ( 'NONE', #3856, #240, #1664 ) ;
#1536 = ORIENTED_EDGE ( 'NONE', *, *, #986, .F. ) ;
#1537 = ORIENTED_EDGE ( 'NONE', *, *, #4063, .T. ) ;
#1538 = CARTESIAN_POINT ( 'NONE',  ( -5.330000000000000959, 4.679999999999999716, 2.869999999999999662 ) ) ;
#1539 = AXIS2_PLACEMENT_3D ( 'NONE', #919, #1967, #4378 ) ;
#1540 = CARTESIAN_POINT ( 'NONE',  ( -0.9699999999999990852, 3.510000000000013110, 10.97000000000000242 ) ) ;
#1541 = CARTESIAN_POINT ( 'NONE',  ( 3.509999999999997566, 3.510000000000013110, 10.09999999999999964 ) ) ;
#1542 = AXIS2_PLACEMENT_3D ( 'NONE', #1323, #3789, #4181 ) ;
#1543 = AXIS2_PLACEMENT_3D ( 'NONE', #1577, #914, #4348 ) ;
#1544 = ORIENTED_EDGE ( 'NONE', *, *, #4003, .F. ) ;
#1545 = CARTESIAN_POINT ( 'NONE',  ( 5.080000000000000071, -4.989501595336908954E-14, 2.870000000000000107 ) ) ;
#1546 = CARTESIAN_POINT ( 'NONE',  ( 0.000000000000000000, 4.679999999999999716, 2.869999999999999662 ) ) ;
#1547 =( NAMED_UNIT ( * ) PLANE_ANGLE_UNIT ( ) SI_UNIT ( $, .RADIAN. ) );
#1548 = SURFACE_STYLE_FILL_AREA ( #906 ) ;
#1549 = EDGE_CURVE ( 'NONE', #2853, #1210, #2427, .T. ) ;
#1550 = DIRECTION ( 'NONE',  ( 0.000000000000000000, 0.7071067811865436870, -0.7071067811865513475 ) ) ;
#1551 = EDGE_LOOP ( 'NONE', ( #4460, #1652, #2355, #4022 ) ) ;
#1552 = ORIENTED_EDGE ( 'NONE', *, *, #2111, .F. ) ;
#1553 = EDGE_CURVE ( 'NONE', #3387, #2496, #2080, .T. ) ;
#1554 = VECTOR ( 'NONE', #1067, 1000.000000000000000 ) ;
#1555 = CARTESIAN_POINT ( 'NONE',  ( -0.2999999999999999889, 4.009999999999999787, 3.245000000000000551 ) ) ;
#1556 = PLANE ( 'NONE',  #2486 ) ;
#1557 = CARTESIAN_POINT ( 'NONE',  ( 0.000000000000000000, 0.5364888378497735255, 3.245000000000000551 ) ) ;
#1558 = ORIENTED_EDGE ( 'NONE', *, *, #3890, .T. ) ;
#1559 = AXIS2_PLACEMENT_3D ( 'NONE', #4528, #3476, #1041 ) ;
#1560 = ORIENTED_EDGE ( 'NONE', *, *, #858, .F. ) ;
#1561 = DIRECTION ( 'NONE',  ( -1.000000000000000000, -0.000000000000000000, 0.000000000000000000 ) ) ;
#1562 = FACE_OUTER_BOUND ( 'NONE', #1874, .T. ) ;
#1563 = VECTOR ( 'NONE', #843, 1000.000000000000000 ) ;
#1564 = CARTESIAN_POINT ( 'NONE',  ( 0.1908089297201392420, -3.149999999999999911, -1.069999999999999618 ) ) ;
#1565 = EDGE_CURVE ( 'NONE', #497, #4415, #3660, .T. ) ;
#1566 = ORIENTED_EDGE ( 'NONE', *, *, #4518, .F. ) ;
#1567 = PLANE ( 'NONE',  #1403 ) ;
#1568 = DIRECTION ( 'NONE',  ( 0.000000000000000000, -1.000000000000000000, 1.188166764367676095E-16 ) ) ;
#1569 = ORIENTED_EDGE ( 'NONE', *, *, #3500, .F. ) ;
#1570 = CARTESIAN_POINT ( 'NONE',  ( 0.000000000000000000, 4.679999999999999716, 2.869999999999999662 ) ) ;
#1571 = ORIENTED_EDGE ( 'NONE', *, *, #1696, .T. ) ;
#1572 = VERTEX_POINT ( 'NONE', #945 ) ;
#1573 = EDGE_CURVE ( 'NONE', #2339, #2712, #579, .T. ) ;
#1574 = ADVANCED_FACE ( 'NONE', ( #538 ), #3684, .T. ) ;
#1575 = CARTESIAN_POINT ( 'NONE',  ( -2.540000000000000036, 5.079999999999999183, 11.36999999999999922 ) ) ;
#1576 = CARTESIAN_POINT ( 'NONE',  ( -0.2999999999999999889, 3.040000000000000036, -1.470000000000000195 ) ) ;
#1577 = CARTESIAN_POINT ( 'NONE',  ( -2.540000000000000036, 5.079999999999999183, 2.870000000000000107 ) ) ;
#1578 = DIRECTION ( 'NONE',  ( 0.000000000000000000, 0.000000000000000000, 1.000000000000000000 ) ) ;
#1579 = ORIENTED_EDGE ( 'NONE', *, *, #2619, .T. ) ;
#1580 = DIRECTION ( 'NONE',  ( 0.000000000000000000, 0.3420201433256628842, 0.9396926207859104263 ) ) ;
#1581 = EDGE_CURVE ( 'NONE', #2378, #1353, #235, .T. ) ;
#1582 = PLANE ( 'NONE',  #2657 ) ;
#1583 = LINE ( 'NONE', #1265, #3670 ) ;
#1584 = ORIENTED_EDGE ( 'NONE', *, *, #3573, .T. ) ;
#1585 = CARTESIAN_POINT ( 'NONE',  ( -0.2999999999999999889, 4.010000000000000675, -0.4999999999999996669 ) ) ;
#1586 = CARTESIAN_POINT ( 'NONE',  ( 0.000000000000000000, 0.000000000000000000, 11.36999999999999922 ) ) ;
#1587 = SURFACE_STYLE_USAGE ( .BOTH. , #1844 ) ;
#1588 = ORIENTED_EDGE ( 'NONE', *, *, #4370, .T. ) ;
#1589 = SURFACE_SIDE_STYLE ('',( #1978 ) ) ;
#1590 = CARTESIAN_POINT ( 'NONE',  ( -5.330000000000000959, 5.079999999999999183, 11.36999999999999922 ) ) ;
#1591 = ORIENTED_EDGE ( 'NONE', *, *, #1020, .T. ) ;
#1592 = VERTEX_POINT ( 'NONE', #2302 ) ;
#1593 = DIRECTION ( 'NONE',  ( -0.000000000000000000, 1.000000000000000000, 1.188166764367676095E-16 ) ) ;
#1594 = LINE ( 'NONE', #3343, #1394 ) ;
#1595 = CARTESIAN_POINT ( 'NONE',  ( -2.540000000000000036, 0.000000000000000000, 11.36999999999999922 ) ) ;
#1596 = AXIS2_PLACEMENT_3D ( 'NONE', #3505, #1462, #4234 ) ;
#1597 = ORIENTED_EDGE ( 'NONE', *, *, #3492, .F. ) ;
#1598 = UNCERTAINTY_MEASURE_WITH_UNIT (LENGTH_MEASURE( 1.000000000000000082E-05 ), #494, 'distance_accuracy_value', 'NONE');
#1599 = ADVANCED_FACE ( 'NONE', ( #2691 ), #4010, .T. ) ;
#1600 = AXIS2_PLACEMENT_3D ( 'NONE', #4428, #1974, #2719 ) ;
#1601 = CARTESIAN_POINT ( 'NONE',  ( 5.079999999999999183, 0.000000000000000000, 0.000000000000000000 ) ) ;
#1602 = CARTESIAN_POINT ( 'NONE',  ( 0.000000000000000000, 5.079999999999999183, 2.870000000000000107 ) ) ;
#1603 = DIRECTION ( 'NONE',  ( -1.000000000000000000, 0.000000000000000000, 0.000000000000000000 ) ) ;
#1604 = EDGE_CURVE ( 'NONE', #1751, #716, #4381, .T. ) ;
#1605 = VECTOR ( 'NONE', #1698, 1000.000000000000000 ) ;
#1606 = EDGE_LOOP ( 'NONE', ( #2772, #3332, #2904, #3153 ) ) ;
#1607 = PRESENTATION_LAYER_ASSIGNMENT (  '', '', ( #294 ) ) ;
#1608 = EDGE_CURVE ( 'NONE', #1744, #1149, #1249, .T. ) ;
#1609 = EDGE_LOOP ( 'NONE', ( #76, #3678, #1434, #584 ) ) ;
#1610 = MECHANICAL_DESIGN_GEOMETRIC_PRESENTATION_REPRESENTATION (  '', ( #143 ), #218 ) ;
#1611 = DIRECTION ( 'NONE',  ( -1.000000000000000000, 0.000000000000000000, -0.000000000000000000 ) ) ;
#1612 = CARTESIAN_POINT ( 'NONE',  ( 1.570000000000001172, 1.569999999999958540, 10.09999999999999964 ) ) ;
#1613 = DIRECTION ( 'NONE',  ( -1.000000000000000000, -0.000000000000000000, -0.000000000000000000 ) ) ;
#1614 = MECHANICAL_DESIGN_GEOMETRIC_PRESENTATION_REPRESENTATION (  '', ( #3750 ), #3094 ) ;
#1615 = ORIENTED_EDGE ( 'NONE', *, *, #513, .F. ) ;
#1616 = VECTOR ( 'NONE', #2876, 1000.000000000000000 ) ;
#1617 = VECTOR ( 'NONE', #448, 1000.000000000000114 ) ;
#1618 = DIRECTION ( 'NONE',  ( 0.000000000000000000, 1.000000000000000000, 0.000000000000000000 ) ) ;
#1619 = FACE_OUTER_BOUND ( 'NONE', #3161, .T. ) ;
#1620 = ORIENTED_EDGE ( 'NONE', *, *, #4231, .T. ) ;
#1621 = ORIENTED_EDGE ( 'NONE', *, *, #3719, .F. ) ;
#1622 = EDGE_CURVE ( 'NONE', #4385, #105, #212, .T. ) ;
#1623 = CARTESIAN_POINT ( 'NONE',  ( -0.2999999999999999889, -2.849999999999997424, 0.000000000000000000 ) ) ;
#1624 = CARTESIAN_POINT ( 'NONE',  ( 0.9699999999999977529, 3.510000000000013110, 10.97000000000000242 ) ) ;
#1625 = DIRECTION ( 'NONE',  ( 0.000000000000000000, 0.000000000000000000, -1.000000000000000000 ) ) ;
#1626 = ORIENTED_EDGE ( 'NONE', *, *, #3942, .T. ) ;
#1627 = CARTESIAN_POINT ( 'NONE',  ( 5.079999999999999183, 4.679999999999999716, 2.869999999999999662 ) ) ;
#1628 = PLANE ( 'NONE',  #1847 ) ;
#1629 = DIRECTION ( 'NONE',  ( 1.000000000000000000, 0.000000000000000000, 0.000000000000000000 ) ) ;
#1630 = VECTOR ( 'NONE', #2709, 1000.000000000000000 ) ;
#1631 = ORIENTED_EDGE ( 'NONE', *, *, #4426, .T. ) ;
#1632 = EDGE_CURVE ( 'NONE', #4208, #2497, #1973, .T. ) ;
#1633 = EDGE_LOOP ( 'NONE', ( #846, #3793, #796, #2608 ) ) ;
#1634 = EDGE_CURVE ( 'NONE', #3318, #1725, #4448, .T. ) ;
#1635 = AXIS2_PLACEMENT_3D ( 'NONE', #4147, #305, #2361 ) ;
#1636 = DIRECTION ( 'NONE',  ( -0.000000000000000000, 1.000000000000000000, 0.000000000000000000 ) ) ;
#1637 = DIRECTION ( 'NONE',  ( -0.000000000000000000, -0.000000000000000000, 1.000000000000000000 ) ) ;
#1638 = ADVANCED_FACE ( 'NONE', ( #3289 ), #2622, .T. ) ;
#1639 = CARTESIAN_POINT ( 'NONE',  ( 7.620000000000000107, 0.000000000000000000, 10.09999999999999964 ) ) ;
#1640 = ORIENTED_EDGE ( 'NONE', *, *, #3044, .T. ) ;
#1641 = AXIS2_PLACEMENT_3D ( 'NONE', #4017, #4346, #2978 ) ;
#1642 = LINE ( 'NONE', #2750, #3747 ) ;
#1643 = LINE ( 'NONE', #194, #1108 ) ;
#1644 = EDGE_CURVE ( 'NONE', #540, #1658, #561, .T. ) ;
#1645 = CARTESIAN_POINT ( 'NONE',  ( 0.000000000000000000, 0.3999999999999501732, 2.870000000000000107 ) ) ;
#1646 = ORIENTED_EDGE ( 'NONE', *, *, #882, .F. ) ;
#1647 = ORIENTED_EDGE ( 'NONE', *, *, #4262, .T. ) ;
#1648 = ORIENTED_EDGE ( 'NONE', *, *, #3904, .F. ) ;
#1649 = LINE ( 'NONE', #4490, #3918 ) ;
#1650 = PLANE ( 'NONE',  #2263 ) ;
#1651 = CARTESIAN_POINT ( 'NONE',  ( 3.509999999999997566, 1.569999999999958540, 10.97000000000000242 ) ) ;
#1652 = ORIENTED_EDGE ( 'NONE', *, *, #1447, .T. ) ;
#1653 = CARTESIAN_POINT ( 'NONE',  ( 0.000000000000000000, -4.989501595336908954E-14, 2.870000000000000107 ) ) ;
#1654 = DIRECTION ( 'NONE',  ( -1.000000000000000000, 0.000000000000000000, 0.000000000000000000 ) ) ;
#1655 = DIRECTION ( 'NONE',  ( -1.000000000000000000, 0.000000000000000000, 0.000000000000000000 ) ) ;
#1656 = ORIENTED_EDGE ( 'NONE', *, *, #1962, .T. ) ;
#1657 = EDGE_CURVE ( 'NONE', #3143, #866, #2320, .T. ) ;
#1658 = VERTEX_POINT ( 'NONE', #1950 ) ;
#1659 = LINE ( 'NONE', #4502, #1712 ) ;
#1660 = CARTESIAN_POINT ( 'NONE',  ( 0.2999999999999999889, 1.470000000000000417, 3.245000000000000551 ) ) ;
#1661 = PLANE ( 'NONE',  #1025 ) ;
#1662 = ORIENTED_EDGE ( 'NONE', *, *, #3461, .F. ) ;
#1663 = EDGE_CURVE ( 'NONE', #95, #3147, #2650, .T. ) ;
#1664 = DIRECTION ( 'NONE',  ( 1.000000000000000000, 0.000000000000000000, 0.000000000000000000 ) ) ;
#1665 = DIRECTION ( 'NONE',  ( 0.000000000000000000, 0.000000000000000000, 1.000000000000000000 ) ) ;
#1666 = CARTESIAN_POINT ( 'NONE',  ( -3.509999999999999343, 0.9699999999999587841, 10.09999999999999964 ) ) ;
#1667 = EDGE_LOOP ( 'NONE', ( #2006, #2384, #4155, #4316 ) ) ;
#1668 = VERTEX_POINT ( 'NONE', #4359 ) ;
#1669 = ADVANCED_FACE ( 'NONE', ( #3353 ), #2253, .F. ) ;
#1670 = ORIENTED_EDGE ( 'NONE', *, *, #2399, .T. ) ;
#1671 = DIRECTION ( 'NONE',  ( 1.000000000000000000, 0.000000000000000000, 0.000000000000000000 ) ) ;
#1672 = CARTESIAN_POINT ( 'NONE',  ( 3.109999999999995435, 3.110000000000010978, 11.36999999999999922 ) ) ;
#1673 = VERTEX_POINT ( 'NONE', #3381 ) ;
#1674 = DIRECTION ( 'NONE',  ( -1.000000000000000000, -0.000000000000000000, -0.000000000000000000 ) ) ;
#1675 = EDGE_CURVE ( 'NONE', #2426, #251, #514, .T. ) ;
#1676 = VECTOR ( 'NONE', #45, 1000.000000000000000 ) ;
#1677 = CARTESIAN_POINT ( 'NONE',  ( 3.909999999999998366, 1.169999999999961293, 10.77000000000000135 ) ) ;
#1678 = CARTESIAN_POINT ( 'NONE',  ( -5.330000000000000959, 4.543511162150186244, 3.245000000000000107 ) ) ;
#1679 = ORIENTED_EDGE ( 'NONE', *, *, #712, .F. ) ;
#1680 = MECHANICAL_DESIGN_GEOMETRIC_PRESENTATION_REPRESENTATION (  '', ( #4401 ), #1753 ) ;
#1681 = ORIENTED_EDGE ( 'NONE', *, *, #4173, .T. ) ;
#1682 = PLANE ( 'NONE',  #4432 ) ;
#1683 = ADVANCED_FACE ( 'NONE', ( #3334 ), #2371, .F. ) ;
#1684 = AXIS2_PLACEMENT_3D ( 'NONE', #620, #4166, #1958 ) ;
#1685 = DIRECTION ( 'NONE',  ( -1.000000000000000000, -0.000000000000000000, -0.000000000000000000 ) ) ;
#1686 = DIRECTION ( 'NONE',  ( -1.000000000000000000, 0.000000000000000000, -0.000000000000000000 ) ) ;
#1687 =( LENGTH_UNIT ( ) NAMED_UNIT ( * ) SI_UNIT ( .MILLI., .METRE. ) );
#1688 = VECTOR ( 'NONE', #3873, 1000.000000000000000 ) ;
#1689 = CARTESIAN_POINT ( 'NONE',  ( -3.509999999999999343, 3.510000000000013110, 10.97000000000000242 ) ) ;
#1690 = FACE_OUTER_BOUND ( 'NONE', #590, .T. ) ;
#1691 = AXIS2_PLACEMENT_3D ( 'NONE', #625, #2015, #1013 ) ;
#1692 = DIRECTION ( 'NONE',  ( -0.000000000000000000, -0.000000000000000000, -1.000000000000000000 ) ) ;
#1693 = ADVANCED_FACE ( 'NONE', ( #353 ), #3452, .F. ) ;
#1694 = ORIENTED_EDGE ( 'NONE', *, *, #3406, .T. ) ;
#1695 = EDGE_LOOP ( 'NONE', ( #238, #3217, #1055, #617, #1443, #389 ) ) ;
#1696 = EDGE_CURVE ( 'NONE', #4366, #837, #2019, .T. ) ;
#1697 = EDGE_CURVE ( 'NONE', #251, #2341, #4224, .T. ) ;
#1698 = DIRECTION ( 'NONE',  ( -0.5773502691896278405, 0.5773502691896278405, 0.5773502691896216232 ) ) ;
#1699 = CARTESIAN_POINT ( 'NONE',  ( 2.540000000000000036, 0.000000000000000000, 11.36999999999999922 ) ) ;
#1700 = EDGE_CURVE ( 'NONE', #1353, #3979, #2439, .T. ) ;
#1701 = ORIENTED_EDGE ( 'NONE', *, *, #2235, .F. ) ;
#1702 = DIRECTION ( 'NONE',  ( 1.000000000000000000, 0.000000000000000000, 0.000000000000000000 ) ) ;
#1703 = CARTESIAN_POINT ( 'NONE',  ( 2.540000000000000036, -4.989501595336908954E-14, 2.870000000000000107 ) ) ;
#1704 = CARTESIAN_POINT ( 'NONE',  ( -3.509999999999999343, 3.510000000000013110, 10.09999999999999964 ) ) ;
#1705 = ORIENTED_EDGE ( 'NONE', *, *, #1632, .T. ) ;
#1706 = ORIENTED_EDGE ( 'NONE', *, *, #1502, .T. ) ;
#1707 = DIRECTION ( 'NONE',  ( 0.000000000000000000, -1.084202172485506603E-15, 1.000000000000000000 ) ) ;
#1708 = CARTESIAN_POINT ( 'NONE',  ( -2.540000000000000036, 0.000000000000000000, 11.36999999999999922 ) ) ;
#1709 = AXIS2_PLACEMENT_3D ( 'NONE', #79, #3220, #1478 ) ;
#1710 = LINE ( 'NONE', #354, #296 ) ;
#1711 = PLANE ( 'NONE',  #4330 ) ;
#1712 = VECTOR ( 'NONE', #3803, 1000.000000000000000 ) ;
#1713 = CARTESIAN_POINT ( 'NONE',  ( -3.509999999999999343, 1.569999999999958540, 10.09999999999999964 ) ) ;
#1714 = PLANE ( 'NONE',  #3827 ) ;
#1715 = VECTOR ( 'NONE', #2825, 1000.000000000000000 ) ;
#1716 = CARTESIAN_POINT ( 'NONE',  ( -4.510000000000004228, 5.079999999999999183, 11.36999999999999922 ) ) ;
#1717 = ORIENTED_EDGE ( 'NONE', *, *, #3308, .F. ) ;
#1718 = PLANE ( 'NONE',  #174 ) ;
#1719 = FACE_OUTER_BOUND ( 'NONE', #2509, .T. ) ;
#1720 = DIRECTION ( 'NONE',  ( 0.000000000000000000, 5.870001876866950550E-15, 1.000000000000000000 ) ) ;
#1721 = ORIENTED_EDGE ( 'NONE', *, *, #1417, .T. ) ;
#1722 = CARTESIAN_POINT ( 'NONE',  ( -5.330000000000000959, 0.000000000000000000, 11.36999999999999922 ) ) ;
#1723 = CARTESIAN_POINT ( 'NONE',  ( -4.110000000000002984, 1.569999999999958540, 10.97000000000000242 ) ) ;
#1724 = DIRECTION ( 'NONE',  ( -1.000000000000000000, 0.000000000000000000, 0.000000000000000000 ) ) ;
#1725 = VERTEX_POINT ( 'NONE', #1747 ) ;
#1726 = ADVANCED_FACE ( 'NONE', ( #3116 ), #3496, .F. ) ;
#1727 = ORIENTED_EDGE ( 'NONE', *, *, #461, .T. ) ;
#1728 = DIRECTION ( 'NONE',  ( -0.000000000000000000, 1.000000000000000000, 0.000000000000000000 ) ) ;
#1729 = CARTESIAN_POINT ( 'NONE',  ( -3.109999999999997211, 5.079999999999999183, 11.36999999999999922 ) ) ;
#1730 =( NAMED_UNIT ( * ) SI_UNIT ( $, .STERADIAN. ) SOLID_ANGLE_UNIT ( ) );
#1731 = DIRECTION ( 'NONE',  ( 0.000000000000000000, 1.000000000000000000, 0.000000000000000000 ) ) ;
#1732 = CARTESIAN_POINT ( 'NONE',  ( -2.540000000000000036, -4.989501595336908954E-14, 2.870000000000000107 ) ) ;
#1733 = EDGE_CURVE ( 'NONE', #2652, #1005, #3092, .T. ) ;
#1734 = DIRECTION ( 'NONE',  ( 0.000000000000000000, 1.082302103395239435E-16, 1.000000000000000000 ) ) ;
#1735 = ORIENTED_EDGE ( 'NONE', *, *, #2505, .T. ) ;
#1736 = DIRECTION ( 'NONE',  ( 0.000000000000000000, -0.3420201433256411239, 0.9396926207859184199 ) ) ;
#1737 = CARTESIAN_POINT ( 'NONE',  ( 5.330000000000000959, 0.000000000000000000, 11.36999999999999922 ) ) ;
#1738 = ORIENTED_EDGE ( 'NONE', *, *, #2168, .T. ) ;
#1739 = ORIENTED_EDGE ( 'NONE', *, *, #183, .T. ) ;
#1740 = DIRECTION ( 'NONE',  ( 0.000000000000000000, 1.000000000000000000, 1.084202172485506406E-15 ) ) ;
#1741 = CARTESIAN_POINT ( 'NONE',  ( -2.540000000000000036, 4.510000000000014886, 11.36999999999999922 ) ) ;
#1742 = DIRECTION ( 'NONE',  ( 0.000000000000000000, -0.9396926207859105373, 0.3420201433256629397 ) ) ;
#1743 = VERTEX_POINT ( 'NONE', #1017 ) ;
#1744 = VERTEX_POINT ( 'NONE', #4176 ) ;
#1745 = CARTESIAN_POINT ( 'NONE',  ( -5.080000000000000071, 0.3999999999999501732, 2.870000000000000107 ) ) ;
#1746 = EDGE_CURVE ( 'NONE', #343, #734, #1369, .T. ) ;
#1747 = CARTESIAN_POINT ( 'NONE',  ( 2.540000000000000036, 0.5364888378497735255, 3.245000000000000551 ) ) ;
#1748 =( LENGTH_UNIT ( ) NAMED_UNIT ( * ) SI_UNIT ( .MILLI., .METRE. ) );
#1749 = ADVANCED_FACE ( 'NONE', ( #2042 ), #3426, .T. ) ;
#1750 = VECTOR ( 'NONE', #24, 1000.000000000000000 ) ;
#1751 = VERTEX_POINT ( 'NONE', #2415 ) ;
#1752 = DIRECTION ( 'NONE',  ( -1.000000000000000000, -0.000000000000000000, -0.000000000000000000 ) ) ;
#1753 =( GEOMETRIC_REPRESENTATION_CONTEXT ( 3 ) GLOBAL_UNCERTAINTY_ASSIGNED_CONTEXT ( ( #1920 ) ) GLOBAL_UNIT_ASSIGNED_CONTEXT ( ( #2580, #1547, #1226 ) ) REPRESENTATION_CONTEXT ( 'NONE', 'WORKASPACE' ) );
#1754 = CARTESIAN_POINT ( 'NONE',  ( 4.110000000000001208, 3.510000000000013110, 10.09999999999999964 ) ) ;
#1755 = VECTOR ( 'NONE', #1731, 1000.000000000000000 ) ;
#1756 = STYLED_ITEM ( 'NONE', ( #2020 ), #4039 ) ;
#1757 = ORIENTED_EDGE ( 'NONE', *, *, #2962, .T. ) ;
#1758 = VECTOR ( 'NONE', #731, 1000.000000000000000 ) ;
#1759 = LINE ( 'NONE', #4233, #3825 ) ;
#1760 = DIRECTION ( 'NONE',  ( 0.000000000000000000, -1.000000000000000000, 0.000000000000000000 ) ) ;
#1761 = VERTEX_POINT ( 'NONE', #4200 ) ;
#1762 = EDGE_LOOP ( 'NONE', ( #546, #351, #577, #498 ) ) ;
#1763 = AXIS2_PLACEMENT_3D ( 'NONE', #2911, #370, #1768 ) ;
#1764 = APPLICATION_CONTEXT ( 'automotive_design' ) ;
#1765 = AXIS2_PLACEMENT_3D ( 'NONE', #1521, #3961, #83 ) ;
#1766 = DIRECTION ( 'NONE',  ( 0.000000000000000000, 0.000000000000000000, -1.000000000000000000 ) ) ;
#1767 = DIRECTION ( 'NONE',  ( 0.000000000000000000, 0.000000000000000000, -1.000000000000000000 ) ) ;
#1768 = DIRECTION ( 'NONE',  ( -1.000000000000000000, 0.000000000000000000, -0.000000000000000000 ) ) ;
#1769 = EDGE_LOOP ( 'NONE', ( #4331, #3880, #3943, #2477 ) ) ;
#1770 = VERTEX_POINT ( 'NONE', #3784 ) ;
#1771 = CARTESIAN_POINT ( 'NONE',  ( 0.2999999999999999889, 3.609999999999999876, 3.245000000000000551 ) ) ;
#1772 = LINE ( 'NONE', #2203, #4509 ) ;
#1773 = FACE_OUTER_BOUND ( 'NONE', #1769, .T. ) ;
#1774 = ADVANCED_FACE ( 'NONE', ( #3063 ), #4549, .F. ) ;
#1775 = EDGE_CURVE ( 'NONE', #1744, #3386, #1410, .T. ) ;
#1776 = VERTEX_POINT ( 'NONE', #282 ) ;
#1777 = DIRECTION ( 'NONE',  ( 0.7071067811865436870, 0.000000000000000000, -0.7071067811865513475 ) ) ;
#1778 = EDGE_CURVE ( 'NONE', #2222, #95, #997, .T. ) ;
#1779 = CARTESIAN_POINT ( 'NONE',  ( 3.509999999999997566, 3.510000000000013110, 10.97000000000000242 ) ) ;
#1780 = AXIS2_PLACEMENT_3D ( 'NONE', #1287, #4522, #3058 ) ;
#1781 = ORIENTED_EDGE ( 'NONE', *, *, #3133, .F. ) ;
#1782 = EDGE_CURVE ( 'NONE', #1153, #210, #1996, .T. ) ;
#1783 = VECTOR ( 'NONE', #970, 1000.000000000000000 ) ;
#1784 = CARTESIAN_POINT ( 'NONE',  ( -5.330000000000000959, 0.000000000000000000, 0.000000000000000000 ) ) ;
#1785 = LINE ( 'NONE', #3905, #1828 ) ;
#1786 = CARTESIAN_POINT ( 'NONE',  ( 0.9699999999999977529, 0.9699999999999587841, 10.09999999999999964 ) ) ;
#1787 = ORIENTED_EDGE ( 'NONE', *, *, #435, .F. ) ;
#1788 = ORIENTED_EDGE ( 'NONE', *, *, #823, .F. ) ;
#1789 = COLOUR_RGB ( '',0.2509803921568627416, 0.2509803921568627416, 0.2509803921568627416 ) ;
#1790 = CARTESIAN_POINT ( 'NONE',  ( -4.110000000000002984, 0.9699999999999587841, 10.97000000000000242 ) ) ;
#1791 = DIRECTION ( 'NONE',  ( 0.3420201433256671031, -0.9396926207859089830, 1.116511540739375110E-16 ) ) ;
#1792 = DIRECTION ( 'NONE',  ( -1.000000000000000000, -0.000000000000000000, -0.000000000000000000 ) ) ;
#1793 = EDGE_LOOP ( 'NONE', ( #233, #2455, #2215, #423 ) ) ;
#1794 = ORIENTED_EDGE ( 'NONE', *, *, #878, .T. ) ;
#1795 = CARTESIAN_POINT ( 'NONE',  ( 0.2999999999999999889, -2.849999999999998312, -1.470000000000000639 ) ) ;
#1796 = CARTESIAN_POINT ( 'NONE',  ( 5.079999999999999183, 4.679999999999999716, 2.869999999999999662 ) ) ;
#1797 = DIRECTION ( 'NONE',  ( 0.000000000000000000, 0.3420201433256412349, -0.9396926207859185309 ) ) ;
#1798 = ORIENTED_EDGE ( 'NONE', *, *, #962, .F. ) ;
#1799 = CARTESIAN_POINT ( 'NONE',  ( -0.2999999999999999889, 3.040000000000000036, -1.470000000000000195 ) ) ;
#1800 = LINE ( 'NONE', #1754, #3588 ) ;
#1801 = ORIENTED_EDGE ( 'NONE', *, *, #3748, .F. ) ;
#1802 = EDGE_CURVE ( 'NONE', #4269, #3877, #1042, .T. ) ;
#1803 = LINE ( 'NONE', #2102, #2189 ) ;
#1804 = LINE ( 'NONE', #1422, #2848 ) ;
#1805 = ORIENTED_EDGE ( 'NONE', *, *, #4274, .T. ) ;
#1806 = ORIENTED_EDGE ( 'NONE', *, *, #1057, .T. ) ;
#1807 = ADVANCED_FACE ( 'NONE', ( #2811 ), #4129, .T. ) ;
#1808 = CARTESIAN_POINT ( 'NONE',  ( 5.080000000000000071, 4.543511162150186244, 3.245000000000000107 ) ) ;
#1809 = DIRECTION ( 'NONE',  ( -0.000000000000000000, 1.000000000000000000, 1.188166764367676095E-16 ) ) ;
#1810 = DIRECTION ( 'NONE',  ( 0.000000000000000000, -0.7071067811865436870, -0.7071067811865513475 ) ) ;
#1811 = EDGE_LOOP ( 'NONE', ( #3533, #1597, #2037, #1918 ) ) ;
#1812 = EDGE_LOOP ( 'NONE', ( #3459, #3272, #2090, #3727 ) ) ;
#1813 = DIRECTION ( 'NONE',  ( 0.000000000000000000, -1.000000000000000000, 0.000000000000000000 ) ) ;
#1814 = CARTESIAN_POINT ( 'NONE',  ( 0.9699999999999977529, 1.569999999999958540, 10.09999999999999964 ) ) ;
#1815 = DIRECTION ( 'NONE',  ( 0.000000000000000000, -1.000000000000000000, 0.000000000000000000 ) ) ;
#1816 = EDGE_CURVE ( 'NONE', #269, #1321, #2746, .T. ) ;
#1817 = EDGE_LOOP ( 'NONE', ( #1231, #1141, #1408, #4088 ) ) ;
#1818 = DIRECTION ( 'NONE',  ( 0.000000000000000000, 0.000000000000000000, -1.000000000000000000 ) ) ;
#1819 = VECTOR ( 'NONE', #710, 1000.000000000000000 ) ;
#1820 = DIRECTION ( 'NONE',  ( 0.000000000000000000, 1.000000000000000000, -5.870001876866950550E-15 ) ) ;
#1821 = VECTOR ( 'NONE', #18, 1000.000000000000000 ) ;
#1822 = VERTEX_POINT ( 'NONE', #3519 ) ;
#1823 = AXIS2_PLACEMENT_3D ( 'NONE', #500, #1260, #1940 ) ;
#1824 = FACE_OUTER_BOUND ( 'NONE', #1817, .T. ) ;
#1825 = ORIENTED_EDGE ( 'NONE', *, *, #377, .T. ) ;
#1826 = ORIENTED_EDGE ( 'NONE', *, *, #2896, .T. ) ;
#1827 = EDGE_CURVE ( 'NONE', #982, #1902, #4288, .T. ) ;
#1828 = VECTOR ( 'NONE', #2838, 1000.000000000000000 ) ;
#1829 = ADVANCED_FACE ( 'NONE', ( #2506 ), #442, .F. ) ;
#1830 = DIRECTION ( 'NONE',  ( 0.000000000000000000, 1.000000000000000000, -1.188166764367676095E-16 ) ) ;
#1831 = EDGE_CURVE ( 'NONE', #1223, #173, #2526, .T. ) ;
#1832 = DIRECTION ( 'NONE',  ( 0.000000000000000000, -0.000000000000000000, -1.000000000000000000 ) ) ;
#1833 = PLANE ( 'NONE',  #810 ) ;
#1834 = VECTOR ( 'NONE', #4394, 1000.000000000000000 ) ;
#1835 =( LENGTH_UNIT ( ) NAMED_UNIT ( * ) SI_UNIT ( .MILLI., .METRE. ) );
#1836 = ORIENTED_EDGE ( 'NONE', *, *, #636, .F. ) ;
#1837 = AXIS2_PLACEMENT_3D ( 'NONE', #381, #1777, #3184 ) ;
#1838 = ORIENTED_EDGE ( 'NONE', *, *, #1157, .F. ) ;
#1839 = CARTESIAN_POINT ( 'NONE',  ( 1.570000000000001172, 3.510000000000013110, 10.97000000000000242 ) ) ;
#1840 = CARTESIAN_POINT ( 'NONE',  ( 0.9699999999999977529, 3.510000000000013110, 10.97000000000000242 ) ) ;
#1841 = LINE ( 'NONE', #2204, #1104 ) ;
#1842 = VERTEX_POINT ( 'NONE', #2162 ) ;
#1843 = FACE_OUTER_BOUND ( 'NONE', #812, .T. ) ;
#1844 = SURFACE_SIDE_STYLE ('',( #2254 ) ) ;
#1845 = EDGE_LOOP ( 'NONE', ( #2977, #2142, #3424, #3620 ) ) ;
#1846 = CARTESIAN_POINT ( 'NONE',  ( -4.110000000000002984, 3.510000000000013110, 10.97000000000000242 ) ) ;
#1847 = AXIS2_PLACEMENT_3D ( 'NONE', #4418, #4075, #918 ) ;
#1848 = CARTESIAN_POINT ( 'NONE',  ( -4.110000000000002984, 1.569999999999958540, 10.09999999999999964 ) ) ;
#1849 = VERTEX_POINT ( 'NONE', #3541 ) ;
#1850 = ORIENTED_EDGE ( 'NONE', *, *, #38, .F. ) ;
#1851 = CARTESIAN_POINT ( 'NONE',  ( -0.2999999999999999889, 0.5000000000000000000, -1.470000000000000195 ) ) ;
#1852 = CARTESIAN_POINT ( 'NONE',  ( -3.509999999999999343, 3.510000000000013110, 10.09999999999999964 ) ) ;
#1853 = DIRECTION ( 'NONE',  ( -0.000000000000000000, -0.000000000000000000, 1.000000000000000000 ) ) ;
#1855 = VECTOR ( 'NONE', #3815, 1000.000000000000000 ) ;
#1854 = CARTESIAN_POINT ( 'NONE',  ( -1.270000000000002460, 0.000000000000000000, 0.000000000000000000 ) ) ;
#1856 = ORIENTED_EDGE ( 'NONE', *, *, #3074, .F. ) ;
#1857 = EDGE_LOOP ( 'NONE', ( #3828, #323, #3038, #3294 ) ) ;
#1858 = CARTESIAN_POINT ( 'NONE',  ( -1.570000000000002283, 1.569999999999958540, 10.09999999999999964 ) ) ;
#1859 = LINE ( 'NONE', #36, #1119 ) ;
#1860 = DIRECTION ( 'NONE',  ( 0.000000000000000000, 0.000000000000000000, -1.000000000000000000 ) ) ;
#1861 = EDGE_CURVE ( 'NONE', #1321, #2160, #1859, .T. ) ;
#1862 = ORIENTED_EDGE ( 'NONE', *, *, #2305, .T. ) ;
#1863 = LINE ( 'NONE', #3248, #4342 ) ;
#1864 = LINE ( 'NONE', #2126, #1424 ) ;
#1865 = LINE ( 'NONE', #2209, #869 ) ;
#1866 = ORIENTED_EDGE ( 'NONE', *, *, #4459, .T. ) ;
#1867 = EDGE_CURVE ( 'NONE', #547, #2251, #3935, .T. ) ;
#1868 = LINE ( 'NONE', #2607, #2626 ) ;
#1869 = EDGE_LOOP ( 'NONE', ( #2292, #3528, #927, #3019, #622, #4252, #2647, #1912 ) ) ;
#1870 = ORIENTED_EDGE ( 'NONE', *, *, #632, .T. ) ;
#1871 = FACE_OUTER_BOUND ( 'NONE', #1695, .T. ) ;
#1872 = FACE_OUTER_BOUND ( 'NONE', #2741, .T. ) ;
#1873 = PLANE ( 'NONE',  #2937 ) ;
#1874 = EDGE_LOOP ( 'NONE', ( #397, #2069, #2982, #3763 ) ) ;
#1875 = ORIENTED_EDGE ( 'NONE', *, *, #474, .F. ) ;
#1876 = LINE ( 'NONE', #2294, #2663 ) ;
#1877 = CARTESIAN_POINT ( 'NONE',  ( -4.110000000000002984, 1.569999999999958540, 10.09999999999999964 ) ) ;
#1878 = DIRECTION ( 'NONE',  ( -1.000000000000000000, -0.000000000000000000, -0.000000000000000000 ) ) ;
#1879 = ADVANCED_FACE ( 'NONE', ( #118, #3179, #746 ), #767, .F. ) ;
#1880 = EDGE_LOOP ( 'NONE', ( #3990, #4273, #93, #3357 ) ) ;
#1881 = LINE ( 'NONE', #3683, #3756 ) ;
#1882 = DIRECTION ( 'NONE',  ( 0.000000000000000000, 0.3420201433256628842, 0.9396926207859104263 ) ) ;
#1883 = EDGE_CURVE ( 'NONE', #1480, #3483, #3565, .T. ) ;
#1884 = PRESENTATION_STYLE_ASSIGNMENT (( #1587 ) ) ;
#1885 = VECTOR ( 'NONE', #4406, 1000.000000000000000 ) ;
#1886 = FACE_OUTER_BOUND ( 'NONE', #2084, .T. ) ;
#1887 = ORIENTED_EDGE ( 'NONE', *, *, #2868, .F. ) ;
#1888 = ORIENTED_EDGE ( 'NONE', *, *, #1963, .F. ) ;
#1889 = VECTOR ( 'NONE', #1530, 1000.000000000000000 ) ;
#1890 = DIRECTION ( 'NONE',  ( 0.000000000000000000, -0.000000000000000000, -1.000000000000000000 ) ) ;
#1891 = LINE ( 'NONE', #181, #1889 ) ;
#1892 = PLANE ( 'NONE',  #2132 ) ;
#1893 = ORIENTED_EDGE ( 'NONE', *, *, #4132, .F. ) ;
#1894 = ADVANCED_FACE ( 'NONE', ( #1432 ), #3956, .F. ) ;
#1895 = VECTOR ( 'NONE', #4550, 1000.000000000000000 ) ;
#1896 = VERTEX_POINT ( 'NONE', #1176 ) ;
#1897 = CARTESIAN_POINT ( 'NONE',  ( -2.540000000000000036, 0.000000000000000000, 11.36999999999999922 ) ) ;
#1898 = VECTOR ( 'NONE', #2066, 1000.000000000000000 ) ;
#1899 = CARTESIAN_POINT ( 'NONE',  ( 0.000000000000000000, 0.3999999999999501732, 2.870000000000000107 ) ) ;
#1900 = CARTESIAN_POINT ( 'NONE',  ( -5.330000000000000959, 0.5364888378497735255, 3.245000000000000551 ) ) ;
#1901 = COLOUR_RGB ( '',1.000000000000000000, 0.8117647058823529438, 0.5019607843137254832 ) ;
#1902 = VERTEX_POINT ( 'NONE', #1840 ) ;
#1903 = DIRECTION ( 'NONE',  ( -0.000000000000000000, -1.000000000000000000, -0.000000000000000000 ) ) ;
#1904 = DIRECTION ( 'NONE',  ( -0.000000000000000000, -1.000000000000000000, -0.000000000000000000 ) ) ;
#1905 = ADVANCED_FACE ( 'NONE', ( #3200 ), #54, .F. ) ;
#1906 = ORIENTED_EDGE ( 'NONE', *, *, #2768, .T. ) ;
#1907 = ADVANCED_FACE ( 'NONE', ( #2850 ), #1518, .F. ) ;
#1908 = EDGE_CURVE ( 'NONE', #3319, #129, #1451, .T. ) ;
#1909 =( NAMED_UNIT ( * ) SI_UNIT ( $, .STERADIAN. ) SOLID_ANGLE_UNIT ( ) );
#1910 = PLANE ( 'NONE',  #65 ) ;
#1911 = EDGE_LOOP ( 'NONE', ( #4429, #2230, #1788, #2356, #1838, #989, #3177, #3715 ) ) ;
#1912 = ORIENTED_EDGE ( 'NONE', *, *, #67, .F. ) ;
#1913 = EDGE_CURVE ( 'NONE', #1761, #2239, #1772, .T. ) ;
#1914 = VECTOR ( 'NONE', #808, 1000.000000000000000 ) ;
#1915 = DIRECTION ( 'NONE',  ( -0.000000000000000000, 0.000000000000000000, 1.000000000000000000 ) ) ;
#1916 = LINE ( 'NONE', #2289, #510 ) ;
#1917 = CARTESIAN_POINT ( 'NONE',  ( 5.330000000000000959, 0.000000000000000000, 11.36999999999999922 ) ) ;
#1918 = ORIENTED_EDGE ( 'NONE', *, *, #38, .T. ) ;
#1919 = AXIS2_PLACEMENT_3D ( 'NONE', #229, #2684, #3751 ) ;
#1920 = UNCERTAINTY_MEASURE_WITH_UNIT (LENGTH_MEASURE( 1.000000000000000082E-05 ), #2580, 'distance_accuracy_value', 'NONE');
#1921 = ORIENTED_EDGE ( 'NONE', *, *, #3983, .T. ) ;
#1922 = CARTESIAN_POINT ( 'NONE',  ( 0.2999999999999999889, -2.849999999999998312, -1.069999999999999618 ) ) ;
#1923 = EDGE_CURVE ( 'NONE', #783, #1267, #2832, .T. ) ;
#1924 = DIRECTION ( 'NONE',  ( 0.000000000000000000, 0.3420201433256412349, -0.9396926207859185309 ) ) ;
#1925 =( GEOMETRIC_REPRESENTATION_CONTEXT ( 3 ) GLOBAL_UNCERTAINTY_ASSIGNED_CONTEXT ( ( #867 ) ) GLOBAL_UNIT_ASSIGNED_CONTEXT ( ( #1356, #3771, #2357 ) ) REPRESENTATION_CONTEXT ( 'NONE', 'WORKASPACE' ) );
#1926 = PLANE ( 'NONE',  #2421 ) ;
#1927 = VECTOR ( 'NONE', #690, 1000.000000000000000 ) ;
#1928 = ORIENTED_EDGE ( 'NONE', *, *, #2872, .F. ) ;
#1929 = PLANE ( 'NONE',  #672 ) ;
#1930 = CARTESIAN_POINT ( 'NONE',  ( 2.540000000000000036, 1.969999999999960449, 11.36999999999999922 ) ) ;
#1931 = CARTESIAN_POINT ( 'NONE',  ( -0.9699999999999990852, 4.110000000000012754, 10.97000000000000242 ) ) ;
#1932 = ORIENTED_EDGE ( 'NONE', *, *, #1963, .T. ) ;
#1933 = FACE_OUTER_BOUND ( 'NONE', #4212, .T. ) ;
#1934 = LINE ( 'NONE', #4341, #3881 ) ;
#1935 = ORIENTED_EDGE ( 'NONE', *, *, #1964, .F. ) ;
#1936 = VERTEX_POINT ( 'NONE', #97 ) ;
#1937 = EDGE_CURVE ( 'NONE', #1303, #1109, #4244, .T. ) ;
#1938 = EDGE_CURVE ( 'NONE', #3216, #1947, #2482, .T. ) ;
#1939 = CARTESIAN_POINT ( 'NONE',  ( -1.570000000000002283, 4.110000000000012754, 10.97000000000000242 ) ) ;
#1940 = DIRECTION ( 'NONE',  ( 0.000000000000000000, -1.000000000000000000, 0.000000000000000000 ) ) ;
#1941 = CARTESIAN_POINT ( 'NONE',  ( -5.330000000000000959, 0.000000000000000000, 11.36999999999999922 ) ) ;
#1942 = EDGE_CURVE ( 'NONE', #4284, #2873, #4027, .T. ) ;
#1943 = ORIENTED_EDGE ( 'NONE', *, *, #2734, .F. ) ;
#1944 = DIRECTION ( 'NONE',  ( 1.000000000000000000, 0.000000000000000000, 0.000000000000000000 ) ) ;
#1945 = LINE ( 'NONE', #206, #3026 ) ;
#1946 = LINE ( 'NONE', #3349, #3967 ) ;
#1947 = VERTEX_POINT ( 'NONE', #4377 ) ;
#1948 = ORIENTED_EDGE ( 'NONE', *, *, #47, .F. ) ;
#1949 = DIRECTION ( 'NONE',  ( 0.000000000000000000, -1.000000000000000000, 0.000000000000000000 ) ) ;
#1950 = CARTESIAN_POINT ( 'NONE',  ( 1.970000000000003082, 1.969999999999960449, 11.36999999999999922 ) ) ;
#1951 = EDGE_LOOP ( 'NONE', ( #2067, #1509, #4324, #3911 ) ) ;
#1952 = ADVANCED_FACE ( 'NONE', ( #1221 ), #1582, .F. ) ;
#1953 = CARTESIAN_POINT ( 'NONE',  ( -5.080000000000000071, 5.079999999999999183, 2.870000000000000107 ) ) ;
#1954 = LINE ( 'NONE', #3360, #2551 ) ;
#1955 = ORIENTED_EDGE ( 'NONE', *, *, #917, .T. ) ;
#1956 = ORIENTED_EDGE ( 'NONE', *, *, #4391, .T. ) ;
#1957 = DIRECTION ( 'NONE',  ( 0.000000000000000000, 0.9396926207859185309, 0.3420201433256412349 ) ) ;
#1958 = DIRECTION ( 'NONE',  ( 0.000000000000000000, 0.000000000000000000, -1.000000000000000000 ) ) ;
#1959 = LINE ( 'NONE', #4052, #1329 ) ;
#1960 = VECTOR ( 'NONE', #3817, 1000.000000000000000 ) ;
#1961 = ORIENTED_EDGE ( 'NONE', *, *, #3375, .F. ) ;
#1962 = EDGE_CURVE ( 'NONE', #3400, #73, #2600, .T. ) ;
#1963 = EDGE_CURVE ( 'NONE', #3502, #1149, #3724, .T. ) ;
#1964 = EDGE_CURVE ( 'NONE', #2712, #1896, #1945, .T. ) ;
#1965 = CARTESIAN_POINT ( 'NONE',  ( 0.000000000000000000, 4.543511162150186244, 3.245000000000000107 ) ) ;
#1966 = LINE ( 'NONE', #2642, #3247 ) ;
#1967 = DIRECTION ( 'NONE',  ( 1.000000000000000000, 0.000000000000000000, 0.000000000000000000 ) ) ;
#1968 = AXIS2_PLACEMENT_3D ( 'NONE', #409, #3485, #61 ) ;
#1969 = ORIENTED_EDGE ( 'NONE', *, *, #4291, .T. ) ;
#1970 = ORIENTED_EDGE ( 'NONE', *, *, #4036, .F. ) ;
#1971 = VECTOR ( 'NONE', #3159, 1000.000000000000000 ) ;
#1972 = DIRECTION ( 'NONE',  ( 0.000000000000000000, 1.000000000000000000, 1.084202172485506406E-15 ) ) ;
#1973 = LINE ( 'NONE', #1292, #1485 ) ;
#1974 = DIRECTION ( 'NONE',  ( 0.000000000000000000, -0.7071067811865436870, -0.7071067811865513475 ) ) ;
#1975 = VERTEX_POINT ( 'NONE', #1540 ) ;
#1976 = AXIS2_PLACEMENT_3D ( 'NONE', #3580, #4320, #1469 ) ;
#1977 = VECTOR ( 'NONE', #4333, 1000.000000000000000 ) ;
#1978 = SURFACE_STYLE_FILL_AREA ( #3691 ) ;
#1979 = DIRECTION ( 'NONE',  ( 0.000000000000000000, -1.000000000000000000, 0.000000000000000000 ) ) ;
#1980 = VERTEX_POINT ( 'NONE', #2295 ) ;
#1981 = ORIENTED_EDGE ( 'NONE', *, *, #533, .T. ) ;
#1982 = FILL_AREA_STYLE_COLOUR ( '', #2221 ) ;
#1983 = DIRECTION ( 'NONE',  ( 0.000000000000000000, -1.000000000000000000, 0.000000000000000000 ) ) ;
#1984 = PLANE ( 'NONE',  #3656 ) ;
#1985 = CARTESIAN_POINT ( 'NONE',  ( 0.000000000000000000, 0.000000000000000000, 0.000000000000000000 ) ) ;
#1986 = ORIENTED_EDGE ( 'NONE', *, *, #1608, .F. ) ;
#1987 = CARTESIAN_POINT ( 'NONE',  ( 0.000000000000000000, 5.079999999999999183, 2.870000000000000107 ) ) ;
#1988 = LINE ( 'NONE', #1723, #239 ) ;
#1989 = LINE ( 'NONE', #277, #884 ) ;
#1990 = VECTOR ( 'NONE', #3586, 1000.000000000000114 ) ;
#1991 = ORIENTED_EDGE ( 'NONE', *, *, #627, .T. ) ;
#1992 = EDGE_CURVE ( 'NONE', #4226, #2688, #138, .T. ) ;
#1993 = ORIENTED_EDGE ( 'NONE', *, *, #1339, .T. ) ;
#1994 = VECTOR ( 'NONE', #2013, 1000.000000000000000 ) ;
#1995 = DIRECTION ( 'NONE',  ( 0.5773502691896278405, 0.5773502691896278405, 0.5773502691896216232 ) ) ;
#1996 = LINE ( 'NONE', #2393, #3106 ) ;
#1997 = SURFACE_STYLE_USAGE ( .BOTH. , #817 ) ;
#1998 = DIRECTION ( 'NONE',  ( 0.000000000000000000, 0.000000000000000000, 1.000000000000000000 ) ) ;
#1999 = EDGE_CURVE ( 'NONE', #722, #2222, #531, .T. ) ;
#2000 = ORIENTED_EDGE ( 'NONE', *, *, #2872, .T. ) ;
#2001 = AXIS2_PLACEMENT_3D ( 'NONE', #1784, #2550, #3963 ) ;
#2002 = DIRECTION ( 'NONE',  ( 0.000000000000000000, -1.000000000000000000, -1.084202172485506406E-15 ) ) ;
#2003 = DIRECTION ( 'NONE',  ( 0.000000000000000000, -2.316052704908954646E-16, 1.000000000000000000 ) ) ;
#2004 = DIRECTION ( 'NONE',  ( 0.000000000000000000, 0.000000000000000000, -1.000000000000000000 ) ) ;
#2005 = ORIENTED_EDGE ( 'NONE', *, *, #2347, .T. ) ;
#2006 = ORIENTED_EDGE ( 'NONE', *, *, #2099, .F. ) ;
#2007 = EDGE_CURVE ( 'NONE', #921, #1572, #1966, .T. ) ;
#2008 = EDGE_LOOP ( 'NONE', ( #3061, #2669, #1227, #1064, #915, #4083 ) ) ;
#2009 = CARTESIAN_POINT ( 'NONE',  ( 5.330000000000000959, 4.679999999999999716, 2.869999999999999662 ) ) ;
#2010 = LINE ( 'NONE', #3795, #2854 ) ;
#2011 = CARTESIAN_POINT ( 'NONE',  ( -2.540000000000000036, 0.5699999999999568745, 11.36999999999999922 ) ) ;
#2012 = ORIENTED_EDGE ( 'NONE', *, *, #629, .F. ) ;
#2013 = DIRECTION ( 'NONE',  ( -1.000000000000000000, -0.000000000000000000, -0.000000000000000000 ) ) ;
#2014 = CARTESIAN_POINT ( 'NONE',  ( -4.110000000000002984, 1.569999999999958540, 10.97000000000000242 ) ) ;
#2015 = DIRECTION ( 'NONE',  ( 0.000000000000000000, 0.000000000000000000, 1.000000000000000000 ) ) ;
#2016 = EDGE_LOOP ( 'NONE', ( #197, #2925, #2939, #2728 ) ) ;
#2017 = EDGE_LOOP ( 'NONE', ( #1412, #3051, #802, #1955 ) ) ;
#2018 = PLANE ( 'NONE',  #1559 ) ;
#2019 = LINE ( 'NONE', #1729, #2287 ) ;
#2020 = PRESENTATION_STYLE_ASSIGNMENT (( #3709 ) ) ;
#2021 = EDGE_CURVE ( 'NONE', #4253, #1353, #508, .T. ) ;
#2022 = LINE ( 'NONE', #656, #3005 ) ;
#2023 = DIRECTION ( 'NONE',  ( -0.000000000000000000, -0.000000000000000000, 1.000000000000000000 ) ) ;
#2024 = ADVANCED_FACE ( 'NONE', ( #1562 ), #165, .F. ) ;
#2025 = LINE ( 'NONE', #2697, #2780 ) ;
#2026 = EDGE_LOOP ( 'NONE', ( #2834, #125, #3576, #883 ) ) ;
#2027 = ORIENTED_EDGE ( 'NONE', *, *, #3132, .T. ) ;
#2028 = ORIENTED_EDGE ( 'NONE', *, *, #1632, .F. ) ;
#2029 = CARTESIAN_POINT ( 'NONE',  ( -4.110000000000002984, 4.110000000000012754, 10.97000000000000242 ) ) ;
#2030 = DIRECTION ( 'NONE',  ( 1.000000000000000000, 0.000000000000000000, 0.000000000000000000 ) ) ;
#2031 = LINE ( 'NONE', #2152, #2996 ) ;
#2032 = ORIENTED_EDGE ( 'NONE', *, *, #858, .T. ) ;
#2033 = CARTESIAN_POINT ( 'NONE',  ( 0.9699999999999977529, 3.510000000000013110, 10.97000000000000242 ) ) ;
#2034 = VECTOR ( 'NONE', #2307, 1000.000000000000000 ) ;
#2035 = DIRECTION ( 'NONE',  ( 0.7071067811865436870, 0.000000000000000000, -0.7071067811865513475 ) ) ;
#2036 = LINE ( 'NONE', #3471, #3090 ) ;
#2037 = ORIENTED_EDGE ( 'NONE', *, *, #636, .T. ) ;
#2038 = AXIS2_PLACEMENT_3D ( 'NONE', #609, #975, #3042 ) ;
#2039 = VERTEX_POINT ( 'NONE', #1264 ) ;
#2040 = LINE ( 'NONE', #1316, #2956 ) ;
#2041 = AXIS2_PLACEMENT_3D ( 'NONE', #3672, #2634, #844 ) ;
#2042 = FACE_OUTER_BOUND ( 'NONE', #3532, .T. ) ;
#2043 = CARTESIAN_POINT ( 'NONE',  ( 5.079999999999999183, 0.3999999999999501732, 2.870000000000000107 ) ) ;
#2044 = AXIS2_PLACEMENT_3D ( 'NONE', #2220, #2870, #3629 ) ;
#2045 =( NAMED_UNIT ( * ) PLANE_ANGLE_UNIT ( ) SI_UNIT ( $, .RADIAN. ) );
#2046 = VECTOR ( 'NONE', #495, 1000.000000000000000 ) ;
#2047 = CARTESIAN_POINT ( 'NONE',  ( 1.570000000000001172, 1.569999999999958540, 10.09999999999999964 ) ) ;
#2048 = AXIS2_PLACEMENT_3D ( 'NONE', #2953, #522, #3317 ) ;
#2049 = CARTESIAN_POINT ( 'NONE',  ( 1.570000000000001172, 3.510000000000013110, 10.09999999999999964 ) ) ;
#2050 = VECTOR ( 'NONE', #683, 1000.000000000000000 ) ;
#2051 = EDGE_CURVE ( 'NONE', #4446, #2776, #831, .T. ) ;
#2052 = VECTOR ( 'NONE', #966, 1000.000000000000000 ) ;
#2053 = EDGE_CURVE ( 'NONE', #3959, #2339, #4055, .T. ) ;
#2054 = DIRECTION ( 'NONE',  ( -0.000000000000000000, 1.000000000000000000, -0.000000000000000000 ) ) ;
#2055 = ORIENTED_EDGE ( 'NONE', *, *, #426, .F. ) ;
#2056 = VECTOR ( 'NONE', #853, 1000.000000000000000 ) ;
#2057 = ORIENTED_EDGE ( 'NONE', *, *, #748, .T. ) ;
#2058 = DIRECTION ( 'NONE',  ( 0.000000000000000000, -1.000000000000000000, 1.082302103395239435E-16 ) ) ;
#2059 = EDGE_CURVE ( 'NONE', #3147, #3652, #3348, .T. ) ;
#2060 = CARTESIAN_POINT ( 'NONE',  ( -0.2999999999999999889, 1.470000000000000417, 2.040000000000000036 ) ) ;
#2061 = CARTESIAN_POINT ( 'NONE',  ( -0.5699999999999971756, 5.079999999999999183, 11.36999999999999922 ) ) ;
#2062 = ORIENTED_EDGE ( 'NONE', *, *, #430, .T. ) ;
#2063 = ADVANCED_FACE ( 'NONE', ( #3010 ), #1628, .F. ) ;
#2064 = FACE_OUTER_BOUND ( 'NONE', #1667, .T. ) ;
#2065 = CARTESIAN_POINT ( 'NONE',  ( 3.109999999999995435, 4.510000000000014886, 11.36999999999999922 ) ) ;
#2066 = DIRECTION ( 'NONE',  ( 0.000000000000000000, 1.000000000000000000, 0.000000000000000000 ) ) ;
#2067 = ORIENTED_EDGE ( 'NONE', *, *, #2843, .T. ) ;
#2068 = EDGE_CURVE ( 'NONE', #428, #1947, #3035, .T. ) ;
#2069 = ORIENTED_EDGE ( 'NONE', *, *, #4116, .F. ) ;
#2070 = PLANE ( 'NONE',  #4289 ) ;
#2071 = DIRECTION ( 'NONE',  ( 0.000000000000000000, 0.000000000000000000, 1.000000000000000000 ) ) ;
#2072 = AXIS2_PLACEMENT_3D ( 'NONE', #702, #1318, #2766 ) ;
#2073 = DIRECTION ( 'NONE',  ( 0.000000000000000000, 0.000000000000000000, 1.000000000000000000 ) ) ;
#2074 = VECTOR ( 'NONE', #400, 1000.000000000000000 ) ;
#2075 = LINE ( 'NONE', #4453, #1755 ) ;
#2076 = CARTESIAN_POINT ( 'NONE',  ( 2.540000000000000036, 0.000000000000000000, 11.36999999999999922 ) ) ;
#2077 = VECTOR ( 'NONE', #2498, 1000.000000000000000 ) ;
#2078 = CARTESIAN_POINT ( 'NONE',  ( -1.570000000000002283, 4.110000000000012754, 10.09999999999999964 ) ) ;
#2079 = ORIENTED_EDGE ( 'NONE', *, *, #4517, .T. ) ;
#2080 = LINE ( 'NONE', #1205, #1354 ) ;
#2081 = CARTESIAN_POINT ( 'NONE',  ( 5.079999999999999183, 3.110000000000010978, 11.36999999999999922 ) ) ;
#2082 = DIRECTION ( 'NONE',  ( 0.000000000000000000, 0.000000000000000000, -1.000000000000000000 ) ) ;
#2083 = ORIENTED_EDGE ( 'NONE', *, *, #4122, .F. ) ;
#2084 = EDGE_LOOP ( 'NONE', ( #3932, #2964, #3721, #3073 ) ) ;
#2085 = EDGE_CURVE ( 'NONE', #4068, #4249, #3634, .T. ) ;
#2086 = LINE ( 'NONE', #4215, #983 ) ;
#2087 = EDGE_CURVE ( 'NONE', #497, #1761, #1198, .T. ) ;
#2088 = DIRECTION ( 'NONE',  ( -0.000000000000000000, 0.000000000000000000, 1.000000000000000000 ) ) ;
#2089 = CARTESIAN_POINT ( 'NONE',  ( 0.9699999999999977529, 0.9699999999999587841, 10.09999999999999964 ) ) ;
#2090 = ORIENTED_EDGE ( 'NONE', *, *, #2791, .F. ) ;
#2091 = ORIENTED_EDGE ( 'NONE', *, *, #488, .T. ) ;
#2092 = DIRECTION ( 'NONE',  ( 0.000000000000000000, 5.870001876866951339E-15, 1.000000000000000000 ) ) ;
#2093 = DIRECTION ( 'NONE',  ( 0.000000000000000000, -5.870001876866951339E-15, -1.000000000000000000 ) ) ;
#2094 = FACE_OUTER_BOUND ( 'NONE', #3583, .T. ) ;
#2095 =( NAMED_UNIT ( * ) SI_UNIT ( $, .STERADIAN. ) SOLID_ANGLE_UNIT ( ) );
#2096 = DIRECTION ( 'NONE',  ( -1.000000000000000000, 0.000000000000000000, 0.000000000000000000 ) ) ;
#2097 = CARTESIAN_POINT ( 'NONE',  ( -3.109999999999997211, 3.110000000000010978, 11.36999999999999922 ) ) ;
#2098 = LINE ( 'NONE', #357, #1821 ) ;
#2099 = EDGE_CURVE ( 'NONE', #1658, #1480, #849, .T. ) ;
#2100 = VERTEX_POINT ( 'NONE', #3470 ) ;
#2101 = CARTESIAN_POINT ( 'NONE',  ( -2.540000000000000036, 4.543511162150186244, 3.245000000000000107 ) ) ;
#2102 = CARTESIAN_POINT ( 'NONE',  ( 5.079999999999999183, 0.5364888378497735255, 3.245000000000000551 ) ) ;
#2103 = DIRECTION ( 'NONE',  ( -0.000000000000000000, -0.000000000000000000, 1.000000000000000000 ) ) ;
#2104 = ORIENTED_EDGE ( 'NONE', *, *, #1802, .T. ) ;
#2105 = LINE ( 'NONE', #1425, #2513 ) ;
#2106 = DIRECTION ( 'NONE',  ( 1.000000000000000000, 0.000000000000000000, 0.000000000000000000 ) ) ;
#2107 = FACE_OUTER_BOUND ( 'NONE', #649, .T. ) ;
#2108 = EDGE_CURVE ( 'NONE', #898, #2930, #3443, .T. ) ;
#2109 = ADVANCED_FACE ( 'NONE', ( #327 ), #1361, .F. ) ;
#2110 = ORIENTED_EDGE ( 'NONE', *, *, #2587, .F. ) ;
#2111 = EDGE_CURVE ( 'NONE', #2239, #1975, #4498, .T. ) ;
#2112 = EDGE_LOOP ( 'NONE', ( #1185, #4484, #2200, #707 ) ) ;
#2113 = CARTESIAN_POINT ( 'NONE',  ( 2.539999999999999591, 0.000000000000000000, 11.36999999999999922 ) ) ;
#2114 = CARTESIAN_POINT ( 'NONE',  ( 0.2999999999999999889, -3.149999999999999911, -1.069999999999999618 ) ) ;
#2115 = SURFACE_STYLE_FILL_AREA ( #2372 ) ;
#2116 = VECTOR ( 'NONE', #1347, 1000.000000000000000 ) ;
#2117 = EDGE_CURVE ( 'NONE', #3413, #575, #965, .T. ) ;
#2118 = ORIENTED_EDGE ( 'NONE', *, *, #1573, .T. ) ;
#2119 = VECTOR ( 'NONE', #1191, 1000.000000000000000 ) ;
#2120 = CARTESIAN_POINT ( 'NONE',  ( 0.000000000000000000, 1.969999999999960449, 11.36999999999999922 ) ) ;
#2121 = CARTESIAN_POINT ( 'NONE',  ( 4.110000000000001208, 0.9699999999999587841, 10.97000000000000242 ) ) ;
#2122 = LINE ( 'NONE', #2078, #4108 ) ;
#2123 = VECTOR ( 'NONE', #3622, 1000.000000000000000 ) ;
#2124 = ORIENTED_EDGE ( 'NONE', *, *, #203, .T. ) ;
#2125 = VECTOR ( 'NONE', #1853, 1000.000000000000000 ) ;
#2126 = CARTESIAN_POINT ( 'NONE',  ( -1.970000000000004192, 5.079999999999999183, 11.36999999999999922 ) ) ;
#2127 = CYLINDRICAL_SURFACE ( 'NONE', #1968, 0.9700000000000004174 ) ;
#2128 = CARTESIAN_POINT ( 'NONE',  ( -4.110000000000002984, 0.9699999999999587841, 10.97000000000000242 ) ) ;
#2129 = CLOSED_SHELL ( 'NONE', ( #3577, #3807, #3466, #3462, #485, #2063, #360, #544, #3702, #3919, #1499, #1905, #1669, #348, #2380, #246, #2310, #1683, #2651, #2109, #3187, #4177, #1021, #2367, #1063, #4526, #2169, #3554 ) ) ;
#2130 = VERTEX_POINT ( 'NONE', #1703 ) ;
#2131 = ORIENTED_EDGE ( 'NONE', *, *, #2869, .T. ) ;
#2132 = AXIS2_PLACEMENT_3D ( 'NONE', #1214, #200, #2567 ) ;
#2133 = PLANE ( 'NONE',  #536 ) ;
#2134 = CARTESIAN_POINT ( 'NONE',  ( -0.1908089297201392698, -3.149999999999999911, -1.069999999999999618 ) ) ;
#2135 = CARTESIAN_POINT ( 'NONE',  ( 3.509999999999997566, 3.510000000000013110, 10.09999999999999964 ) ) ;
#2136 = ORIENTED_EDGE ( 'NONE', *, *, #2051, .T. ) ;
#2137 = ORIENTED_EDGE ( 'NONE', *, *, #4173, .F. ) ;
#2138 = DIRECTION ( 'NONE',  ( 0.000000000000000000, 0.000000000000000000, 1.000000000000000000 ) ) ;
#2139 = CARTESIAN_POINT ( 'NONE',  ( -0.1908089297201392420, -3.149999999999999911, -1.470000000000000639 ) ) ;
#2140 = LINE ( 'NONE', #4308, #2568 ) ;
#2141 = EDGE_CURVE ( 'NONE', #575, #1153, #1988, .T. ) ;
#2142 = ORIENTED_EDGE ( 'NONE', *, *, #3937, .F. ) ;
#2143 = EDGE_CURVE ( 'NONE', #1842, #3995, #345, .T. ) ;
#2144 = VECTOR ( 'NONE', #607, 1000.000000000000000 ) ;
#2145 = CARTESIAN_POINT ( 'NONE',  ( 1.570000000000001172, 4.110000000000012754, 10.97000000000000242 ) ) ;
#2146 = ADVANCED_FACE ( 'NONE', ( #3109 ), #3130, .F. ) ;
#2147 = LINE ( 'NONE', #3142, #4480 ) ;
#2148 = VECTOR ( 'NONE', #1674, 1000.000000000000000 ) ;
#2149 = ORIENTED_EDGE ( 'NONE', *, *, #1337, .T. ) ;
#2150 = VECTOR ( 'NONE', #3559, 1000.000000000000000 ) ;
#2151 = DIRECTION ( 'NONE',  ( -0.000000000000000000, -1.000000000000000000, -0.000000000000000000 ) ) ;
#2152 = CARTESIAN_POINT ( 'NONE',  ( 5.330000000000000959, 0.5364888378497735255, 3.245000000000000551 ) ) ;
#2153 = EDGE_LOOP ( 'NONE', ( #2136, #2699, #2677, #3557 ) ) ;
#2154 = VECTOR ( 'NONE', #2278, 1000.000000000000000 ) ;
#2155 = LINE ( 'NONE', #3235, #2150 ) ;
#2156 = CARTESIAN_POINT ( 'NONE',  ( 3.509999999999997566, 0.9699999999999587841, 10.09999999999999964 ) ) ;
#2157 = PLANE ( 'NONE',  #1179 ) ;
#2158 = ORIENTED_EDGE ( 'NONE', *, *, #2675, .T. ) ;
#2159 = EDGE_CURVE ( 'NONE', #694, #3379, #3421, .T. ) ;
#2160 = VERTEX_POINT ( 'NONE', #1012 ) ;
#2161 = DIRECTION ( 'NONE',  ( 1.000000000000000000, -0.000000000000000000, -0.000000000000000000 ) ) ;
#2162 = CARTESIAN_POINT ( 'NONE',  ( 4.510000000000002451, 0.5699999999999568745, 11.36999999999999922 ) ) ;
#2163 = DIRECTION ( 'NONE',  ( 0.3420201433256657153, 0.9396926207859095381, -1.116511540739375850E-16 ) ) ;
#2164 = ORIENTED_EDGE ( 'NONE', *, *, #2306, .F. ) ;
#2165 = DIRECTION ( 'NONE',  ( 0.000000000000000000, -5.870001876866951339E-15, -1.000000000000000000 ) ) ;
#2166 = DIRECTION ( 'NONE',  ( -1.000000000000000000, -0.000000000000000000, -0.000000000000000000 ) ) ;
#2167 = ADVANCED_FACE ( 'NONE', ( #4542 ), #2759, .T. ) ;
#2168 = EDGE_CURVE ( 'NONE', #3387, #2743, #2362, .T. ) ;
#2169 = ADVANCED_FACE ( 'NONE', ( #2386 ), #3778, .F. ) ;
#2170 = ORIENTED_EDGE ( 'NONE', *, *, #3686, .T. ) ;
#2171 = LINE ( 'NONE', #3530, #1166 ) ;
#2172 = DIRECTION ( 'NONE',  ( 0.000000000000000000, 1.000000000000000000, 0.000000000000000000 ) ) ;
#2173 = ORIENTED_EDGE ( 'NONE', *, *, #324, .F. ) ;
#2174 = ORIENTED_EDGE ( 'NONE', *, *, #2877, .F. ) ;
#2175 = DIRECTION ( 'NONE',  ( 1.000000000000000000, 0.000000000000000000, -0.000000000000000000 ) ) ;
#2176 = CARTESIAN_POINT ( 'NONE',  ( 3.509999999999997566, 0.9699999999999587841, 10.97000000000000242 ) ) ;
#2177 = CARTESIAN_POINT ( 'NONE',  ( 0.9699999999999977529, 3.510000000000013110, 10.09999999999999964 ) ) ;
#2178 = VERTEX_POINT ( 'NONE', #2065 ) ;
#2179 = ORIENTED_EDGE ( 'NONE', *, *, #1937, .F. ) ;
#2180 = LINE ( 'NONE', #1745, #319 ) ;
#2181 = DIRECTION ( 'NONE',  ( 0.000000000000000000, -1.000000000000000000, -1.084202172485506603E-15 ) ) ;
#2182 = CARTESIAN_POINT ( 'NONE',  ( 4.110000000000001208, 0.9699999999999587841, 10.09999999999999964 ) ) ;
#2183 = ORIENTED_EDGE ( 'NONE', *, *, #3252, .T. ) ;
#2184 = LINE ( 'NONE', #2120, #815 ) ;
#2185 = VECTOR ( 'NONE', #290, 1000.000000000000000 ) ;
#2186 = COLOUR_RGB ( '',0.2509803921568627416, 0.2509803921568627416, 0.2509803921568627416 ) ;
#2187 = VERTEX_POINT ( 'NONE', #991 ) ;
#2188 = PLANE ( 'NONE',  #4489 ) ;
#2189 = VECTOR ( 'NONE', #1053, 1000.000000000000000 ) ;
#2190 = LINE ( 'NONE', #3598, #2480 ) ;
#2191 = EDGE_CURVE ( 'NONE', #1505, #4046, #3799, .T. ) ;
#2192 = ORIENTED_EDGE ( 'NONE', *, *, #4452, .F. ) ;
#2193 = EDGE_LOOP ( 'NONE', ( #3014, #1365, #3189, #1566 ) ) ;
#2194 = CARTESIAN_POINT ( 'NONE',  ( -2.540000000000000036, 0.5364888378497735255, 3.245000000000000551 ) ) ;
#2195 = CARTESIAN_POINT ( 'NONE',  ( -0.1908089297201392420, -3.149999999999999911, -1.470000000000000639 ) ) ;
#2196 = AXIS2_PLACEMENT_3D ( 'NONE', #1373, #4479, #1413 ) ;
#2197 = LINE ( 'NONE', #738, #222 ) ;
#2198 = ADVANCED_FACE ( 'NONE', ( #4097 ), #2781, .F. ) ;
#2199 = VECTOR ( 'NONE', #1724, 1000.000000000000000 ) ;
#2200 = ORIENTED_EDGE ( 'NONE', *, *, #2143, .T. ) ;
#2201 = ORIENTED_EDGE ( 'NONE', *, *, #1159, .F. ) ;
#2202 = DIRECTION ( 'NONE',  ( -1.000000000000000000, -0.000000000000000000, -0.000000000000000000 ) ) ;
#2203 = CARTESIAN_POINT ( 'NONE',  ( -1.570000000000002283, 3.510000000000013110, 10.97000000000000242 ) ) ;
#2204 = CARTESIAN_POINT ( 'NONE',  ( -4.510000000000004228, 5.079999999999999183, 11.36999999999999922 ) ) ;
#2205 = EDGE_CURVE ( 'NONE', #2899, #1128, #2686, .T. ) ;
#2206 = EDGE_LOOP ( 'NONE', ( #42, #404, #4312, #742, #1087, #3234, #3498, #4139 ) ) ;
#2207 = DIRECTION ( 'NONE',  ( 1.000000000000000000, 0.000000000000000000, 0.000000000000000000 ) ) ;
#2208 = FACE_OUTER_BOUND ( 'NONE', #279, .T. ) ;
#2209 = CARTESIAN_POINT ( 'NONE',  ( 0.9699999999999977529, 1.569999999999958540, 10.09999999999999964 ) ) ;
#2210 = ORIENTED_EDGE ( 'NONE', *, *, #3976, .T. ) ;
#2211 = CARTESIAN_POINT ( 'NONE',  ( 5.330000000000000959, 5.079999999999999183, 11.36999999999999922 ) ) ;
#2212 = VECTOR ( 'NONE', #1654, 1000.000000000000000 ) ;
#2213 = PLANE ( 'NONE',  #3075 ) ;
#2214 = ORIENTED_EDGE ( 'NONE', *, *, #1201, .T. ) ;
#2215 = ORIENTED_EDGE ( 'NONE', *, *, #1999, .F. ) ;
#2216 = VECTOR ( 'NONE', #4101, 1000.000000000000000 ) ;
#2217 = CARTESIAN_POINT ( 'NONE',  ( -2.540000000000000036, 4.679999999999999716, 2.869999999999999662 ) ) ;
#2218 = DIRECTION ( 'NONE',  ( 0.000000000000000000, -0.000000000000000000, 1.000000000000000000 ) ) ;
#2219 = FACE_BOUND ( 'NONE', #1551, .T. ) ;
#2221 = COLOUR_RGB ( '',1.000000000000000000, 0.8117647058823529438, 0.5019607843137254832 ) ;
#2220 = CARTESIAN_POINT ( 'NONE',  ( 3.809999999999997389, 0.000000000000000000, 0.000000000000000000 ) ) ;
#2222 = VERTEX_POINT ( 'NONE', #697 ) ;
#2223 = EDGE_CURVE ( 'NONE', #2178, #2830, #3489, .T. ) ;
#2224 = ADVANCED_FACE ( 'NONE', ( #3753 ), #3397, .F. ) ;
#2225 = ORIENTED_EDGE ( 'NONE', *, *, #1938, .F. ) ;
#2226 = CARTESIAN_POINT ( 'NONE',  ( 3.509999999999997566, 1.569999999999958540, 10.09999999999999964 ) ) ;
#2227 = DIRECTION ( 'NONE',  ( 0.000000000000000000, 0.000000000000000000, 1.000000000000000000 ) ) ;
#2228 = LINE ( 'NONE', #1501, #4338 ) ;
#2229 =( REPRESENTATION_RELATIONSHIP ('NONE','NONE', #3733, #1385 ) REPRESENTATION_RELATIONSHIP_WITH_TRANSFORMATION ( #4349 )SHAPE_REPRESENTATION_RELATIONSHIP( ) );
#2230 = ORIENTED_EDGE ( 'NONE', *, *, #252, .F. ) ;
#2231 = LINE ( 'NONE', #1545, #449 ) ;
#2232 = CARTESIAN_POINT ( 'NONE',  ( -5.080000000000000071, 0.000000000000000000, 0.000000000000000000 ) ) ;
#2233 = DIRECTION ( 'NONE',  ( -0.000000000000000000, -0.000000000000000000, 1.000000000000000000 ) ) ;
#2234 = VERTEX_POINT ( 'NONE', #2806 ) ;
#2235 = EDGE_CURVE ( 'NONE', #4415, #115, #3949, .T. ) ;
#2236 = CARTESIAN_POINT ( 'NONE',  ( -0.9699999999999990852, 1.569999999999958540, 10.97000000000000242 ) ) ;
#2237 = CARTESIAN_POINT ( 'NONE',  ( -1.970000000000004192, 3.110000000000010978, 11.36999999999999922 ) ) ;
#2238 = VERTEX_POINT ( 'NONE', #413 ) ;
#2239 = VERTEX_POINT ( 'NONE', #760 ) ;
#2240 = LINE ( 'NONE', #1529, #3114 ) ;
#2241 = DIRECTION ( 'NONE',  ( 1.000000000000000000, 0.000000000000000000, -0.000000000000000000 ) ) ;
#2242 = DIRECTION ( 'NONE',  ( -1.000000000000000000, 0.000000000000000000, -0.000000000000000000 ) ) ;
#2243 = ORIENTED_EDGE ( 'NONE', *, *, #4410, .T. ) ;
#2244 = ORIENTED_EDGE ( 'NONE', *, *, #4190, .T. ) ;
#2245 = CARTESIAN_POINT ( 'NONE',  ( -2.540000000000000036, 0.3999999999999501732, 2.870000000000000107 ) ) ;
#2246 = EDGE_CURVE ( 'NONE', #3714, #4385, #800, .T. ) ;
#2247 = EDGE_CURVE ( 'NONE', #129, #2039, #2866, .T. ) ;
#2248 = CARTESIAN_POINT ( 'NONE',  ( 2.540000000000000036, 4.543511162150186244, 3.245000000000000107 ) ) ;
#2249 = DIRECTION ( 'NONE',  ( -0.000000000000000000, -0.000000000000000000, 1.000000000000000000 ) ) ;
#2250 = EDGE_CURVE ( 'NONE', #1776, #1744, #3560, .T. ) ;
#2251 = VERTEX_POINT ( 'NONE', #91 ) ;
#2252 = PLANE ( 'NONE',  #596 ) ;
#2253 = PLANE ( 'NONE',  #4357 ) ;
#2254 = SURFACE_STYLE_FILL_AREA ( #4035 ) ;
#2255 = ADVANCED_FACE ( 'NONE', ( #1426 ), #2826, .F. ) ;
#2256 = EDGE_LOOP ( 'NONE', ( #4058, #2225, #2083, #3694 ) ) ;
#2257 = LINE ( 'NONE', #2995, #592 ) ;
#2258 = VECTOR ( 'NONE', #2082, 1000.000000000000000 ) ;
#2259 = CARTESIAN_POINT ( 'NONE',  ( 3.509999999999997566, 3.510000000000013110, 10.97000000000000242 ) ) ;
#2260 = VERTEX_POINT ( 'NONE', #3884 ) ;
#2261 = VERTEX_POINT ( 'NONE', #737 ) ;
#2262 = STYLED_ITEM ( 'NONE', ( #3335 ), #4482 ) ;
#2263 = AXIS2_PLACEMENT_3D ( 'NONE', #642, #2730, #1007 ) ;
#2264 = CARTESIAN_POINT ( 'NONE',  ( 1.570000000000001172, 3.510000000000013110, 10.97000000000000242 ) ) ;
#2265 = FACE_OUTER_BOUND ( 'NONE', #3148, .T. ) ;
#2266 = DIRECTION ( 'NONE',  ( 0.000000000000000000, 1.000000000000000000, -1.082302103395239435E-16 ) ) ;
#2267 = ORIENTED_EDGE ( 'NONE', *, *, #851, .T. ) ;
#2268 = VECTOR ( 'NONE', #2002, 1000.000000000000000 ) ;
#2269 = ORIENTED_EDGE ( 'NONE', *, *, #4466, .F. ) ;
#2270 = DIRECTION ( 'NONE',  ( -0.000000000000000000, 0.000000000000000000, 1.000000000000000000 ) ) ;
#2271 = VECTOR ( 'NONE', #3059, 999.9999999999998863 ) ;
#2272 = DIRECTION ( 'NONE',  ( 0.000000000000000000, 1.000000000000000000, -1.082302103395239435E-16 ) ) ;
#2273 = DIRECTION ( 'NONE',  ( -0.5773502691896278405, 0.5773502691896278405, 0.5773502691896216232 ) ) ;
#2274 = CIRCLE ( 'NONE', #4196, 0.9700000000000004174 ) ;
#2275 = ORIENTED_EDGE ( 'NONE', *, *, #3657, .F. ) ;
#2276 = DIRECTION ( 'NONE',  ( 0.7071067811865436870, 0.000000000000000000, -0.7071067811865513475 ) ) ;
#2277 = EDGE_CURVE ( 'NONE', #2712, #2878, #457, .T. ) ;
#2278 = DIRECTION ( 'NONE',  ( -1.000000000000000000, -0.000000000000000000, -0.000000000000000000 ) ) ;
#2279 = LINE ( 'NONE', #3685, #3818 ) ;
#2280 = ORIENTED_EDGE ( 'NONE', *, *, #3940, .T. ) ;
#2281 = EDGE_CURVE ( 'NONE', #228, #3183, #2499, .T. ) ;
#2282 = SURFACE_STYLE_USAGE ( .BOTH. , #1589 ) ;
#2283 = EDGE_CURVE ( 'NONE', #3415, #4445, #3867, .T. ) ;
#2284 = DIRECTION ( 'NONE',  ( 0.000000000000000000, -1.000000000000000000, 0.000000000000000000 ) ) ;
#2285 = ORIENTED_EDGE ( 'NONE', *, *, #3401, .F. ) ;
#2286 = ORIENTED_EDGE ( 'NONE', *, *, #4136, .F. ) ;
#2287 = VECTOR ( 'NONE', #3832, 1000.000000000000000 ) ;
#2288 = DIRECTION ( 'NONE',  ( 0.000000000000000000, -0.000000000000000000, -1.000000000000000000 ) ) ;
#2289 = CARTESIAN_POINT ( 'NONE',  ( -3.710000000000001297, 1.369999999999956142, 10.77000000000000135 ) ) ;
#2290 = FACE_OUTER_BOUND ( 'NONE', #3467, .T. ) ;
#2291 = APPLICATION_PROTOCOL_DEFINITION ( 'draft international standard', 'automotive_design', 1998, #911 ) ;
#2292 = ORIENTED_EDGE ( 'NONE', *, *, #1923, .F. ) ;
#2293 = VECTOR ( 'NONE', #3934, 1000.000000000000000 ) ;
#2294 = CARTESIAN_POINT ( 'NONE',  ( 4.110000000000001208, 4.110000000000012754, 10.09999999999999964 ) ) ;
#2295 = CARTESIAN_POINT ( 'NONE',  ( -1.970000000000004192, 1.969999999999960449, 11.36999999999999922 ) ) ;
#2296 = VECTOR ( 'NONE', #2658, 1000.000000000000000 ) ;
#2297 = CARTESIAN_POINT ( 'NONE',  ( 3.509999999999997566, 1.569999999999958540, 10.97000000000000242 ) ) ;
#2298 = ADVANCED_FACE ( 'NONE', ( #3909 ), #3236, .F. ) ;
#2299 = VERTEX_POINT ( 'NONE', #3 ) ;
#2300 = ORIENTED_EDGE ( 'NONE', *, *, #3163, .F. ) ;
#2301 = DIRECTION ( 'NONE',  ( 0.000000000000000000, 1.000000000000000000, 0.000000000000000000 ) ) ;
#2302 = CARTESIAN_POINT ( 'NONE',  ( 3.109999999999995435, 1.969999999999960449, 11.36999999999999922 ) ) ;
#2303 = ORIENTED_EDGE ( 'NONE', *, *, #1827, .T. ) ;
#2304 = PRODUCT_DEFINITION ( 'UNKNOWN', '', #586, #3395 ) ;
#2305 = EDGE_CURVE ( 'NONE', #2976, #1673, #1405, .T. ) ;
#2306 = EDGE_CURVE ( 'NONE', #1776, #3502, #2890, .T. ) ;
#2307 = DIRECTION ( 'NONE',  ( 0.000000000000000000, 0.000000000000000000, 1.000000000000000000 ) ) ;
#2308 = ORIENTED_EDGE ( 'NONE', *, *, #3301, .F. ) ;
#2309 = ORIENTED_EDGE ( 'NONE', *, *, #1364, .F. ) ;
#2310 = ADVANCED_FACE ( 'NONE', ( #4216 ), #1060, .F. ) ;
#2311 = CARTESIAN_POINT ( 'NONE',  ( -2.540000000000000036, -4.989501595336908954E-14, 2.870000000000000107 ) ) ;
#2312 = DIRECTION ( 'NONE',  ( 1.000000000000000000, 0.000000000000000000, -0.000000000000000000 ) ) ;
#2313 = VERTEX_POINT ( 'NONE', #433 ) ;
#2314 = CARTESIAN_POINT ( 'NONE',  ( -5.330000000000000959, -4.989501595336908954E-14, 2.870000000000000107 ) ) ;
#2315 = CARTESIAN_POINT ( 'NONE',  ( -4.110000000000002984, 4.110000000000012754, 10.97000000000000242 ) ) ;
#2316 = LINE ( 'NONE', #2668, #1402 ) ;
#2317 = ORIENTED_EDGE ( 'NONE', *, *, #2247, .F. ) ;
#2318 = ORIENTED_EDGE ( 'NONE', *, *, #2705, .T. ) ;
#2319 = LINE ( 'NONE', #4358, #2571 ) ;
#2320 = LINE ( 'NONE', #192, #2812 ) ;
#2321 = PRESENTATION_STYLE_ASSIGNMENT (( #1997 ) ) ;
#2322 = ORIENTED_EDGE ( 'NONE', *, *, #1700, .F. ) ;
#2323 = LINE ( 'NONE', #2696, #4271 ) ;
#2324 = CARTESIAN_POINT ( 'NONE',  ( 1.970000000000003082, 0.5699999999999568745, 11.36999999999999922 ) ) ;
#2325 = ORIENTED_EDGE ( 'NONE', *, *, #149, .T. ) ;
#2326 = ORIENTED_EDGE ( 'NONE', *, *, #3573, .F. ) ;
#2327 = LINE ( 'NONE', #912, #4146 ) ;
#2328 = FACE_OUTER_BOUND ( 'NONE', #2837, .T. ) ;
#2329 = FACE_OUTER_BOUND ( 'NONE', #1459, .T. ) ;
#2330 = VECTOR ( 'NONE', #3879, 1000.000000000000000 ) ;
#2331 = ORIENTED_EDGE ( 'NONE', *, *, #407, .F. ) ;
#2332 = PRODUCT_DEFINITION_CONTEXT ( 'detailed design', #911, 'design' ) ;
#2333 = VECTOR ( 'NONE', #3366, 1000.000000000000000 ) ;
#2334 = CARTESIAN_POINT ( 'NONE',  ( 4.110000000000001208, 1.569999999999958540, 10.09999999999999964 ) ) ;
#2335 = EDGE_CURVE ( 'NONE', #173, #4249, #1445, .T. ) ;
#2336 = DIRECTION ( 'NONE',  ( 1.000000000000000000, 0.000000000000000000, 0.000000000000000000 ) ) ;
#2337 = CARTESIAN_POINT ( 'NONE',  ( 3.509999999999997566, 1.569999999999958540, 10.97000000000000242 ) ) ;
#2338 = AXIS2_PLACEMENT_3D ( 'NONE', #3833, #2395, #1018 ) ;
#2339 = VERTEX_POINT ( 'NONE', #394 ) ;
#2340 = PRODUCT_DEFINITION_FORMATION_WITH_SPECIFIED_SOURCE ( 'ANY', '', #4002, .NOT_KNOWN. ) ;
#2341 = VERTEX_POINT ( 'NONE', #2539 ) ;
#2342 = VECTOR ( 'NONE', #2760, 1000.000000000000000 ) ;
#2343 = CARTESIAN_POINT ( 'NONE',  ( 0.5699999999999958433, 1.969999999999960449, 11.36999999999999922 ) ) ;
#2344 = DIRECTION ( 'NONE',  ( 0.000000000000000000, 0.000000000000000000, -1.000000000000000000 ) ) ;
#2345 = CARTESIAN_POINT ( 'NONE',  ( 1.570000000000001172, 4.110000000000012754, 10.09999999999999964 ) ) ;
#2346 = CLOSED_SHELL ( 'NONE', ( #1332, #337, #1218, #1638, #3342, #263, #1574, #3347, #3661, #2646, #4520, #2488 ) ) ;
#2347 = EDGE_CURVE ( 'NONE', #2234, #1480, #2457, .T. ) ;
#2348 = ORIENTED_EDGE ( 'NONE', *, *, #3082, .F. ) ;
#2349 = AXIS2_PLACEMENT_3D ( 'NONE', #3895, #1860, #809 ) ;
#2350 = LINE ( 'NONE', #3427, #2792 ) ;
#2351 = VECTOR ( 'NONE', #1070, 1000.000000000000000 ) ;
#2352 = CARTESIAN_POINT ( 'NONE',  ( -4.110000000000002984, 3.510000000000013110, 10.09999999999999964 ) ) ;
#2353 = CARTESIAN_POINT ( 'NONE',  ( 4.110000000000001208, 1.569999999999958540, 10.09999999999999964 ) ) ;
#2354 = ORIENTED_EDGE ( 'NONE', *, *, #2648, .F. ) ;
#2355 = ORIENTED_EDGE ( 'NONE', *, *, #3937, .T. ) ;
#2356 = ORIENTED_EDGE ( 'NONE', *, *, #2399, .F. ) ;
#2357 =( NAMED_UNIT ( * ) SI_UNIT ( $, .STERADIAN. ) SOLID_ANGLE_UNIT ( ) );
#2358 = DIRECTION ( 'NONE',  ( -1.000000000000000000, 0.000000000000000000, 0.000000000000000000 ) ) ;
#2359 = FACE_OUTER_BOUND ( 'NONE', #4365, .T. ) ;
#2360 = ORIENTED_EDGE ( 'NONE', *, *, #2924, .T. ) ;
#2361 = DIRECTION ( 'NONE',  ( 1.000000000000000000, 0.000000000000000000, -0.000000000000000000 ) ) ;
#2362 = LINE ( 'NONE', #4467, #944 ) ;
#2363 = CARTESIAN_POINT ( 'NONE',  ( 2.540000000000000036, 0.3999999999999501732, 2.870000000000000107 ) ) ;
#2364 = EDGE_CURVE ( 'NONE', #4100, #129, #1080, .T. ) ;
#2365 = VECTOR ( 'NONE', #2574, 1000.000000000000114 ) ;
#2366 = ORIENTED_EDGE ( 'NONE', *, *, #4003, .T. ) ;
#2367 = ADVANCED_FACE ( 'NONE', ( #131 ), #913, .F. ) ;
#2368 = VERTEX_POINT ( 'NONE', #199 ) ;
#2369 = VECTOR ( 'NONE', #848, 1000.000000000000000 ) ;
#2370 = CARTESIAN_POINT ( 'NONE',  ( -2.540000000000000036, 3.110000000000010978, 11.36999999999999922 ) ) ;
#2371 = PLANE ( 'NONE',  #94 ) ;
#2372 = FILL_AREA_STYLE ('',( #2789 ) ) ;
#2373 = VECTOR ( 'NONE', #1182, 1000.000000000000000 ) ;
#2374 = DIRECTION ( 'NONE',  ( 0.000000000000000000, -1.000000000000000000, -1.188166764367676095E-16 ) ) ;
#2375 = CARTESIAN_POINT ( 'NONE',  ( 0.1908089297201392420, -3.149999999999999911, -1.069999999999999618 ) ) ;
#2376 = PLANE ( 'NONE',  #4556 ) ;
#2377 = ORIENTED_EDGE ( 'NONE', *, *, #2742, .T. ) ;
#2378 = VERTEX_POINT ( 'NONE', #2960 ) ;
#2379 = EDGE_LOOP ( 'NONE', ( #3239, #2524, #280, #2674 ) ) ;
#2380 = ADVANCED_FACE ( 'NONE', ( #1512 ), #1556, .T. ) ;
#2381 = FACE_OUTER_BOUND ( 'NONE', #1911, .T. ) ;
#2382 = DIRECTION ( 'NONE',  ( 0.000000000000000000, -0.000000000000000000, -1.000000000000000000 ) ) ;
#2383 = CARTESIAN_POINT ( 'NONE',  ( -1.570000000000002283, 3.510000000000013110, 10.97000000000000242 ) ) ;
#2384 = ORIENTED_EDGE ( 'NONE', *, *, #1644, .F. ) ;
#2385 = CARTESIAN_POINT ( 'NONE',  ( 4.510000000000002451, 5.079999999999999183, 11.36999999999999922 ) ) ;
#2386 = FACE_OUTER_BOUND ( 'NONE', #2585, .T. ) ;
#2387 = CARTESIAN_POINT ( 'NONE',  ( 0.9699999999999977529, 4.110000000000012754, 10.97000000000000242 ) ) ;
#2388 = ORIENTED_EDGE ( 'NONE', *, *, #407, .T. ) ;
#2389 = EDGE_CURVE ( 'NONE', #640, #3575, #1891, .T. ) ;
#2390 = ORIENTED_EDGE ( 'NONE', *, *, #3264, .T. ) ;
#2391 = EDGE_CURVE ( 'NONE', #4366, #3413, #1916, .T. ) ;
#2392 = CARTESIAN_POINT ( 'NONE',  ( 1.369999999999998774, 3.710000000000015952, 10.77000000000000135 ) ) ;
#2393 = CARTESIAN_POINT ( 'NONE',  ( -4.110000000000002984, 0.9699999999999587841, 10.97000000000000242 ) ) ;
#2394 = ADVANCED_FACE ( 'NONE', ( #4018 ), #1168, .F. ) ;
#2395 = DIRECTION ( 'NONE',  ( 0.000000000000000000, -1.000000000000000000, 0.000000000000000000 ) ) ;
#2396 = FILL_AREA_STYLE_COLOUR ( '', #2186 ) ;
#2397 = CARTESIAN_POINT ( 'NONE',  ( -0.2999999999999999889, 4.010000000000000675, -0.4999999999999996669 ) ) ;
#2398 = DIRECTION ( 'NONE',  ( 0.000000000000000000, 1.000000000000000000, 0.000000000000000000 ) ) ;
#2399 = EDGE_CURVE ( 'NONE', #1463, #338, #3257, .T. ) ;
#2400 = LINE ( 'NONE', #3385, #3222 ) ;
#2401 = EDGE_LOOP ( 'NONE', ( #1801, #677, #3537, #670 ) ) ;
#2402 = ORIENTED_EDGE ( 'NONE', *, *, #4488, .T. ) ;
#2403 = CARTESIAN_POINT ( 'NONE',  ( -1.970000000000004192, 5.079999999999999183, 11.36999999999999922 ) ) ;
#2404 = PLANE ( 'NONE',  #291 ) ;
#2405 = DIRECTION ( 'NONE',  ( -0.000000000000000000, -0.000000000000000000, -1.000000000000000000 ) ) ;
#2406 = ORIENTED_EDGE ( 'NONE', *, *, #693, .F. ) ;
#2407 = CARTESIAN_POINT ( 'NONE',  ( 0.2999999999999999889, 1.470000000000000417, 3.245000000000000551 ) ) ;
#2408 = VECTOR ( 'NONE', #2284, 1000.000000000000000 ) ;
#2409 = CARTESIAN_POINT ( 'NONE',  ( 0.000000000000000000, 0.000000000000000000, 10.09999999999999964 ) ) ;
#2410 = LINE ( 'NONE', #4193, #2271 ) ;
#2411 = ORIENTED_EDGE ( 'NONE', *, *, #1992, .T. ) ;
#2412 = EDGE_LOOP ( 'NONE', ( #2243, #1615, #3088, #956 ) ) ;
#2413 = CARTESIAN_POINT ( 'NONE',  ( 1.570000000000001172, 4.110000000000012754, 10.09999999999999964 ) ) ;
#2414 = VECTOR ( 'NONE', #4347, 999.9999999999998863 ) ;
#2415 = CARTESIAN_POINT ( 'NONE',  ( 5.079999999999999183, 5.079999999999999183, 2.870000000000000107 ) ) ;
#2416 = SURFACE_SIDE_STYLE ('',( #2115 ) ) ;
#2417 =( GEOMETRIC_REPRESENTATION_CONTEXT ( 3 ) GLOBAL_UNCERTAINTY_ASSIGNED_CONTEXT ( ( #3722 ) ) GLOBAL_UNIT_ASSIGNED_CONTEXT ( ( #1835, #3238, #1493 ) ) REPRESENTATION_CONTEXT ( 'NONE', 'WORKASPACE' ) );
#2418 = VECTOR ( 'NONE', #3808, 1000.000000000000000 ) ;
#2419 = CARTESIAN_POINT ( 'NONE',  ( 0.2999999999999999889, 0.5000000000000000000, -1.470000000000000195 ) ) ;
#2420 = LINE ( 'NONE', #2076, #2050 ) ;
#2421 = AXIS2_PLACEMENT_3D ( 'NONE', #4, #3399, #2710 ) ;
#2422 = LINE ( 'NONE', #4535, #1089 ) ;
#2423 = EDGE_CURVE ( 'NONE', #791, #46, #3974, .T. ) ;
#2424 = VECTOR ( 'NONE', #1972, 1000.000000000000000 ) ;
#2425 = EDGE_CURVE ( 'NONE', #566, #908, #2910, .T. ) ;
#2426 = VERTEX_POINT ( 'NONE', #2592 ) ;
#2427 = LINE ( 'NONE', #3839, #1927 ) ;
#2428 = DIRECTION ( 'NONE',  ( 0.000000000000000000, 0.000000000000000000, 1.000000000000000000 ) ) ;
#2429 = FACE_OUTER_BOUND ( 'NONE', #4420, .T. ) ;
#2430 = ORIENTED_EDGE ( 'NONE', *, *, #21, .F. ) ;
#2431 = ORIENTED_EDGE ( 'NONE', *, *, #3864, .T. ) ;
#2432 = PLANE ( 'NONE',  #4436 ) ;
#2433 = CARTESIAN_POINT ( 'NONE',  ( 0.2999999999999999889, 0.5000000000000000000, -1.470000000000000195 ) ) ;
#2434 = CARTESIAN_POINT ( 'NONE',  ( 3.509999999999997566, 1.569999999999958540, 10.09999999999999964 ) ) ;
#2435 = VERTEX_POINT ( 'NONE', #1576 ) ;
#2436 = ORIENTED_EDGE ( 'NONE', *, *, #1415, .F. ) ;
#2437 = LINE ( 'NONE', #2370, #689 ) ;
#2438 = EDGE_CURVE ( 'NONE', #1232, #3966, #1594, .T. ) ;
#2439 = LINE ( 'NONE', #259, #1554 ) ;
#2440 = VECTOR ( 'NONE', #3477, 1000.000000000000000 ) ;
#2441 = CARTESIAN_POINT ( 'NONE',  ( 0.9699999999999977529, 0.9699999999999587841, 10.97000000000000242 ) ) ;
#2442 = DIRECTION ( 'NONE',  ( 1.000000000000000000, 0.000000000000000000, 0.000000000000000000 ) ) ;
#2443 = AXIS2_PLACEMENT_3D ( 'NONE', #4471, #4156, #3831 ) ;
#2444 = CARTESIAN_POINT ( 'NONE',  ( 3.909999999999998366, 3.710000000000015952, 10.77000000000000135 ) ) ;
#2445 = DIRECTION ( 'NONE',  ( 1.000000000000000000, 0.000000000000000000, 0.000000000000000000 ) ) ;
#2446 = AXIS2_PLACEMENT_3D ( 'NONE', #4165, #957, #320 ) ;
#2447 = DIRECTION ( 'NONE',  ( 0.000000000000000000, -0.9396926207859105373, 0.3420201433256629397 ) ) ;
#2448 = ORIENTED_EDGE ( 'NONE', *, *, #2643, .F. ) ;
#2449 = ADVANCED_FACE ( 'NONE', ( #1872 ), #3698, .F. ) ;
#2450 = EDGE_CURVE ( 'NONE', #3553, #3575, #2611, .T. ) ;
#2451 = CARTESIAN_POINT ( 'NONE',  ( -5.330000000000000959, 0.5364888378497735255, 3.245000000000000551 ) ) ;
#2452 = DIRECTION ( 'NONE',  ( -0.000000000000000000, 1.000000000000000000, 0.000000000000000000 ) ) ;
#2453 = DIRECTION ( 'NONE',  ( 0.000000000000000000, 0.000000000000000000, -1.000000000000000000 ) ) ;
#2454 = EDGE_LOOP ( 'NONE', ( #2318, #1552, #1093, #1062 ) ) ;
#2455 = ORIENTED_EDGE ( 'NONE', *, *, #1778, .F. ) ;
#2456 = CARTESIAN_POINT ( 'NONE',  ( 0.2999999999999999889, 3.609999999999999876, 3.245000000000000551 ) ) ;
#2457 = LINE ( 'NONE', #28, #1245 ) ;
#2458 = CARTESIAN_POINT ( 'NONE',  ( 5.330000000000000959, -4.989501595336908954E-14, 2.870000000000000107 ) ) ;
#2459 = EDGE_CURVE ( 'NONE', #4269, #2234, #1234, .T. ) ;
#2460 = ORIENTED_EDGE ( 'NONE', *, *, #4063, .F. ) ;
#2461 = ORIENTED_EDGE ( 'NONE', *, *, #2778, .F. ) ;
#2462 = DIRECTION ( 'NONE',  ( 0.7071067811865436870, 0.000000000000000000, -0.7071067811865513475 ) ) ;
#2463 = DIRECTION ( 'NONE',  ( 0.9396926207859089830, -0.3420201433256671031, -0.000000000000000000 ) ) ;
#2464 = DIRECTION ( 'NONE',  ( 1.000000000000000000, -0.000000000000000000, 0.000000000000000000 ) ) ;
#2465 = ORIENTED_EDGE ( 'NONE', *, *, #3047, .T. ) ;
#2466 = CYLINDRICAL_SURFACE ( 'NONE', #1765, 0.5699999999999997291 ) ;
#2467 = CARTESIAN_POINT ( 'NONE',  ( -2.540000000000000036, -4.989501595336908954E-14, 2.870000000000000107 ) ) ;
#2468 = EDGE_LOOP ( 'NONE', ( #2390, #1069, #1970, #1781 ) ) ;
#2469 = DIRECTION ( 'NONE',  ( -1.000000000000000000, 0.000000000000000000, 0.000000000000000000 ) ) ;
#2470 = CARTESIAN_POINT ( 'NONE',  ( 1.570000000000001172, 1.569999999999958540, 10.09999999999999964 ) ) ;
#2471 = DIRECTION ( 'NONE',  ( 0.000000000000000000, 1.000000000000000000, 0.000000000000000000 ) ) ;
#2472 = VERTEX_POINT ( 'NONE', #4412 ) ;
#2473 = EDGE_CURVE ( 'NONE', #1975, #4494, #3298, .T. ) ;
#2474 = DIRECTION ( 'NONE',  ( 0.000000000000000000, -0.000000000000000000, -1.000000000000000000 ) ) ;
#2475 = CARTESIAN_POINT ( 'NONE',  ( -1.570000000000002283, 3.510000000000013110, 10.09999999999999964 ) ) ;
#2476 = CARTESIAN_POINT ( 'NONE',  ( 2.540000000000000036, -4.989501595336908954E-14, 2.870000000000000107 ) ) ;
#2477 = ORIENTED_EDGE ( 'NONE', *, *, #3719, .T. ) ;
#2478 = ADVANCED_FACE ( 'NONE', ( #2265 ), #112, .F. ) ;
#2479 = ORIENTED_EDGE ( 'NONE', *, *, #120, .F. ) ;
#2480 = VECTOR ( 'NONE', #453, 1000.000000000000000 ) ;
#2481 = CARTESIAN_POINT ( 'NONE',  ( 3.509999999999997566, 1.569999999999958540, 10.09999999999999964 ) ) ;
#2482 = LINE ( 'NONE', #3894, #4283 ) ;
#2483 = PLANE ( 'NONE',  #2349 ) ;
#2484 = VECTOR ( 'NONE', #3924, 1000.000000000000000 ) ;
#2485 = ORIENTED_EDGE ( 'NONE', *, *, #4410, .F. ) ;
#2486 = AXIS2_PLACEMENT_3D ( 'NONE', #3323, #4371, #890 ) ;
#2487 = DIRECTION ( 'NONE',  ( -0.000000000000000000, 1.000000000000000000, 0.000000000000000000 ) ) ;
#2488 = ADVANCED_FACE ( 'NONE', ( #526 ), #4319, .T. ) ;
#2489 = DIRECTION ( 'NONE',  ( 0.000000000000000000, 1.000000000000000000, 0.000000000000000000 ) ) ;
#2490 = PRESENTATION_LAYER_ASSIGNMENT (  '', '', ( #143 ) ) ;
#2491 = ORIENTED_EDGE ( 'NONE', *, *, #120, .T. ) ;
#2492 = VECTOR ( 'NONE', #2163, 1000.000000000000114 ) ;
#2493 = PLANE ( 'NONE',  #4560 ) ;
#2494 = CARTESIAN_POINT ( 'NONE',  ( 0.000000000000000000, 0.000000000000000000, 0.000000000000000000 ) ) ;
#2495 = STYLED_ITEM ( 'NONE', ( #3711 ), #19 ) ;
#2496 = VERTEX_POINT ( 'NONE', #3627 ) ;
#2497 = VERTEX_POINT ( 'NONE', #479 ) ;
#2498 = DIRECTION ( 'NONE',  ( 0.000000000000000000, 1.000000000000000000, -1.082302103395239435E-16 ) ) ;
#2499 = LINE ( 'NONE', #2156, #3364 ) ;
#2500 = PLANE ( 'NONE',  #4495 ) ;
#2501 = EDGE_LOOP ( 'NONE', ( #528, #3282, #2436, #1717, #2883, #511, #2430, #1009 ) ) ;
#2502 = ORIENTED_EDGE ( 'NONE', *, *, #1831, .F. ) ;
#2503 = LINE ( 'NONE', #3914, #242 ) ;
#2504 = EDGE_CURVE ( 'NONE', #178, #1902, #4491, .T. ) ;
#2505 = EDGE_CURVE ( 'NONE', #2930, #428, #224, .T. ) ;
#2506 = FACE_OUTER_BOUND ( 'NONE', #662, .T. ) ;
#2507 = DIRECTION ( 'NONE',  ( 0.000000000000000000, -5.870001876866951339E-15, -1.000000000000000000 ) ) ;
#2508 = EDGE_CURVE ( 'NONE', #4172, #2561, #3078, .T. ) ;
#2509 = EDGE_LOOP ( 'NONE', ( #1870, #3099, #3434, #3608 ) ) ;
#2510 = VECTOR ( 'NONE', #3265, 1000.000000000000000 ) ;
#2511 = CARTESIAN_POINT ( 'NONE',  ( -1.570000000000002283, 3.510000000000013110, 10.09999999999999964 ) ) ;
#2512 = LINE ( 'NONE', #3482, #3514 ) ;
#2513 = VECTOR ( 'NONE', #736, 1000.000000000000000 ) ;
#2514 = EDGE_LOOP ( 'NONE', ( #460, #2544, #4382, #3339 ) ) ;
#2515 = VECTOR ( 'NONE', #1444, 1000.000000000000000 ) ;
#2516 = LINE ( 'NONE', #3169, #2638 ) ;
#2517 = LINE ( 'NONE', #2839, #3584 ) ;
#2518 = ORIENTED_EDGE ( 'NONE', *, *, #1241, .F. ) ;
#2519 = AXIS2_PLACEMENT_3D ( 'NONE', #4425, #2604, #903 ) ;
#2520 = CARTESIAN_POINT ( 'NONE',  ( -0.2999999999999999889, 0.5000000000000000000, 2.040000000000000036 ) ) ;
#2521 = DIRECTION ( 'NONE',  ( 0.000000000000000000, -5.870001876866951339E-15, -1.000000000000000000 ) ) ;
#2522 = FACE_BOUND ( 'NONE', #2577, .T. ) ;
#2523 = ORIENTED_EDGE ( 'NONE', *, *, #961, .T. ) ;
#2524 = ORIENTED_EDGE ( 'NONE', *, *, #513, .T. ) ;
#2525 = CARTESIAN_POINT ( 'NONE',  ( -3.509999999999999343, 3.510000000000013110, 10.97000000000000242 ) ) ;
#2526 = LINE ( 'NONE', #4307, #167 ) ;
#2527 = CARTESIAN_POINT ( 'NONE',  ( 3.509999999999997566, 0.9699999999999587841, 10.97000000000000242 ) ) ;
#2528 = VERTEX_POINT ( 'NONE', #321 ) ;
#2529 = CARTESIAN_POINT ( 'NONE',  ( -3.509999999999999343, 0.9699999999999587841, 10.97000000000000242 ) ) ;
#2530 = ADVANCED_FACE ( 'NONE', ( #3773 ), #1305, .T. ) ;
#2531 = DIRECTION ( 'NONE',  ( 0.000000000000000000, -1.000000000000000000, 1.082302103395239435E-16 ) ) ;
#2532 = ORIENTED_EDGE ( 'NONE', *, *, #1308, .F. ) ;
#2533 = EDGE_CURVE ( 'NONE', #711, #4208, #4514, .T. ) ;
#2534 = DIRECTION ( 'NONE',  ( 1.000000000000000000, 0.000000000000000000, 0.000000000000000000 ) ) ;
#2535 = LINE ( 'NONE', #3945, #1819 ) ;
#2536 = ORIENTED_EDGE ( 'NONE', *, *, #3206, .F. ) ;
#2537 = ORIENTED_EDGE ( 'NONE', *, *, #2631, .T. ) ;
#2538 = DIRECTION ( 'NONE',  ( -1.000000000000000000, -0.000000000000000000, -0.000000000000000000 ) ) ;
#2539 = CARTESIAN_POINT ( 'NONE',  ( -2.540000000000000036, -4.989501595336908954E-14, 2.870000000000000107 ) ) ;
#2540 = CARTESIAN_POINT ( 'NONE',  ( -1.570000000000002283, 0.9699999999999587841, 10.97000000000000242 ) ) ;
#2541 = ADVANCED_FACE ( 'NONE', ( #1719 ), #1650, .F. ) ;
#2542 = DIRECTION ( 'NONE',  ( 1.000000000000000000, 0.000000000000000000, 0.000000000000000000 ) ) ;
#2543 = EDGE_LOOP ( 'NONE', ( #3928, #4163, #4138, #2694 ) ) ;
#2544 = ORIENTED_EDGE ( 'NONE', *, *, #403, .F. ) ;
#2545 = FACE_OUTER_BOUND ( 'NONE', #1606, .T. ) ;
#2546 = DIRECTION ( 'NONE',  ( -1.000000000000000000, 0.000000000000000000, 0.000000000000000000 ) ) ;
#2547 = FACE_BOUND ( 'NONE', #2762, .T. ) ;
#2548 = ORIENTED_EDGE ( 'NONE', *, *, #2423, .T. ) ;
#2549 = DIRECTION ( 'NONE',  ( 0.000000000000000000, 0.000000000000000000, 1.000000000000000000 ) ) ;
#2550 = DIRECTION ( 'NONE',  ( -1.000000000000000000, 0.000000000000000000, 0.000000000000000000 ) ) ;
#2551 = VECTOR ( 'NONE', #4433, 1000.000000000000000 ) ;
#2552 = FILL_AREA_STYLE_COLOUR ( '', #947 ) ;
#2553 = PRODUCT_DEFINITION ( 'UNKNOWN', '', #2340, #2332 ) ;
#2554 = MECHANICAL_DESIGN_GEOMETRIC_PRESENTATION_REPRESENTATION (  '', ( #1756 ), #3883 ) ;
#2555 = ORIENTED_EDGE ( 'NONE', *, *, #1697, .T. ) ;
#2556 = ADVANCED_FACE ( 'NONE', ( #4462 ), #2404, .F. ) ;
#2557 = DIRECTION ( 'NONE',  ( -1.000000000000000000, 0.000000000000000000, -0.000000000000000000 ) ) ;
#2558 = VECTOR ( 'NONE', #3151, 1000.000000000000000 ) ;
#2559 = DIRECTION ( 'NONE',  ( -0.000000000000000000, 1.000000000000000000, -0.000000000000000000 ) ) ;
#2560 = ORIENTED_EDGE ( 'NONE', *, *, #435, .T. ) ;
#2561 = VERTEX_POINT ( 'NONE', #4438 ) ;
#2562 = EDGE_CURVE ( 'NONE', #3192, #711, #3054, .T. ) ;
#2563 = COLOUR_RGB ( '',0.2509803921568627416, 0.2509803921568627416, 0.2509803921568627416 ) ;
#2564 = DIRECTION ( 'NONE',  ( 0.000000000000000000, 1.000000000000000000, 0.000000000000000000 ) ) ;
#2565 = DIRECTION ( 'NONE',  ( 0.9396926207859095381, -0.3420201433256657153, -0.000000000000000000 ) ) ;
#2566 = MECHANICAL_DESIGN_GEOMETRIC_PRESENTATION_REPRESENTATION (  '', ( #2495 ), #519 ) ;
#2567 = DIRECTION ( 'NONE',  ( 0.000000000000000000, -0.000000000000000000, 1.000000000000000000 ) ) ;
#2568 = VECTOR ( 'NONE', #2507, 1000.000000000000000 ) ;
#2569 = SURFACE_SIDE_STYLE ('',( #436 ) ) ;
#2570 = ORIENTED_EDGE ( 'NONE', *, *, #2631, .F. ) ;
#2571 = VECTOR ( 'NONE', #3986, 1000.000000000000000 ) ;
#2572 = ORIENTED_EDGE ( 'NONE', *, *, #2459, .F. ) ;
#2573 = DIRECTION ( 'NONE',  ( 0.000000000000000000, 5.870001876866950550E-15, 1.000000000000000000 ) ) ;
#2574 = DIRECTION ( 'NONE',  ( 0.000000000000000000, 0.3420201433256628842, 0.9396926207859104263 ) ) ;
#2575 = DIRECTION ( 'NONE',  ( 0.000000000000000000, 1.000000000000000000, 0.000000000000000000 ) ) ;
#2576 = EDGE_CURVE ( 'NONE', #2965, #4068, #3840, .T. ) ;
#2577 = EDGE_LOOP ( 'NONE', ( #1825, #1588, #3601, #900 ) ) ;
#2578 = LINE ( 'NONE', #1247, #3166 ) ;
#2579 = CARTESIAN_POINT ( 'NONE',  ( -0.5699999999999971756, 3.110000000000010978, 11.36999999999999922 ) ) ;
#2580 =( LENGTH_UNIT ( ) NAMED_UNIT ( * ) SI_UNIT ( .MILLI., .METRE. ) );
#2581 = EDGE_LOOP ( 'NONE', ( #1826, #4153, #2727, #3268 ) ) ;
#2582 = DIRECTION ( 'NONE',  ( 0.3420201433256671031, 0.9396926207859089830, -1.116511540739375110E-16 ) ) ;
#2583 = VECTOR ( 'NONE', #1882, 1000.000000000000114 ) ;
#2584 = CARTESIAN_POINT ( 'NONE',  ( 0.9699999999999977529, 4.110000000000012754, 10.97000000000000242 ) ) ;
#2585 = EDGE_LOOP ( 'NONE', ( #3004, #740, #2572, #795 ) ) ;
#2586 = ORIENTED_EDGE ( 'NONE', *, *, #3210, .T. ) ;
#2587 = EDGE_CURVE ( 'NONE', #20, #4229, #2010, .T. ) ;
#2588 = EDGE_CURVE ( 'NONE', #1109, #1210, #249, .T. ) ;
#2589 = VECTOR ( 'NONE', #3198, 1000.000000000000000 ) ;
#2590 = CARTESIAN_POINT ( 'NONE',  ( -0.2999999999999999889, 0.5000000000000000000, 1.070000000000000062 ) ) ;
#2591 = EDGE_CURVE ( 'NONE', #2688, #2907, #2681, .T. ) ;
#2592 = CARTESIAN_POINT ( 'NONE',  ( 0.000000000000000000, 0.000000000000000000, 11.36999999999999922 ) ) ;
#2593 = LINE ( 'NONE', #1192, #3526 ) ;
#2595 = VECTOR ( 'NONE', #2564, 1000.000000000000000 ) ;
#2594 = CONTEXT_DEPENDENT_SHAPE_REPRESENTATION ( #3558, #3638 ) ;
#2596 = VERTEX_POINT ( 'NONE', #3436 ) ;
#2597 = EDGE_LOOP ( 'NONE', ( #196, #2179, #562, #481 ) ) ;
#2598 = LINE ( 'NONE', #164, #1419 ) ;
#2599 = EDGE_CURVE ( 'NONE', #3483, #540, #668, .T. ) ;
#2600 = LINE ( 'NONE', #188, #4064 ) ;
#2601 = DIRECTION ( 'NONE',  ( 0.000000000000000000, -1.000000000000000000, 0.000000000000000000 ) ) ;
#2602 = ORIENTED_EDGE ( 'NONE', *, *, #1827, .F. ) ;
#2603 = CARTESIAN_POINT ( 'NONE',  ( 0.9699999999999977529, 0.9699999999999587841, 10.09999999999999964 ) ) ;
#2604 = DIRECTION ( 'NONE',  ( 0.000000000000000000, -1.000000000000000000, 0.000000000000000000 ) ) ;
#2605 = FACE_OUTER_BOUND ( 'NONE', #2754, .T. ) ;
#2606 = LINE ( 'NONE', #4012, #3006 ) ;
#2607 = CARTESIAN_POINT ( 'NONE',  ( -0.9699999999999990852, 3.510000000000013110, 10.09999999999999964 ) ) ;
#2608 = ORIENTED_EDGE ( 'NONE', *, *, #2841, .F. ) ;
#2609 = EDGE_LOOP ( 'NONE', ( #349, #2104, #1806, #1216 ) ) ;
#2610 = DIRECTION ( 'NONE',  ( 0.000000000000000000, -1.188166764367676095E-16, -1.000000000000000000 ) ) ;
#2611 = LINE ( 'NONE', #4071, #1094 ) ;
#2612 = FACE_OUTER_BOUND ( 'NONE', #3022, .T. ) ;
#2613 = ORIENTED_EDGE ( 'NONE', *, *, #4345, .F. ) ;
#2614 = VERTEX_POINT ( 'NONE', #2703 ) ;
#2615 = CARTESIAN_POINT ( 'NONE',  ( 5.079999999999999183, -4.989501595336908954E-14, 2.870000000000000107 ) ) ;
#2616 = DIRECTION ( 'NONE',  ( 0.000000000000000000, -1.000000000000000000, 0.000000000000000000 ) ) ;
#2617 = CARTESIAN_POINT ( 'NONE',  ( -0.2999999999999999889, 1.069999999999999840, 3.245000000000000551 ) ) ;
#2618 = ADVANCED_FACE ( 'NONE', ( #3125 ), #1357, .F. ) ;
#2619 = EDGE_CURVE ( 'NONE', #3192, #2652, #2755, .T. ) ;
#2620 = ORIENTED_EDGE ( 'NONE', *, *, #3135, .F. ) ;
#2621 = DIRECTION ( 'NONE',  ( -1.000000000000000000, 0.000000000000000000, 0.000000000000000000 ) ) ;
#2622 = PLANE ( 'NONE',  #3770 ) ;
#2623 = FILL_AREA_STYLE_COLOUR ( '', #727 ) ;
#2624 = ORIENTED_EDGE ( 'NONE', *, *, #2884, .T. ) ;
#2625 = DIRECTION ( 'NONE',  ( -0.000000000000000000, -0.000000000000000000, 1.000000000000000000 ) ) ;
#2626 = VECTOR ( 'NONE', #154, 1000.000000000000000 ) ;
#2627 = DIRECTION ( 'NONE',  ( 1.000000000000000000, 0.000000000000000000, 0.000000000000000000 ) ) ;
#2628 = ORIENTED_EDGE ( 'NONE', *, *, #2281, .T. ) ;
#2629 = EDGE_LOOP ( 'NONE', ( #1495, #805, #4403, #1082 ) ) ;
#2630 = VECTOR ( 'NONE', #2949, 999.9999999999998863 ) ;
#2631 = EDGE_CURVE ( 'NONE', #2160, #4229, #3464, .T. ) ;
#2632 = VECTOR ( 'NONE', #1377, 1000.000000000000000 ) ;
#2633 = PLANE ( 'NONE',  #4221 ) ;
#2634 = DIRECTION ( 'NONE',  ( -0.7071067811865436870, -0.000000000000000000, -0.7071067811865513475 ) ) ;
#2635 = CARTESIAN_POINT ( 'NONE',  ( 3.509999999999997566, 0.9699999999999587841, 10.97000000000000242 ) ) ;
#2636 = PRODUCT_CONTEXT ( 'NONE', #3494, 'mechanical' ) ;
#2637 = ORIENTED_EDGE ( 'NONE', *, *, #745, .F. ) ;
#2638 = VECTOR ( 'NONE', #23, 1000.000000000000000 ) ;
#2639 = VECTOR ( 'NONE', #1665, 1000.000000000000000 ) ;
#2640 = FACE_OUTER_BOUND ( 'NONE', #257, .T. ) ;
#2641 = VECTOR ( 'NONE', #3201, 1000.000000000000000 ) ;
#2642 = CARTESIAN_POINT ( 'NONE',  ( 0.000000000000000000, 4.543511162150186244, 3.245000000000000107 ) ) ;
#2643 = EDGE_CURVE ( 'NONE', #1822, #4100, #958, .T. ) ;
#2644 = CARTESIAN_POINT ( 'NONE',  ( 2.540000000000000036, 0.3999999999999501732, 2.870000000000000107 ) ) ;
#2645 = VECTOR ( 'NONE', #2165, 1000.000000000000000 ) ;
#2646 = ADVANCED_FACE ( 'NONE', ( #2328 ), #2127, .T. ) ;
#2647 = ORIENTED_EDGE ( 'NONE', *, *, #2562, .F. ) ;
#2648 = EDGE_CURVE ( 'NONE', #4282, #2251, #1803, .T. ) ;
#2649 = CARTESIAN_POINT ( 'NONE',  ( 2.540000000000000036, 4.679999999999999716, 2.869999999999999662 ) ) ;
#2650 = LINE ( 'NONE', #1546, #973 ) ;
#2651 = ADVANCED_FACE ( 'NONE', ( #3208 ), #2493, .F. ) ;
#2652 = VERTEX_POINT ( 'NONE', #2861 ) ;
#2653 =( NAMED_UNIT ( * ) PLANE_ANGLE_UNIT ( ) SI_UNIT ( $, .RADIAN. ) );
#2654 = FACE_OUTER_BOUND ( 'NONE', #2454, .T. ) ;
#2655 = VERTEX_POINT ( 'NONE', #2470 ) ;
#2656 = ORIENTED_EDGE ( 'NONE', *, *, #3047, .F. ) ;
#2657 = AXIS2_PLACEMENT_3D ( 'NONE', #2988, #1243, #3373 ) ;
#2658 = DIRECTION ( 'NONE',  ( 0.000000000000000000, -1.000000000000000000, 0.000000000000000000 ) ) ;
#2659 = DIRECTION ( 'NONE',  ( -0.5773502691896278405, -0.5773502691896278405, -0.5773502691896216232 ) ) ;
#2660 = LINE ( 'NONE', #182, #955 ) ;
#2661 = SHAPE_DEFINITION_REPRESENTATION ( #899, #1385 ) ;
#2662 = ORIENTED_EDGE ( 'NONE', *, *, #1336, .T. ) ;
#2663 = VECTOR ( 'NONE', #1517, 1000.000000000000000 ) ;
#2664 = UNCERTAINTY_MEASURE_WITH_UNIT (LENGTH_MEASURE( 1.000000000000000082E-05 ), #1126, 'distance_accuracy_value', 'NONE');
#2665 = LINE ( 'NONE', #1858, #396 ) ;
#2666 = CARTESIAN_POINT ( 'NONE',  ( 5.080000000000000071, 4.679999999999999716, 2.869999999999999662 ) ) ;
#2667 = VECTOR ( 'NONE', #456, 1000.000000000000000 ) ;
#2668 = CARTESIAN_POINT ( 'NONE',  ( 0.000000000000000000, 4.543511162150186244, 3.245000000000000107 ) ) ;
#2669 = ORIENTED_EDGE ( 'NONE', *, *, #2364, .T. ) ;
#2670 = ORIENTED_EDGE ( 'NONE', *, *, #2793, .T. ) ;
#2671 = LINE ( 'NONE', #1585, #3970 ) ;
#2672 = DIRECTION ( 'NONE',  ( 0.000000000000000000, 0.000000000000000000, -1.000000000000000000 ) ) ;
#2673 = PLANE ( 'NONE',  #735 ) ;
#2674 = ORIENTED_EDGE ( 'NONE', *, *, #968, .T. ) ;
#2675 = EDGE_CURVE ( 'NONE', #105, #4236, #2171, .T. ) ;
#2676 = DIRECTION ( 'NONE',  ( -0.7071067811865436870, -0.000000000000000000, -0.7071067811865513475 ) ) ;
#2677 = ORIENTED_EDGE ( 'NONE', *, *, #1634, .F. ) ;
#2678 = ORIENTED_EDGE ( 'NONE', *, *, #583, .F. ) ;
#2679 = EDGE_CURVE ( 'NONE', #3700, #1936, #3737, .T. ) ;
#2680 = CARTESIAN_POINT ( 'NONE',  ( -4.110000000000002984, 4.110000000000012754, 10.97000000000000242 ) ) ;
#2681 = LINE ( 'NONE', #4091, #3590 ) ;
#2682 = CARTESIAN_POINT ( 'NONE',  ( -2.540000000000000036, 0.5364888378497735255, 3.245000000000000551 ) ) ;
#2683 = EDGE_LOOP ( 'NONE', ( #2267, #3726, #380, #4061 ) ) ;
#2684 = DIRECTION ( 'NONE',  ( 0.000000000000000000, 0.7071067811865436870, -0.7071067811865513475 ) ) ;
#2685 = EDGE_CURVE ( 'NONE', #920, #3511, #3878, .T. ) ;
#2686 = LINE ( 'NONE', #2433, #2558 ) ;
#2687 = DIRECTION ( 'NONE',  ( 0.000000000000000000, 0.000000000000000000, -1.000000000000000000 ) ) ;
#2688 = VERTEX_POINT ( 'NONE', #1118 ) ;
#2689 = ORIENTED_EDGE ( 'NONE', *, *, #3976, .F. ) ;
#2690 = CARTESIAN_POINT ( 'NONE',  ( -4.110000000000002984, 1.569999999999958540, 10.97000000000000242 ) ) ;
#2691 = FACE_OUTER_BOUND ( 'NONE', #2206, .T. ) ;
#2692 = CARTESIAN_POINT ( 'NONE',  ( -5.080000000000000071, 0.000000000000000000, 11.36999999999999922 ) ) ;
#2693 = FACE_OUTER_BOUND ( 'NONE', #4544, .T. ) ;
#2694 = ORIENTED_EDGE ( 'NONE', *, *, #1696, .F. ) ;
#2695 = CARTESIAN_POINT ( 'NONE',  ( 0.2999999999999999889, 0.5000000000000000000, 1.070000000000000062 ) ) ;
#2696 = CARTESIAN_POINT ( 'NONE',  ( 5.330000000000000959, 0.000000000000000000, 11.36999999999999922 ) ) ;
#2697 = CARTESIAN_POINT ( 'NONE',  ( -0.2999999999999999889, 3.040000000000000036, -1.069999999999999840 ) ) ;
#2698 = ORIENTED_EDGE ( 'NONE', *, *, #2508, .F. ) ;
#2699 = ORIENTED_EDGE ( 'NONE', *, *, #3940, .F. ) ;
#2700 = VECTOR ( 'NONE', #4539, 1000.000000000000000 ) ;
#2701 = ORIENTED_EDGE ( 'NONE', *, *, #4376, .T. ) ;
#2702 = EDGE_CURVE ( 'NONE', #2899, #1849, #3504, .T. ) ;
#2703 = CARTESIAN_POINT ( 'NONE',  ( -2.540000000000000036, 0.3999999999999501732, 2.870000000000000107 ) ) ;
#2704 = LINE ( 'NONE', #2061, #1310 ) ;
#2705 = EDGE_CURVE ( 'NONE', #1505, #1975, #1759, .T. ) ;
#2706 = EDGE_LOOP ( 'NONE', ( #4458, #3254, #4073, #2602 ) ) ;
#2707 = VECTOR ( 'NONE', #3391, 1000.000000000000000 ) ;
#2708 = CARTESIAN_POINT ( 'NONE',  ( 5.330000000000000959, 0.000000000000000000, 0.000000000000000000 ) ) ;
#2709 = DIRECTION ( 'NONE',  ( 0.000000000000000000, 5.870001876866951339E-15, 1.000000000000000000 ) ) ;
#2710 = DIRECTION ( 'NONE',  ( 0.000000000000000000, -0.3420201433256628842, -0.9396926207859104263 ) ) ;
#2711 = VECTOR ( 'NONE', #2151, 1000.000000000000000 ) ;
#2712 = VERTEX_POINT ( 'NONE', #1398 ) ;
#2713 = ORIENTED_EDGE ( 'NONE', *, *, #2007, .F. ) ;
#2714 = AXIS2_PLACEMENT_3D ( 'NONE', #557, #1629, #2687 ) ;
#2715 = LINE ( 'NONE', #258, #4201 ) ;
#2716 = CARTESIAN_POINT ( 'NONE',  ( 5.330000000000000959, 4.543511162150186244, 3.245000000000000107 ) ) ;
#2717 = DIRECTION ( 'NONE',  ( 0.000000000000000000, -1.000000000000000000, 0.000000000000000000 ) ) ;
#2718 = VECTOR ( 'NONE', #3499, 1000.000000000000000 ) ;
#2719 = DIRECTION ( 'NONE',  ( 1.000000000000000000, 0.000000000000000000, 0.000000000000000000 ) ) ;
#2720 = EDGE_LOOP ( 'NONE', ( #3682, #887, #408, #2322 ) ) ;
#2721 = VECTOR ( 'NONE', #3344, 1000.000000000000000 ) ;
#2722 = EDGE_CURVE ( 'NONE', #3318, #4446, #1785, .T. ) ;
#2723 = LINE ( 'NONE', #3095, #4194 ) ;
#2724 = CARTESIAN_POINT ( 'NONE',  ( -2.540000000000000036, 5.079999999999999183, 11.36999999999999922 ) ) ;
#2725 = PLANE ( 'NONE',  #581 ) ;
#2726 = ORIENTED_EDGE ( 'NONE', *, *, #2085, .T. ) ;
#2727 = ORIENTED_EDGE ( 'NONE', *, *, #3207, .F. ) ;
#2728 = ORIENTED_EDGE ( 'NONE', *, *, #124, .T. ) ;
#2729 = CARTESIAN_POINT ( 'NONE',  ( -5.080000000000000071, 0.3999999999999501732, 2.870000000000000107 ) ) ;
#2730 = DIRECTION ( 'NONE',  ( 0.000000000000000000, 0.9396926207859185309, 0.3420201433256412349 ) ) ;
#2731 = CARTESIAN_POINT ( 'NONE',  ( 5.079999999999999183, 4.543511162150186244, 3.245000000000000107 ) ) ;
#2732 = ORIENTED_EDGE ( 'NONE', *, *, #4459, .F. ) ;
#2733 = ADVANCED_FACE ( 'NONE', ( #2802 ), #3190, .F. ) ;
#2734 = EDGE_CURVE ( 'NONE', #155, #1842, #776, .T. ) ;
#2735 = VECTOR ( 'NONE', #4473, 1000.000000000000000 ) ;
#2736 = EDGE_CURVE ( 'NONE', #4304, #2368, #3145, .T. ) ;
#2737 = FACE_OUTER_BOUND ( 'NONE', #142, .T. ) ;
#2738 = DIRECTION ( 'NONE',  ( -1.000000000000000000, 0.000000000000000000, -0.000000000000000000 ) ) ;
#2739 = FACE_OUTER_BOUND ( 'NONE', #788, .T. ) ;
#2740 = VECTOR ( 'NONE', #4541, 999.9999999999998863 ) ;
#2741 = EDGE_LOOP ( 'NONE', ( #2158, #3246, #3376, #163 ) ) ;
#2742 = EDGE_CURVE ( 'NONE', #1005, #2497, #753, .T. ) ;
#2743 = VERTEX_POINT ( 'NONE', #4275 ) ;
#2744 = VECTOR ( 'NONE', #3529, 1000.000000000000000 ) ;
#2745 = CARTESIAN_POINT ( 'NONE',  ( -4.110000000000002984, 1.569999999999958540, 10.97000000000000242 ) ) ;
#2746 = LINE ( 'NONE', #3611, #2952 ) ;
#2747 = PRESENTATION_STYLE_ASSIGNMENT (( #3478 ) ) ;
#2748 = CARTESIAN_POINT ( 'NONE',  ( 0.9699999999999977529, 1.569999999999958540, 10.97000000000000242 ) ) ;
#2749 = VECTOR ( 'NONE', #1030, 1000.000000000000000 ) ;
#2750 = CARTESIAN_POINT ( 'NONE',  ( -4.110000000000002984, 4.110000000000012754, 10.09999999999999964 ) ) ;
#2751 = LINE ( 'NONE', #2375, #2639 ) ;
#2752 = CARTESIAN_POINT ( 'NONE',  ( 4.110000000000001208, 1.569999999999958540, 10.09999999999999964 ) ) ;
#2753 = ORIENTED_EDGE ( 'NONE', *, *, #2793, .F. ) ;
#2754 = EDGE_LOOP ( 'NONE', ( #3907, #1515, #2689, #4296 ) ) ;
#2755 = LINE ( 'NONE', #2060, #2632 ) ;
#2756 = CARTESIAN_POINT ( 'NONE',  ( 0.000000000000000000, 4.543511162150186244, 3.245000000000000107 ) ) ;
#2757 = ORIENTED_EDGE ( 'NONE', *, *, #2857, .F. ) ;
#2758 = CARTESIAN_POINT ( 'NONE',  ( -5.080000000000000071, 4.543511162150186244, 3.245000000000000107 ) ) ;
#2759 = PLANE ( 'NONE',  #3513 ) ;
#2760 = DIRECTION ( 'NONE',  ( 0.000000000000000000, 1.000000000000000000, 0.000000000000000000 ) ) ;
#2761 = ORIENTED_EDGE ( 'NONE', *, *, #3132, .F. ) ;
#2762 = EDGE_LOOP ( 'NONE', ( #4114, #771, #1384, #110 ) ) ;
#2763 = DIRECTION ( 'NONE',  ( 0.000000000000000000, -1.000000000000000000, 1.082302103395239312E-16 ) ) ;
#2764 = EDGE_CURVE ( 'NONE', #3979, #2846, #2516, .T. ) ;
#2765 = EDGE_CURVE ( 'NONE', #4464, #3797, #3926, .T. ) ;
#2766 = DIRECTION ( 'NONE',  ( 0.000000000000000000, -0.3420201433256411239, 0.9396926207859184199 ) ) ;
#2767 = FACE_OUTER_BOUND ( 'NONE', #3646, .T. ) ;
#2768 = EDGE_CURVE ( 'NONE', #1761, #2528, #2723, .T. ) ;
#2769 = CARTESIAN_POINT ( 'NONE',  ( 2.539999999999999591, 4.543511162150186244, 3.245000000000000107 ) ) ;
#2770 = CARTESIAN_POINT ( 'NONE',  ( 0.000000000000000000, 4.679999999999999716, 2.869999999999999662 ) ) ;
#2771 = LINE ( 'NONE', #2752, #502 ) ;
#2772 = ORIENTED_EDGE ( 'NONE', *, *, #775, .F. ) ;
#2773 = LINE ( 'NONE', #4186, #2749 ) ;
#2774 = CARTESIAN_POINT ( 'NONE',  ( -2.540000000000000036, 5.079999999999999183, 2.870000000000000107 ) ) ;
#2775 = DIRECTION ( 'NONE',  ( 0.000000000000000000, -1.000000000000000000, 0.000000000000000000 ) ) ;
#2776 = VERTEX_POINT ( 'NONE', #3764 ) ;
#2777 = ORIENTED_EDGE ( 'NONE', *, *, #4274, .F. ) ;
#2778 = EDGE_CURVE ( 'NONE', #2918, #591, #3409, .T. ) ;
#2779 = CARTESIAN_POINT ( 'NONE',  ( 5.079999999999999183, 4.543511162150186244, 3.245000000000000107 ) ) ;
#2780 = VECTOR ( 'NONE', #4162, 1000.000000000000000 ) ;
#2781 = PLANE ( 'NONE',  #730 ) ;
#2782 = LINE ( 'NONE', #3490, #1898 ) ;
#2783 = EDGE_LOOP ( 'NONE', ( #1626, #2465, #3098, #626 ) ) ;
#2784 = VECTOR ( 'NONE', #2856, 1000.000000000000000 ) ;
#2785 = ORIENTED_EDGE ( 'NONE', *, *, #2675, .F. ) ;
#2786 = PLANE ( 'NONE',  #1035 ) ;
#2787 = AXIS2_PLACEMENT_3D ( 'NONE', #1381, #2035, #674 ) ;
#2788 = DIRECTION ( 'NONE',  ( 0.000000000000000000, -1.000000000000000000, 1.082302103395239312E-16 ) ) ;
#2789 = FILL_AREA_STYLE_COLOUR ( '', #2563 ) ;
#2790 = SHAPE_REPRESENTATION_RELATIONSHIP ( 'NONE' , 'NONE' ,  #3259, #3049 ) ;
#2791 = EDGE_CURVE ( 'NONE', #575, #3419, #2022, .T. ) ;
#2792 = VECTOR ( 'NONE', #4133, 1000.000000000000000 ) ;
#2793 = EDGE_CURVE ( 'NONE', #4282, #1256, #2350, .T. ) ;
#2794 = CARTESIAN_POINT ( 'NONE',  ( -0.2999999999999999889, 3.609999999999999876, 3.245000000000000551 ) ) ;
#2795 = DIRECTION ( 'NONE',  ( -0.7071067811865436870, -0.000000000000000000, -0.7071067811865513475 ) ) ;
#2796 = CLOSED_SHELL ( 'NONE', ( #3199, #1952, #4179, #4313, #4001, #3896, #1829, #2224, #840, #1103, #830, #4240, #4230, #2618, #13, #3215, #1258, #3320, #1174, #2958, #326, #4368, #4339, #3378, #3241, #3810, #2983, #2255 ) ) ;
#2797 = VECTOR ( 'NONE', #1446, 1000.000000000000000 ) ;
#2798 = DIRECTION ( 'NONE',  ( -0.000000000000000000, -0.000000000000000000, 1.000000000000000000 ) ) ;
#2799 = AXIS2_PLACEMENT_3D ( 'NONE', #723, #2207, #1818 ) ;
#2800 = ORIENTED_EDGE ( 'NONE', *, *, #350, .T. ) ;
#2801 = CARTESIAN_POINT ( 'NONE',  ( -1.170000000000001261, 1.369999999999956142, 10.77000000000000135 ) ) ;
#2802 = FACE_OUTER_BOUND ( 'NONE', #856, .T. ) ;
#2803 = DIRECTION ( 'NONE',  ( 1.000000000000000000, 0.000000000000000000, 0.000000000000000000 ) ) ;
#2804 = ORIENTED_EDGE ( 'NONE', *, *, #4036, .T. ) ;
#2805 = DIRECTION ( 'NONE',  ( 0.000000000000000000, -0.000000000000000000, 1.000000000000000000 ) ) ;
#2806 = CARTESIAN_POINT ( 'NONE',  ( 1.570000000000001172, 0.9699999999999587841, 10.97000000000000242 ) ) ;
#2807 = LINE ( 'NONE', #1382, #3164 ) ;
#2808 = EDGE_LOOP ( 'NONE', ( #1313, #2005, #2757, #1893 ) ) ;
#2809 = EDGE_LOOP ( 'NONE', ( #2955, #4309, #3448, #3012 ) ) ;
#2810 = DIRECTION ( 'NONE',  ( 0.000000000000000000, -0.3420201433256412349, 0.9396926207859185309 ) ) ;
#2811 = FACE_OUTER_BOUND ( 'NONE', #2514, .T. ) ;
#2812 = VECTOR ( 'NONE', #1568, 1000.000000000000000 ) ;
#2813 = DIRECTION ( 'NONE',  ( 1.000000000000000000, 0.000000000000000000, 0.000000000000000000 ) ) ;
#2814 = VECTOR ( 'NONE', #275, 1000.000000000000000 ) ;
#2815 = ORIENTED_EDGE ( 'NONE', *, *, #961, .F. ) ;
#2816 = LINE ( 'NONE', #4227, #3370 ) ;
#2817 = CARTESIAN_POINT ( 'NONE',  ( -3.109999999999997211, 1.969999999999960449, 11.36999999999999922 ) ) ;
#2818 = EDGE_CURVE ( 'NONE', #3870, #4031, #682, .T. ) ;
#2819 = ORIENTED_EDGE ( 'NONE', *, *, #4421, .T. ) ;
#2820 = LINE ( 'NONE', #2801, #2744 ) ;
#2821 = CARTESIAN_POINT ( 'NONE',  ( 4.510000000000002451, 5.079999999999999183, 11.36999999999999922 ) ) ;
#2822 = CARTESIAN_POINT ( 'NONE',  ( 2.540000000000000036, 5.079999999999999183, 11.36999999999999922 ) ) ;
#2823 = ORIENTED_EDGE ( 'NONE', *, *, #1675, .F. ) ;
#2824 = EDGE_CURVE ( 'NONE', #4304, #201, #4106, .T. ) ;
#2825 = DIRECTION ( 'NONE',  ( 0.000000000000000000, 1.000000000000000000, -1.082302103395239435E-16 ) ) ;
#2826 = PLANE ( 'NONE',  #1528 ) ;
#2827 = LINE ( 'NONE', #3910, #3372 ) ;
#2828 = ORIENTED_EDGE ( 'NONE', *, *, #377, .F. ) ;
#2829 = ADVANCED_FACE ( 'NONE', ( #4506 ), #1045, .T. ) ;
#2830 = VERTEX_POINT ( 'NONE', #3456 ) ;
#2831 = LINE ( 'NONE', #2245, #4361 ) ;
#2832 = LINE ( 'NONE', #4266, #2879 ) ;
#2833 = DIRECTION ( 'NONE',  ( 1.000000000000000000, -0.000000000000000000, 0.000000000000000000 ) ) ;
#2834 = ORIENTED_EDGE ( 'NONE', *, *, #2389, .T. ) ;
#2835 = CARTESIAN_POINT ( 'NONE',  ( 0.2999999999999999889, -3.149999999999999911, 1.470000000000000639 ) ) ;
#2836 = CARTESIAN_POINT ( 'NONE',  ( 3.509999999999997566, 0.9699999999999587841, 10.97000000000000242 ) ) ;
#2837 = EDGE_LOOP ( 'NONE', ( #4317, #842, #193, #1579 ) ) ;
#2838 = DIRECTION ( 'NONE',  ( -1.000000000000000000, -0.000000000000000000, -0.000000000000000000 ) ) ;
#2839 = CARTESIAN_POINT ( 'NONE',  ( -2.540000000000000036, -4.989501595336908954E-14, 2.870000000000000107 ) ) ;
#2840 = ORIENTED_EDGE ( 'NONE', *, *, #3356, .T. ) ;
#2841 = EDGE_CURVE ( 'NONE', #3925, #2378, #1642, .T. ) ;
#2842 = PLANE ( 'NONE',  #3111 ) ;
#2843 = EDGE_CURVE ( 'NONE', #3575, #547, #2075, .T. ) ;
#2844 = CARTESIAN_POINT ( 'NONE',  ( 5.079999999999999183, 5.079999999999999183, 2.870000000000000107 ) ) ;
#2845 = CARTESIAN_POINT ( 'NONE',  ( 1.970000000000003082, 3.110000000000010978, 11.36999999999999922 ) ) ;
#2846 = VERTEX_POINT ( 'NONE', #1689 ) ;
#2847 = ORIENTED_EDGE ( 'NONE', *, *, #4395, .T. ) ;
#2848 = VECTOR ( 'NONE', #3209, 1000.000000000000000 ) ;
#2849 = CARTESIAN_POINT ( 'NONE',  ( -5.080000000000000071, 4.679999999999999716, 2.869999999999999662 ) ) ;
#2850 = FACE_OUTER_BOUND ( 'NONE', #2256, .T. ) ;
#2851 = CARTESIAN_POINT ( 'NONE',  ( 4.110000000000001208, 3.510000000000013110, 10.09999999999999964 ) ) ;
#2852 = VECTOR ( 'NONE', #1071, 1000.000000000000000 ) ;
#2853 = VERTEX_POINT ( 'NONE', #2794 ) ;
#2854 = VECTOR ( 'NONE', #4187, 1000.000000000000000 ) ;
#2855 = CARTESIAN_POINT ( 'NONE',  ( 5.080000000000000071, 0.5364888378497735255, 3.245000000000000551 ) ) ;
#2856 = DIRECTION ( 'NONE',  ( -0.5773502691896278405, 0.5773502691896278405, 0.5773502691896216232 ) ) ;
#2857 = EDGE_CURVE ( 'NONE', #2655, #1480, #3140, .T. ) ;
#2858 = VECTOR ( 'NONE', #777, 1000.000000000000000 ) ;
#2859 = ORIENTED_EDGE ( 'NONE', *, *, #3887, .T. ) ;
#2860 = AXIS2_PLACEMENT_3D ( 'NONE', #2297, #3331, #1603 ) ;
#2861 = CARTESIAN_POINT ( 'NONE',  ( 0.2999999999999999889, 1.470000000000000417, 2.040000000000000036 ) ) ;
#2862 = FACE_OUTER_BOUND ( 'NONE', #1284, .T. ) ;
#2863 = CLOSED_SHELL ( 'NONE', ( #1879, #797, #2449, #3388, #4089, #2733, #493, #3746, #1599, #1475, #3676, #603, #237, #2556, #2167, #2298, #204, #664, #4548, #3070, #757, #1442, #2921, #106, #548, #2478, #424, #75 ) ) ;
#2864 = ORIENTED_EDGE ( 'NONE', *, *, #3631, .F. ) ;
#2865 = CARTESIAN_POINT ( 'NONE',  ( -2.540000000000000036, 0.5364888378497735255, 3.245000000000000551 ) ) ;
#2866 = LINE ( 'NONE', #2195, #3664 ) ;
#2867 = CARTESIAN_POINT ( 'NONE',  ( 2.539999999999999591, -4.989501595336908954E-14, 2.870000000000000107 ) ) ;
#2868 = EDGE_CURVE ( 'NONE', #565, #3400, #4202, .T. ) ;
#2869 = EDGE_CURVE ( 'NONE', #4464, #2561, #612, .T. ) ;
#2870 = DIRECTION ( 'NONE',  ( 0.000000000000000000, 0.000000000000000000, 1.000000000000000000 ) ) ;
#2871 = ORIENTED_EDGE ( 'NONE', *, *, #4154, .F. ) ;
#2872 = EDGE_CURVE ( 'NONE', #3216, #893, #314, .T. ) ;
#2873 = VERTEX_POINT ( 'NONE', #4478 ) ;
#2874 = CARTESIAN_POINT ( 'NONE',  ( 2.539999999999999591, 5.079999999999999183, 2.870000000000000107 ) ) ;
#2875 = CARTESIAN_POINT ( 'NONE',  ( 0.9699999999999977529, 3.510000000000013110, 10.97000000000000242 ) ) ;
#2876 = DIRECTION ( 'NONE',  ( -0.5773502691896278405, -0.5773502691896278405, 0.5773502691896216232 ) ) ;
#2877 = EDGE_CURVE ( 'NONE', #1743, #1303, #4553, .T. ) ;
#2878 = VERTEX_POINT ( 'NONE', #2695 ) ;
#2879 = VECTOR ( 'NONE', #3244, 1000.000000000000000 ) ;
#2880 = CARTESIAN_POINT ( 'NONE',  ( -0.1908089297201394641, -3.149999999999999911, 1.470000000000000639 ) ) ;
#2881 = DIRECTION ( 'NONE',  ( -1.000000000000000000, -0.000000000000000000, -0.000000000000000000 ) ) ;
#2882 = CIRCLE ( 'NONE', #3032, 0.5699999999999998401 ) ;
#2883 = ORIENTED_EDGE ( 'NONE', *, *, #2305, .F. ) ;
#2884 = EDGE_CURVE ( 'NONE', #2907, #3562, #1322, .T. ) ;
#2885 = VECTOR ( 'NONE', #2538, 1000.000000000000000 ) ;
#2886 = LINE ( 'NONE', #388, #299 ) ;
#2887 = ORIENTED_EDGE ( 'NONE', *, *, #1158, .T. ) ;
#2888 = ORIENTED_EDGE ( 'NONE', *, *, #484, .T. ) ;
#2889 = FACE_OUTER_BOUND ( 'NONE', #2008, .T. ) ;
#2890 = LINE ( 'NONE', #4301, #1171 ) ;
#2891 = FACE_OUTER_BOUND ( 'NONE', #3052, .T. ) ;
#2892 = ORIENTED_EDGE ( 'NONE', *, *, #910, .F. ) ;
#2893 = ORIENTED_EDGE ( 'NONE', *, *, #4029, .F. ) ;
#2894 = LINE ( 'NONE', #2481, #3394 ) ;
#2895 = DIRECTION ( 'NONE',  ( 0.000000000000000000, -1.000000000000000000, 0.000000000000000000 ) ) ;
#2896 = EDGE_CURVE ( 'NONE', #2299, #4016, #1372, .T. ) ;
#2897 = DIRECTION ( 'NONE',  ( 0.7071067811865436870, 0.000000000000000000, -0.7071067811865513475 ) ) ;
#2898 = ADVANCED_FACE ( 'NONE', ( #1022 ), #977, .F. ) ;
#2899 = VERTEX_POINT ( 'NONE', #634 ) ;
#2900 = CARTESIAN_POINT ( 'NONE',  ( 1.570000000000001172, 3.510000000000013110, 10.09999999999999964 ) ) ;
#2901 =( NAMED_UNIT ( * ) SI_UNIT ( $, .STERADIAN. ) SOLID_ANGLE_UNIT ( ) );
#2902 = ADVANCED_FACE ( 'NONE', ( #3480 ), #793, .F. ) ;
#2903 = CARTESIAN_POINT ( 'NONE',  ( 4.510000000000002451, 3.110000000000010978, 11.36999999999999922 ) ) ;
#2904 = ORIENTED_EDGE ( 'NONE', *, *, #2679, .T. ) ;
#2905 = LINE ( 'NONE', #2926, #3964 ) ;
#2906 = CARTESIAN_POINT ( 'NONE',  ( 4.110000000000001208, 4.110000000000012754, 10.09999999999999964 ) ) ;
#2907 = VERTEX_POINT ( 'NONE', #4314 ) ;
#2908 = EDGE_LOOP ( 'NONE', ( #318, #1536, #2753, #56 ) ) ;
#2909 = CARTESIAN_POINT ( 'NONE',  ( 0.2999999999999999889, 0.5000000000000000000, 1.470000000000000195 ) ) ;
#2910 = LINE ( 'NONE', #3649, #2119 ) ;
#2911 = CARTESIAN_POINT ( 'NONE',  ( 2.540000000000000036, 5.079999999999999183, 11.36999999999999922 ) ) ;
#2912 = CARTESIAN_POINT ( 'NONE',  ( 1.269999999999997797, 0.000000000000000000, 0.000000000000000000 ) ) ;
#2913 = ORIENTED_EDGE ( 'NONE', *, *, #47, .T. ) ;
#2914 = VERTEX_POINT ( 'NONE', #3944 ) ;
#2915 = CARTESIAN_POINT ( 'NONE',  ( -0.9699999999999990852, 0.9699999999999587841, 10.09999999999999964 ) ) ;
#2916 = CARTESIAN_POINT ( 'NONE',  ( 0.9699999999999977529, 1.569999999999958540, 10.97000000000000242 ) ) ;
#2917 = CARTESIAN_POINT ( 'NONE',  ( 5.079999999999999183, 4.543511162150186244, 3.245000000000000107 ) ) ;
#2918 = VERTEX_POINT ( 'NONE', #4340 ) ;
#2919 = DIRECTION ( 'NONE',  ( 1.000000000000000000, 0.000000000000000000, 0.000000000000000000 ) ) ;
#2920 = AXIS2_PLACEMENT_3D ( 'NONE', #2494, #2803, #2453 ) ;
#2921 = ADVANCED_FACE ( 'NONE', ( #4427 ), #580, .F. ) ;
#2922 = EDGE_CURVE ( 'NONE', #1211, #3978, #3968, .T. ) ;
#2923 = AXIS2_PLACEMENT_3D ( 'NONE', #1144, #3930, #781 ) ;
#2924 = EDGE_CURVE ( 'NONE', #3714, #2261, #1161, .T. ) ;
#2925 = ORIENTED_EDGE ( 'NONE', *, *, #2247, .T. ) ;
#2926 = CARTESIAN_POINT ( 'NONE',  ( 0.2999999999999999334, -2.849999999999998312, -1.069999999999999618 ) ) ;
#2927 = PRESENTATION_LAYER_ASSIGNMENT (  '', '', ( #367 ) ) ;
#2928 = PLANE ( 'NONE',  #4397 ) ;
#2929 =( GEOMETRIC_REPRESENTATION_CONTEXT ( 3 ) GLOBAL_UNCERTAINTY_ASSIGNED_CONTEXT ( ( #3033 ) ) GLOBAL_UNIT_ASSIGNED_CONTEXT ( ( #1371, #3280, #2095 ) ) REPRESENTATION_CONTEXT ( 'NONE', 'WORKASPACE' ) );
#2930 = VERTEX_POINT ( 'NONE', #2692 ) ;
#2931 = ORIENTED_EDGE ( 'NONE', *, *, #3018, .T. ) ;
#2932 = EDGE_CURVE ( 'NONE', #162, #1776, #3407, .T. ) ;
#2933 = AXIS2_PLACEMENT_3D ( 'NONE', #1541, #3374, #2945 ) ;
#2934 = PLANE ( 'NONE',  #1641 ) ;
#2935 = DIRECTION ( 'NONE',  ( 0.000000000000000000, -0.9396926207859105373, 0.3420201433256629397 ) ) ;
#2936 = DIRECTION ( 'NONE',  ( 1.000000000000000000, 0.000000000000000000, 0.000000000000000000 ) ) ;
#2937 = AXIS2_PLACEMENT_3D ( 'NONE', #1917, #825, #1531 ) ;
#2938 = APPLICATION_PROTOCOL_DEFINITION ( 'draft international standard', 'automotive_design', 1998, #4062 ) ;
#2939 = ORIENTED_EDGE ( 'NONE', *, *, #3356, .F. ) ;
#2940 = PRODUCT_DEFINITION_SHAPE ( 'NONE', 'NONE',  #4563 ) ;
#2941 = AXIS2_PLACEMENT_3D ( 'NONE', #1270, #3333, #560 ) ;
#2942 = ORIENTED_EDGE ( 'NONE', *, *, #1079, .F. ) ;
#2943 = CARTESIAN_POINT ( 'NONE',  ( 5.330000000000000959, 0.3999999999999501732, 2.870000000000000107 ) ) ;
#2944 = CARTESIAN_POINT ( 'NONE',  ( -1.570000000000002283, 4.110000000000012754, 10.09999999999999964 ) ) ;
#2945 = DIRECTION ( 'NONE',  ( 0.000000000000000000, 0.000000000000000000, 1.000000000000000000 ) ) ;
#2946 = VERTEX_POINT ( 'NONE', #2211 ) ;
#2947 = CARTESIAN_POINT ( 'NONE',  ( 3.109999999999995435, 0.5699999999999568745, 11.36999999999999922 ) ) ;
#2948 = CARTESIAN_POINT ( 'NONE',  ( 5.079999999999999183, 5.079999999999999183, 2.870000000000000107 ) ) ;
#2949 = DIRECTION ( 'NONE',  ( 0.000000000000000000, 0.3420201433256412349, -0.9396926207859185309 ) ) ;
#2950 = AXIS2_PLACEMENT_3D ( 'NONE', #3330, #230, #871 ) ;
#2951 = SURFACE_SIDE_STYLE ('',( #1548 ) ) ;
#2952 = VECTOR ( 'NONE', #3915, 999.9999999999998863 ) ;
#2953 = CARTESIAN_POINT ( 'NONE',  ( 5.079999999999999183, -4.989501595336908954E-14, 2.870000000000000107 ) ) ;
#2954 = ORIENTED_EDGE ( 'NONE', *, *, #3618, .T. ) ;
#2955 = ORIENTED_EDGE ( 'NONE', *, *, #4345, .T. ) ;
#2956 = VECTOR ( 'NONE', #3450, 1000.000000000000000 ) ;
#2957 = EDGE_CURVE ( 'NONE', #1842, #411, #1506, .T. ) ;
#2958 = ADVANCED_FACE ( 'NONE', ( #946 ), #2673, .F. ) ;
#2959 = LINE ( 'NONE', #180, #1202 ) ;
#2960 = CARTESIAN_POINT ( 'NONE',  ( -4.110000000000002984, 4.110000000000012754, 10.09999999999999964 ) ) ;
#2961 = DIRECTION ( 'NONE',  ( 1.000000000000000000, 0.000000000000000000, 0.000000000000000000 ) ) ;
#2962 = EDGE_CURVE ( 'NONE', #566, #343, #236, .T. ) ;
#2963 = VECTOR ( 'NONE', #111, 1000.000000000000000 ) ;
#2964 = ORIENTED_EDGE ( 'NONE', *, *, #1010, .F. ) ;
#2965 = VERTEX_POINT ( 'NONE', #2236 ) ;
#2966 = FACE_OUTER_BOUND ( 'NONE', #847, .T. ) ;
#2967 = CARTESIAN_POINT ( 'NONE',  ( 0.2999999999999999889, 0.5000000000000000000, 1.470000000000000195 ) ) ;
#2968 = LINE ( 'NONE', #2337, #1324 ) ;
#2969 = ORIENTED_EDGE ( 'NONE', *, *, #1867, .F. ) ;
#2970 = DIRECTION ( 'NONE',  ( 0.000000000000000000, -0.000000000000000000, -1.000000000000000000 ) ) ;
#2971 = DIRECTION ( 'NONE',  ( 1.000000000000000000, 0.000000000000000000, 0.000000000000000000 ) ) ;
#2972 = ORIENTED_EDGE ( 'NONE', *, *, #1392, .T. ) ;
#2973 = MANIFOLD_SOLID_BREP ( 'Boss-Extrude2', #7 ) ;
#2974 = DIRECTION ( 'NONE',  ( -1.000000000000000000, -0.000000000000000000, -0.000000000000000000 ) ) ;
#2975 = LINE ( 'NONE', #907, #3447 ) ;
#2976 = VERTEX_POINT ( 'NONE', #1273 ) ;
#2977 = ORIENTED_EDGE ( 'NONE', *, *, #302, .T. ) ;
#2978 = DIRECTION ( 'NONE',  ( 0.000000000000000000, -1.000000000000000000, -1.188166764367676095E-16 ) ) ;
#2979 = CARTESIAN_POINT ( 'NONE',  ( -0.9699999999999990852, 3.510000000000013110, 10.97000000000000242 ) ) ;
#2980 = CARTESIAN_POINT ( 'NONE',  ( -0.2999999999999999889, 3.609999999999999876, -0.4999999999999997780 ) ) ;
#2981 = PRODUCT_CONTEXT ( 'NONE', #1764, 'mechanical' ) ;
#2982 = ORIENTED_EDGE ( 'NONE', *, *, #2932, .T. ) ;
#2983 = ADVANCED_FACE ( 'NONE', ( #1139 ), #2188, .F. ) ;
#2984 = EDGE_CURVE ( 'NONE', #3319, #866, #2905, .T. ) ;
#2985 = UNCERTAINTY_MEASURE_WITH_UNIT (LENGTH_MEASURE( 1.000000000000000082E-05 ), #4531, 'distance_accuracy_value', 'NONE');
#2986 = EDGE_CURVE ( 'NONE', #210, #3413, #3992, .T. ) ;
#2987 = DIRECTION ( 'NONE',  ( -1.000000000000000000, 0.000000000000000000, 0.000000000000000000 ) ) ;
#2988 = CARTESIAN_POINT ( 'NONE',  ( 5.079999999999999183, 0.000000000000000000, 11.36999999999999922 ) ) ;
#2989 = DIRECTION ( 'NONE',  ( 1.000000000000000000, -0.000000000000000000, -0.000000000000000000 ) ) ;
#2990 = ORIENTED_EDGE ( 'NONE', *, *, #3748, .T. ) ;
#2991 = CARTESIAN_POINT ( 'NONE',  ( 0.1908089297201394641, -3.149999999999999911, 1.470000000000000639 ) ) ;
#2992 = CARTESIAN_POINT ( 'NONE',  ( -1.570000000000002283, 3.510000000000013110, 10.09999999999999964 ) ) ;
#2993 = CARTESIAN_POINT ( 'NONE',  ( -1.570000000000002283, 0.9699999999999587841, 10.97000000000000242 ) ) ;
#2994 = ORIENTED_EDGE ( 'NONE', *, *, #1524, .T. ) ;
#2995 = CARTESIAN_POINT ( 'NONE',  ( 0.9699999999999977529, 4.110000000000012754, 10.09999999999999964 ) ) ;
#2996 = VECTOR ( 'NONE', #1096, 1000.000000000000114 ) ;
#2997 = LINE ( 'NONE', #496, #2034 ) ;
#2998 = VERTEX_POINT ( 'NONE', #680 ) ;
#2999 = VERTEX_POINT ( 'NONE', #3520 ) ;
#3000 = AXIS2_PLACEMENT_3D ( 'NONE', #4050, #2565, #2218 ) ;
#3001 = FACE_OUTER_BOUND ( 'NONE', #3255, .T. ) ;
#3002 = DIRECTION ( 'NONE',  ( -0.5773502691896278405, 0.5773502691896278405, -0.5773502691896216232 ) ) ;
#3003 = FACE_OUTER_BOUND ( 'NONE', #308, .T. ) ;
#3004 = ORIENTED_EDGE ( 'NONE', *, *, #2099, .T. ) ;
#3005 = VECTOR ( 'NONE', #949, 1000.000000000000000 ) ;
#3006 = VECTOR ( 'NONE', #2974, 1000.000000000000000 ) ;
#3007 = CARTESIAN_POINT ( 'NONE',  ( 3.509999999999997566, 3.510000000000013110, 10.97000000000000242 ) ) ;
#3008 = ADVANCED_FACE ( 'NONE', ( #2767 ), #4130, .F. ) ;
#3009 = AXIS2_PLACEMENT_3D ( 'NONE', #532, #4354, #2601 ) ;
#3010 = FACE_OUTER_BOUND ( 'NONE', #1793, .T. ) ;
#3011 = PLANE ( 'NONE',  #1539 ) ;
#3012 = ORIENTED_EDGE ( 'NONE', *, *, #533, .F. ) ;
#3013 = VECTOR ( 'NONE', #3425, 1000.000000000000000 ) ;
#3014 = ORIENTED_EDGE ( 'NONE', *, *, #2857, .T. ) ;
#3015 = PLANE ( 'NONE',  #3834 ) ;
#3016 = CARTESIAN_POINT ( 'NONE',  ( -4.110000000000002984, 4.110000000000012754, 10.09999999999999964 ) ) ;
#3017 = CARTESIAN_POINT ( 'NONE',  ( -1.570000000000002283, 3.510000000000013110, 10.09999999999999964 ) ) ;
#3018 = EDGE_CURVE ( 'NONE', #4229, #1520, #974, .T. ) ;
#3019 = ORIENTED_EDGE ( 'NONE', *, *, #1133, .F. ) ;
#3020 = MANIFOLD_SOLID_BREP ( 'Chamfer1', #2863 ) ;
#3021 = LINE ( 'NONE', #1666, #654 ) ;
#3022 = EDGE_LOOP ( 'NONE', ( #1921, #220, #1307, #470 ) ) ;
#3023 = ORIENTED_EDGE ( 'NONE', *, *, #2722, .F. ) ;
#3024 = EDGE_CURVE ( 'NONE', #2878, #1267, #3139, .T. ) ;
#3025 =( REPRESENTATION_RELATIONSHIP ('NONE','NONE', #3733, #3259 ) REPRESENTATION_RELATIONSHIP_WITH_TRANSFORMATION ( #161 )SHAPE_REPRESENTATION_RELATIONSHIP( ) );
#3026 = VECTOR ( 'NONE', #4006, 1000.000000000000114 ) ;
#3027 = DIRECTION ( 'NONE',  ( 0.000000000000000000, -0.000000000000000000, 1.000000000000000000 ) ) ;
#3028 = CARTESIAN_POINT ( 'NONE',  ( -5.080000000000000071, 0.000000000000000000, 11.36999999999999922 ) ) ;
#3029 = FACE_OUTER_BOUND ( 'NONE', #3304, .T. ) ;
#3030 = CONTEXT_DEPENDENT_SHAPE_REPRESENTATION ( #1065, #3551 ) ;
#3031 = ORIENTED_EDGE ( 'NONE', *, *, #60, .F. ) ;
#3032 = AXIS2_PLACEMENT_3D ( 'NONE', #205, #1561, #4074 ) ;
#3033 = UNCERTAINTY_MEASURE_WITH_UNIT (LENGTH_MEASURE( 1.000000000000000082E-05 ), #1371, 'distance_accuracy_value', 'NONE');
#3034 = LINE ( 'NONE', #2779, #976 ) ;
#3035 = LINE ( 'NONE', #4442, #3389 ) ;
#3036 = PRESENTATION_LAYER_ASSIGNMENT (  '', '', ( #905 ) ) ;
#3037 = PLANE ( 'NONE',  #593 ) ;
#3038 = ORIENTED_EDGE ( 'NONE', *, *, #302, .F. ) ;
#3039 = ORIENTED_EDGE ( 'NONE', *, *, #4534, .F. ) ;
#3040 = FACE_OUTER_BOUND ( 'NONE', #1812, .T. ) ;
#3041 = CARTESIAN_POINT ( 'NONE',  ( 5.330000000000000959, 4.543511162150186244, 3.245000000000000107 ) ) ;
#3042 = DIRECTION ( 'NONE',  ( 1.000000000000000000, 0.000000000000000000, 0.000000000000000000 ) ) ;
#3043 = VERTEX_POINT ( 'NONE', #4530 ) ;
#3044 = EDGE_CURVE ( 'NONE', #2260, #1056, #4225, .T. ) ;
#3045 = DIRECTION ( 'NONE',  ( -1.000000000000000000, -0.000000000000000000, -0.000000000000000000 ) ) ;
#3046 = DIRECTION ( 'NONE',  ( -1.000000000000000000, 0.000000000000000000, 0.000000000000000000 ) ) ;
#3047 = EDGE_CURVE ( 'NONE', #3732, #2234, #1388, .T. ) ;
#3048 = FACE_OUTER_BOUND ( 'NONE', #1423, .T. ) ;
#3049 = ADVANCED_BREP_SHAPE_REPRESENTATION ( '', ( #1429, #19, #2038 ), #663 ) ;
#3050 = ORIENTED_EDGE ( 'NONE', *, *, #278, .T. ) ;
#3051 = ORIENTED_EDGE ( 'NONE', *, *, #1302, .T. ) ;
#3052 = EDGE_LOOP ( 'NONE', ( #1866, #3755, #3368, #1483 ) ) ;
#3053 = DIRECTION ( 'NONE',  ( 0.000000000000000000, 1.000000000000000000, 1.084202172485506406E-15 ) ) ;
#3054 = LINE ( 'NONE', #3742, #2707 ) ;
#3055 = CARTESIAN_POINT ( 'NONE',  ( 1.970000000000003082, 5.079999999999999183, 11.36999999999999922 ) ) ;
#3056 = ORIENTED_EDGE ( 'NONE', *, *, #3890, .F. ) ;
#3057 = FACE_OUTER_BOUND ( 'NONE', #232, .T. ) ;
#3058 = DIRECTION ( 'NONE',  ( 0.000000000000000000, -0.000000000000000000, 1.000000000000000000 ) ) ;
#3059 = DIRECTION ( 'NONE',  ( 0.000000000000000000, -0.3420201433256412349, 0.9396926207859185309 ) ) ;
#3060 = ORIENTED_EDGE ( 'NONE', *, *, #543, .F. ) ;
#3061 = ORIENTED_EDGE ( 'NONE', *, *, #963, .T. ) ;
#3062 = DIRECTION ( 'NONE',  ( 0.000000000000000000, 1.000000000000000000, 0.000000000000000000 ) ) ;
#3063 = FACE_OUTER_BOUND ( 'NONE', #1508, .T. ) ;
#3064 =( NAMED_UNIT ( * ) PLANE_ANGLE_UNIT ( ) SI_UNIT ( $, .RADIAN. ) );
#3065 = CARTESIAN_POINT ( 'NONE',  ( 2.540000000000000036, 0.000000000000000000, 10.09999999999999964 ) ) ;
#3066 = VERTEX_POINT ( 'NONE', #4178 ) ;
#3067 = CARTESIAN_POINT ( 'NONE',  ( 0.2999999999999999889, -3.149999999999999911, 1.470000000000000639 ) ) ;
#3068 = PLANE ( 'NONE',  #2196 ) ;
#3069 = ADVANCED_FACE ( 'NONE', ( #2094 ), #378, .F. ) ;
#3070 = ADVANCED_FACE ( 'NONE', ( #1773 ), #4474, .F. ) ;
#3071 = DIRECTION ( 'NONE',  ( -0.000000000000000000, -0.000000000000000000, 1.000000000000000000 ) ) ;
#3072 = EDGE_LOOP ( 'NONE', ( #749, #954, #2460, #1591 ) ) ;
#3073 = ORIENTED_EDGE ( 'NONE', *, *, #1241, .T. ) ;
#3074 = EDGE_CURVE ( 'NONE', #2238, #4282, #3855, .T. ) ;
#3075 = AXIS2_PLACEMENT_3D ( 'NONE', #564, #818, #4364 ) ;
#3076 = ORIENTED_EDGE ( 'NONE', *, *, #2281, .F. ) ;
#3077 = CARTESIAN_POINT ( 'NONE',  ( 2.540000000000000036, 5.079999999999999183, 11.36999999999999922 ) ) ;
#3078 = LINE ( 'NONE', #1333, #1027 ) ;
#3079 = CARTESIAN_POINT ( 'NONE',  ( 4.110000000000001208, 1.569999999999958540, 10.97000000000000242 ) ) ;
#3080 = PRESENTATION_LAYER_ASSIGNMENT (  '', '', ( #4401 ) ) ;
#3081 = ORIENTED_EDGE ( 'NONE', *, *, #403, .T. ) ;
#3082 = EDGE_CURVE ( 'NONE', #2368, #3874, #3497, .T. ) ;
#3083 = VECTOR ( 'NONE', #824, 1000.000000000000000 ) ;
#3084 = CARTESIAN_POINT ( 'NONE',  ( -0.2999999999999999889, 0.5000000000000000000, -1.070000000000000062 ) ) ;
#3085 = DIRECTION ( 'NONE',  ( -0.5773502691896278405, -0.5773502691896278405, -0.5773502691896216232 ) ) ;
#3086 = DIRECTION ( 'NONE',  ( 0.000000000000000000, 0.000000000000000000, -1.000000000000000000 ) ) ;
#3087 = VECTOR ( 'NONE', #2813, 1000.000000000000000 ) ;
#3088 = ORIENTED_EDGE ( 'NONE', *, *, #910, .T. ) ;
#3089 = ORIENTED_EDGE ( 'NONE', *, *, #687, .T. ) ;
#3090 = VECTOR ( 'NONE', #255, 1000.000000000000000 ) ;
#3091 = DIRECTION ( 'NONE',  ( 0.000000000000000000, 0.7071067811865436870, -0.7071067811865513475 ) ) ;
#3092 = LINE ( 'NONE', #1660, #2735 ) ;
#3093 = CARTESIAN_POINT ( 'NONE',  ( 0.000000000000000000, 0.5364888378497735255, 3.245000000000000551 ) ) ;
#3094 =( GEOMETRIC_REPRESENTATION_CONTEXT ( 3 ) GLOBAL_UNCERTAINTY_ASSIGNED_CONTEXT ( ( #1598 ) ) GLOBAL_UNIT_ASSIGNED_CONTEXT ( ( #494, #2653, #1909 ) ) REPRESENTATION_CONTEXT ( 'NONE', 'WORKASPACE' ) );
#3095 = CARTESIAN_POINT ( 'NONE',  ( -1.370000000000000995, 3.910000000000011688, 10.77000000000000313 ) ) ;
#3096 = LINE ( 'NONE', #1046, #2718 ) ;
#3097 = DIRECTION ( 'NONE',  ( -0.000000000000000000, 1.000000000000000000, 0.000000000000000000 ) ) ;
#3098 = ORIENTED_EDGE ( 'NONE', *, *, #1510, .F. ) ;
#3099 = ORIENTED_EDGE ( 'NONE', *, *, #3104, .F. ) ;
#3100 = CARTESIAN_POINT ( 'NONE',  ( 2.540000000000000036, 0.000000000000000000, 11.36999999999999922 ) ) ;
#3101 = CARTESIAN_POINT ( 'NONE',  ( -0.2999999999999999889, 1.069999999999999840, 3.245000000000000551 ) ) ;
#3102 = DIRECTION ( 'NONE',  ( 0.000000000000000000, 1.000000000000000000, -5.870001876866950550E-15 ) ) ;
#3103 = ORIENTED_EDGE ( 'NONE', *, *, #1663, .F. ) ;
#3104 = EDGE_CURVE ( 'NONE', #3493, #2976, #1710, .T. ) ;
#3105 = EDGE_CURVE ( 'NONE', #1303, #2853, #1370, .T. ) ;
#3106 = VECTOR ( 'NONE', #1387, 1000.000000000000000 ) ;
#3107 = LINE ( 'NONE', #1627, #169 ) ;
#3108 = ADVANCED_FACE ( 'NONE', ( #998 ), #3453, .F. ) ;
#3109 = FACE_OUTER_BOUND ( 'NONE', #2016, .T. ) ;
#3110 = CARTESIAN_POINT ( 'NONE',  ( 5.080000000000000071, 4.679999999999999716, 2.869999999999999662 ) ) ;
#3111 = AXIS2_PLACEMENT_3D ( 'NONE', #1404, #1466, #1766 ) ;
#3112 = EDGE_LOOP ( 'NONE', ( #505, #2118, #3567, #953, #4164, #2377, #3229, #2990 ) ) ;
#3113 = VERTEX_POINT ( 'NONE', #833 ) ;
#3114 = VECTOR ( 'NONE', #4386, 1000.000000000000000 ) ;
#3115 = FACE_OUTER_BOUND ( 'NONE', #384, .T. ) ;
#3116 = FACE_OUTER_BOUND ( 'NONE', #2501, .T. ) ;
#3117 = FACE_OUTER_BOUND ( 'NONE', #1196, .T. ) ;
#3118 = VECTOR ( 'NONE', #3760, 1000.000000000000000 ) ;
#3119 = CARTESIAN_POINT ( 'NONE',  ( -5.330000000000000959, 5.079999999999999183, 2.870000000000000107 ) ) ;
#3120 = DIRECTION ( 'NONE',  ( 0.000000000000000000, -1.000000000000000000, 0.000000000000000000 ) ) ;
#3121 = CARTESIAN_POINT ( 'NONE',  ( -4.110000000000002984, 3.510000000000013110, 10.97000000000000242 ) ) ;
#3122 = EDGE_CURVE ( 'NONE', #46, #2100, #402, .T. ) ;
#3123 = ORIENTED_EDGE ( 'NONE', *, *, #1532, .F. ) ;
#3124 = LINE ( 'NONE', #4537, #4523 ) ;
#3125 = FACE_OUTER_BOUND ( 'NONE', #4094, .T. ) ;
#3126 = PLANE ( 'NONE',  #4030 ) ;
#3127 = ORIENTED_EDGE ( 'NONE', *, *, #1049, .T. ) ;
#3128 = EDGE_CURVE ( 'NONE', #4408, #411, #1132, .T. ) ;
#3129 = CARTESIAN_POINT ( 'NONE',  ( -0.2999999999999999889, 3.609999999999999876, -0.4999999999999997780 ) ) ;
#3130 = PLANE ( 'NONE',  #1780 ) ;
#3131 = LINE ( 'NONE', #992, #2052 ) ;
#3132 = EDGE_CURVE ( 'NONE', #4350, #3419, #1841, .T. ) ;
#3133 = EDGE_CURVE ( 'NONE', #948, #3446, #3936, .T. ) ;
#3134 = ORIENTED_EDGE ( 'NONE', *, *, #288, .T. ) ;
#3135 = EDGE_CURVE ( 'NONE', #565, #2339, #468, .T. ) ;
#3136 = VERTEX_POINT ( 'NONE', #419 ) ;
#3137 = FACE_OUTER_BOUND ( 'NONE', #4476, .T. ) ;
#3138 = CARTESIAN_POINT ( 'NONE',  ( 1.369999999999999662, 3.910000000000011688, 10.77000000000000313 ) ) ;
#3139 = LINE ( 'NONE', #1411, #3893 ) ;
#3140 = LINE ( 'NONE', #2047, #4405 ) ;
#3141 = CARTESIAN_POINT ( 'NONE',  ( 5.330000000000000959, 5.079999999999999183, 2.870000000000000107 ) ) ;
#3142 = CARTESIAN_POINT ( 'NONE',  ( -0.9699999999999990852, 1.569999999999958540, 10.09999999999999964 ) ) ;
#3143 = VERTEX_POINT ( 'NONE', #787 ) ;
#3144 = DIRECTION ( 'NONE',  ( 1.000000000000000000, 0.000000000000000000, 0.000000000000000000 ) ) ;
#3145 = LINE ( 'NONE', #4210, #807 ) ;
#3146 = DIRECTION ( 'NONE',  ( 0.000000000000000000, -1.000000000000000000, 0.000000000000000000 ) ) ;
#3147 = VERTEX_POINT ( 'NONE', #4328 ) ;
#3148 = EDGE_LOOP ( 'NONE', ( #366, #2761, #1516, #1014 ) ) ;
#3149 = LINE ( 'NONE', #3212, #3251 ) ;
#3150 = AXIS2_PLACEMENT_3D ( 'NONE', #3429, #2676, #589 ) ;
#3151 = DIRECTION ( 'NONE',  ( -0.000000000000000000, 1.000000000000000000, 1.188166764367676095E-16 ) ) ;
#3152 = DIRECTION ( 'NONE',  ( 0.000000000000000000, 1.000000000000000000, 0.000000000000000000 ) ) ;
#3153 = ORIENTED_EDGE ( 'NONE', *, *, #4235, .T. ) ;
#3154 = AXIS2_PLACEMENT_3D ( 'NONE', #1184, #3988, #1206 ) ;
#3155 = ORIENTED_EDGE ( 'NONE', *, *, #3104, .T. ) ;
#3156 = DIRECTION ( 'NONE',  ( 0.000000000000000000, 0.3420201433256628842, 0.9396926207859104263 ) ) ;
#3157 = VECTOR ( 'NONE', #272, 1000.000000000000000 ) ;
#3158 = CARTESIAN_POINT ( 'NONE',  ( 2.540000000000000036, 4.679999999999999716, 2.869999999999999662 ) ) ;
#3159 = DIRECTION ( 'NONE',  ( 0.000000000000000000, 1.000000000000000000, 0.000000000000000000 ) ) ;
#3160 = VECTOR ( 'NONE', #4559, 1000.000000000000000 ) ;
#3161 = EDGE_LOOP ( 'NONE', ( #1727, #4344, #2732, #1327 ) ) ;
#3162 = FACE_OUTER_BOUND ( 'NONE', #221, .T. ) ;
#3163 = EDGE_CURVE ( 'NONE', #411, #1592, #2228, .T. ) ;
#3164 = VECTOR ( 'NONE', #698, 1000.000000000000000 ) ;
#3165 = CARTESIAN_POINT ( 'NONE',  ( 3.709999999999999076, 3.910000000000011688, 10.77000000000000313 ) ) ;
#3166 = VECTOR ( 'NONE', #1181, 1000.000000000000000 ) ;
#3167 = EDGE_LOOP ( 'NONE', ( #1888, #2164, #1164, #3402 ) ) ;
#3168 = DIRECTION ( 'NONE',  ( 0.000000000000000000, -0.3420201433256628842, -0.9396926207859104263 ) ) ;
#3169 = CARTESIAN_POINT ( 'NONE',  ( -4.110000000000002984, 3.510000000000013110, 10.97000000000000242 ) ) ;
#3170 = LINE ( 'NONE', #425, #1750 ) ;
#3171 = ORIENTED_EDGE ( 'NONE', *, *, #1302, .F. ) ;
#3172 = EDGE_CURVE ( 'NONE', #591, #3502, #747, .T. ) ;
#3173 = CARTESIAN_POINT ( 'NONE',  ( 2.539999999999999591, 5.079999999999999183, 11.36999999999999922 ) ) ;
#3174 = DIRECTION ( 'NONE',  ( 1.000000000000000000, -0.000000000000000000, 0.000000000000000000 ) ) ;
#3175 = DIRECTION ( 'NONE',  ( -1.000000000000000000, 0.000000000000000000, 0.000000000000000000 ) ) ;
#3176 = ORIENTED_EDGE ( 'NONE', *, *, #293, .F. ) ;
#3177 = ORIENTED_EDGE ( 'NONE', *, *, #3922, .F. ) ;
#3178 = CARTESIAN_POINT ( 'NONE',  ( 0.000000000000000000, 4.679999999999999716, 2.869999999999999662 ) ) ;
#3179 = FACE_BOUND ( 'NONE', #3275, .T. ) ;
#3180 = VECTOR ( 'NONE', #3306, 999.9999999999998863 ) ;
#3181 = CARTESIAN_POINT ( 'NONE',  ( 3.509999999999997566, 1.569999999999958540, 10.97000000000000242 ) ) ;
#3182 = AXIS2_PLACEMENT_3D ( 'NONE', #1897, #187, #2573 ) ;
#3183 = VERTEX_POINT ( 'NONE', #2182 ) ;
#3184 = DIRECTION ( 'NONE',  ( 0.000000000000000000, 1.000000000000000000, 0.000000000000000000 ) ) ;
#3185 = AXIS2_PLACEMENT_3D ( 'NONE', #2520, #3193, #412 ) ;
#3186 = PLANE ( 'NONE',  #70 ) ;
#3187 = ADVANCED_FACE ( 'NONE', ( #80 ), #99, .F. ) ;
#3188 = EDGE_CURVE ( 'NONE', #4031, #3553, #2140, .T. ) ;
#3189 = ORIENTED_EDGE ( 'NONE', *, *, #3252, .F. ) ;
#3190 = PLANE ( 'NONE',  #3518 ) ;
#3191 = LINE ( 'NONE', #3862, #1676 ) ;
#3192 = VERTEX_POINT ( 'NONE', #3587 ) ;
#3193 = DIRECTION ( 'NONE',  ( -1.000000000000000000, -0.000000000000000000, -0.000000000000000000 ) ) ;
#3194 = DIRECTION ( 'NONE',  ( 0.000000000000000000, -0.7071067811865436870, -0.7071067811865513475 ) ) ;
#3195 = DIRECTION ( 'NONE',  ( 0.000000000000000000, 1.000000000000000000, 0.000000000000000000 ) ) ;
#3196 = ORIENTED_EDGE ( 'NONE', *, *, #3315, .T. ) ;
#3197 = ORIENTED_EDGE ( 'NONE', *, *, #289, .T. ) ;
#3198 = DIRECTION ( 'NONE',  ( 0.000000000000000000, 0.000000000000000000, -1.000000000000000000 ) ) ;
#3199 = ADVANCED_FACE ( 'NONE', ( #443, #2547, #119 ), #2483, .F. ) ;
#3200 = FACE_OUTER_BOUND ( 'NONE', #2193, .T. ) ;
#3201 = DIRECTION ( 'NONE',  ( 0.000000000000000000, -1.000000000000000000, 0.000000000000000000 ) ) ;
#3202 = EDGE_LOOP ( 'NONE', ( #2620, #3769, #1935, #4023 ) ) ;
#3203 = DIRECTION ( 'NONE',  ( 1.000000000000000000, 0.000000000000000000, 0.000000000000000000 ) ) ;
#3204 = CARTESIAN_POINT ( 'NONE',  ( -4.510000000000004228, 0.5699999999999568745, 11.36999999999999922 ) ) ;
#3205 = ORIENTED_EDGE ( 'NONE', *, *, #1297, .T. ) ;
#3206 = EDGE_CURVE ( 'NONE', #3493, #699, #1519, .T. ) ;
#3207 = EDGE_CURVE ( 'NONE', #1256, #1172, #3635, .T. ) ;
#3208 = FACE_OUTER_BOUND ( 'NONE', #3589, .T. ) ;
#3209 = DIRECTION ( 'NONE',  ( -0.5773502691896278405, -0.5773502691896278405, 0.5773502691896216232 ) ) ;
#3210 = EDGE_CURVE ( 'NONE', #3801, #4408, #487, .T. ) ;
#3211 = ORIENTED_EDGE ( 'NONE', *, *, #2473, .T. ) ;
#3212 = CARTESIAN_POINT ( 'NONE',  ( 2.540000000000000036, 4.543511162150186244, 3.245000000000000107 ) ) ;
#3213 = CARTESIAN_POINT ( 'NONE',  ( -2.540000000000000036, 0.000000000000000000, 11.36999999999999922 ) ) ;
#3214 = CARTESIAN_POINT ( 'NONE',  ( -3.509999999999999343, 1.569999999999958540, 10.09999999999999964 ) ) ;
#3215 = ADVANCED_FACE ( 'NONE', ( #37 ), #1433, .F. ) ;
#3216 = VERTEX_POINT ( 'NONE', #4245 ) ;
#3217 = ORIENTED_EDGE ( 'NONE', *, *, #3267, .T. ) ;
#3218 = VECTOR ( 'NONE', #3736, 1000.000000000000000 ) ;
#3219 = LINE ( 'NONE', #2849, #3472 ) ;
#3220 = DIRECTION ( 'NONE',  ( 0.000000000000000000, -1.000000000000000000, -0.000000000000000000 ) ) ;
#3221 = FACE_OUTER_BOUND ( 'NONE', #4000, .T. ) ;
#3222 = VECTOR ( 'NONE', #3811, 1000.000000000000000 ) ;
#3223 = ORIENTED_EDGE ( 'NONE', *, *, #4182, .F. ) ;
#3224 = VECTOR ( 'NONE', #3002, 1000.000000000000000 ) ;
#3225 = DIRECTION ( 'NONE',  ( 0.3420201433256657153, -0.9396926207859095381, 1.116511540739375850E-16 ) ) ;
#3226 = COLOUR_RGB ( '',1.000000000000000000, 0.8117647058823529438, 0.5019607843137254832 ) ;
#3227 = CARTESIAN_POINT ( 'NONE',  ( 0.5699999999999958433, 5.079999999999999183, 11.36999999999999922 ) ) ;
#3228 = AXIS2_PLACEMENT_3D ( 'NONE', #4449, #3730, #1293 ) ;
#3229 = ORIENTED_EDGE ( 'NONE', *, *, #4206, .T. ) ;
#3230 = VECTOR ( 'NONE', #1200, 1000.000000000000000 ) ;
#3231 = CARTESIAN_POINT ( 'NONE',  ( -2.540000000000000036, 5.079999999999999183, 11.36999999999999922 ) ) ;
#3232 = VECTOR ( 'NONE', #3921, 1000.000000000000000 ) ;
#3233 = ORIENTED_EDGE ( 'NONE', *, *, #150, .T. ) ;
#3234 = ORIENTED_EDGE ( 'NONE', *, *, #1816, .T. ) ;
#3235 = CARTESIAN_POINT ( 'NONE',  ( -0.2999999999999999889, 1.470000000000000417, 3.245000000000000551 ) ) ;
#3236 = PLANE ( 'NONE',  #3889 ) ;
#3237 = CARTESIAN_POINT ( 'NONE',  ( 5.330000000000000959, -4.989501595336908954E-14, 2.870000000000000107 ) ) ;
#3238 =( NAMED_UNIT ( * ) PLANE_ANGLE_UNIT ( ) SI_UNIT ( $, .RADIAN. ) );
#3239 = ORIENTED_EDGE ( 'NONE', *, *, #2765, .T. ) ;
#3240 = EDGE_CURVE ( 'NONE', #605, #4053, #1086, .T. ) ;
#3241 = ADVANCED_FACE ( 'NONE', ( #3221 ), #1222, .F. ) ;
#3242 = EDGE_LOOP ( 'NONE', ( #2847, #3767, #1887, #8, #1257, #3313 ) ) ;
#3243 = LINE ( 'NONE', #3178, #1348 ) ;
#3244 = DIRECTION ( 'NONE',  ( -0.000000000000000000, 1.000000000000000000, 1.188166764367676095E-16 ) ) ;
#3245 = DIRECTION ( 'NONE',  ( -1.000000000000000000, -0.000000000000000000, -0.000000000000000000 ) ) ;
#3246 = ORIENTED_EDGE ( 'NONE', *, *, #770, .F. ) ;
#3247 = VECTOR ( 'NONE', #4393, 999.9999999999998863 ) ;
#3248 = CARTESIAN_POINT ( 'NONE',  ( -2.540000000000000036, 5.079999999999999183, 2.870000000000000107 ) ) ;
#3249 = VECTOR ( 'NONE', #744, 1000.000000000000000 ) ;
#3250 = ORIENTED_EDGE ( 'NONE', *, *, #4132, .T. ) ;
#3251 = VECTOR ( 'NONE', #68, 1000.000000000000000 ) ;
#3252 = EDGE_CURVE ( 'NONE', #3043, #3483, #4444, .T. ) ;
#3253 = LINE ( 'NONE', #1507, #4477 ) ;
#3254 = ORIENTED_EDGE ( 'NONE', *, *, #4370, .F. ) ;
#3255 = EDGE_LOOP ( 'NONE', ( #784, #135, #420, #931 ) ) ;
#3256 = CARTESIAN_POINT ( 'NONE',  ( 1.570000000000001172, 3.510000000000013110, 10.09999999999999964 ) ) ;
#3257 = LINE ( 'NONE', #550, #2414 ) ;
#3258 = PLANE ( 'NONE',  #1470 ) ;
#3259 = SHAPE_REPRESENTATION ( 'Pin - Gold', ( #2038 ), #663 ) ;
#3260 = ORIENTED_EDGE ( 'NONE', *, *, #3886, .T. ) ;
#3261 = ORIENTED_EDGE ( 'NONE', *, *, #4085, .T. ) ;
#3262 = DIRECTION ( 'NONE',  ( -1.000000000000000000, -0.000000000000000000, -0.000000000000000000 ) ) ;
#3263 = EDGE_CURVE ( 'NONE', #3838, #3801, #2968, .T. ) ;
#3264 = EDGE_CURVE ( 'NONE', #948, #3838, #4419, .T. ) ;
#3265 = DIRECTION ( 'NONE',  ( 1.000000000000000000, 0.000000000000000000, 0.000000000000000000 ) ) ;
#3266 = DIRECTION ( 'NONE',  ( -0.000000000000000000, -1.000000000000000000, -1.084202172485506406E-15 ) ) ;
#3267 = EDGE_CURVE ( 'NONE', #73, #783, #189, .T. ) ;
#3268 = ORIENTED_EDGE ( 'NONE', *, *, #986, .T. ) ;
#3269 = FACE_OUTER_BOUND ( 'NONE', #876, .T. ) ;
#3270 =( NAMED_UNIT ( * ) PLANE_ANGLE_UNIT ( ) SI_UNIT ( $, .RADIAN. ) );
#3271 = EDGE_CURVE ( 'NONE', #893, #1203, #1583, .T. ) ;
#3272 = ORIENTED_EDGE ( 'NONE', *, *, #1277, .F. ) ;
#3273 = CARTESIAN_POINT ( 'NONE',  ( 4.110000000000001208, 1.569999999999958540, 10.97000000000000242 ) ) ;
#3274 = LINE ( 'NONE', #545, #1456 ) ;
#3275 = EDGE_LOOP ( 'NONE', ( #1571, #1558, #2027, #841 ) ) ;
#3276 = EDGE_LOOP ( 'NONE', ( #4356, #3738, #2871, #558 ) ) ;
#3277 = DIRECTION ( 'NONE',  ( 0.000000000000000000, -1.000000000000000000, 0.000000000000000000 ) ) ;
#3278 = CARTESIAN_POINT ( 'NONE',  ( 5.330000000000000959, 0.3999999999999501732, 2.870000000000000107 ) ) ;
#3279 = PLANE ( 'NONE',  #743 ) ;
#3280 =( NAMED_UNIT ( * ) PLANE_ANGLE_UNIT ( ) SI_UNIT ( $, .RADIAN. ) );
#3281 = ORIENTED_EDGE ( 'NONE', *, *, #3618, .F. ) ;
#3282 = ORIENTED_EDGE ( 'NONE', *, *, #2108, .F. ) ;
#3283 = LINE ( 'NONE', #4392, #3692 ) ;
#3284 = DIRECTION ( 'NONE',  ( 0.000000000000000000, -1.000000000000000000, 0.000000000000000000 ) ) ;
#3285 = LINE ( 'NONE', #4028, #517 ) ;
#3286 = AXIS2_PLACEMENT_3D ( 'NONE', #501, #4372, #891 ) ;
#3287 = ORIENTED_EDGE ( 'NONE', *, *, #1778, .T. ) ;
#3288 = DIRECTION ( 'NONE',  ( 0.000000000000000000, -1.000000000000000000, -1.084202172485506603E-15 ) ) ;
#3289 = FACE_OUTER_BOUND ( 'NONE', #3112, .T. ) ;
#3290 = VECTOR ( 'NONE', #4148, 1000.000000000000000 ) ;
#3291 = EDGE_CURVE ( 'NONE', #921, #1463, #2316, .T. ) ;
#3292 = VECTOR ( 'NONE', #264, 1000.000000000000000 ) ;
#3293 = CARTESIAN_POINT ( 'NONE',  ( 3.509999999999997566, 3.510000000000013110, 10.97000000000000242 ) ) ;
#3294 = ORIENTED_EDGE ( 'NONE', *, *, #2473, .F. ) ;
#3295 = EDGE_LOOP ( 'NONE', ( #610, #4127, #826, #1106 ) ) ;
#3296 = VECTOR ( 'NONE', #647, 1000.000000000000000 ) ;
#3297 = CARTESIAN_POINT ( 'NONE',  ( 0.2999999999999999889, -3.149999999999999911, 1.069999999999999618 ) ) ;
#3298 = LINE ( 'NONE', #2979, #4404 ) ;
#3299 = VECTOR ( 'NONE', #2023, 1000.000000000000000 ) ;
#3300 = CARTESIAN_POINT ( 'NONE',  ( -5.330000000000000959, -4.989501595336908954E-14, 2.870000000000000107 ) ) ;
#3301 = EDGE_CURVE ( 'NONE', #1128, #1359, #1253, .T. ) ;
#3302 = VECTOR ( 'NONE', #2266, 1000.000000000000000 ) ;
#3303 = ORIENTED_EDGE ( 'NONE', *, *, #4154, .T. ) ;
#3304 = EDGE_LOOP ( 'NONE', ( #2931, #4457, #3384, #2537 ) ) ;
#3305 = CARTESIAN_POINT ( 'NONE',  ( -3.109999999999997211, 0.5699999999999568745, 11.36999999999999922 ) ) ;
#3306 = DIRECTION ( 'NONE',  ( 0.000000000000000000, -0.3420201433256412349, 0.9396926207859185309 ) ) ;
#3307 = DIRECTION ( 'NONE',  ( -1.000000000000000000, -0.000000000000000000, -0.000000000000000000 ) ) ;
#3308 = EDGE_CURVE ( 'NONE', #1673, #52, #1946, .T. ) ;
#3309 = ORIENTED_EDGE ( 'NONE', *, *, #4262, .F. ) ;
#3310 = FACE_OUTER_BOUND ( 'NONE', #454, .T. ) ;
#3311 = DIRECTION ( 'NONE',  ( -0.5773502691896278405, 0.5773502691896278405, -0.5773502691896216232 ) ) ;
#3312 = CARTESIAN_POINT ( 'NONE',  ( 5.079999999999999183, 5.079999999999999183, 11.36999999999999922 ) ) ;
#3313 = ORIENTED_EDGE ( 'NONE', *, *, #4321, .T. ) ;
#3314 = VECTOR ( 'NONE', #2546, 1000.000000000000000 ) ;
#3315 = EDGE_CURVE ( 'NONE', #699, #1673, #4076, .T. ) ;
#3316 = VECTOR ( 'NONE', #3723, 1000.000000000000000 ) ;
#3317 = DIRECTION ( 'NONE',  ( 1.000000000000000000, 0.000000000000000000, -0.000000000000000000 ) ) ;
#3318 = VERTEX_POINT ( 'NONE', #2644 ) ;
#3319 = VERTEX_POINT ( 'NONE', #1564 ) ;
#3320 = ADVANCED_FACE ( 'NONE', ( #4056 ), #3725, .F. ) ;
#3321 = VECTOR ( 'NONE', #708, 1000.000000000000000 ) ;
#3322 = LINE ( 'NONE', #2264, #101 ) ;
#3323 = CARTESIAN_POINT ( 'NONE',  ( 5.080000000000000071, 0.000000000000000000, 10.09999999999999964 ) ) ;
#3324 = DIRECTION ( 'NONE',  ( 0.5773502691896278405, 0.5773502691896278405, -0.5773502691896216232 ) ) ;
#3326 = AXIS2_PLACEMENT_3D ( 'NONE', #4060, #854, #2344 ) ;
#3325 = APPLICATION_PROTOCOL_DEFINITION ( 'draft international standard', 'automotive_design', 1998, #1764 ) ;
#3327 = ORIENTED_EDGE ( 'NONE', *, *, #769, .T. ) ;
#3328 = ORIENTED_EDGE ( 'NONE', *, *, #583, .T. ) ;
#3329 = CARTESIAN_POINT ( 'NONE',  ( -2.540000000000000036, 0.3999999999999501732, 2.870000000000000107 ) ) ;
#3330 = CARTESIAN_POINT ( 'NONE',  ( 5.330000000000000959, 5.079999999999999183, 2.870000000000000107 ) ) ;
#3331 = DIRECTION ( 'NONE',  ( 0.000000000000000000, 0.7071067811865436870, -0.7071067811865513475 ) ) ;
#3332 = ORIENTED_EDGE ( 'NONE', *, *, #1000, .F. ) ;
#3333 = DIRECTION ( 'NONE',  ( 0.000000000000000000, -1.000000000000000000, 0.000000000000000000 ) ) ;
#3334 = FACE_OUTER_BOUND ( 'NONE', #553, .T. ) ;
#3335 = PRESENTATION_STYLE_ASSIGNMENT (( #146 ) ) ;
#3336 = ORIENTED_EDGE ( 'NONE', *, *, #4472, .F. ) ;
#3337 = CARTESIAN_POINT ( 'NONE',  ( 7.620000000000000107, 0.000000000000000000, 10.09999999999999964 ) ) ;
#3338 = CARTESIAN_POINT ( 'NONE',  ( 0.000000000000000000, 5.079999999999999183, 2.870000000000000107 ) ) ;
#3339 = ORIENTED_EDGE ( 'NONE', *, *, #1937, .T. ) ;
#3340 = ORIENTED_EDGE ( 'NONE', *, *, #3308, .T. ) ;
#3341 = DIRECTION ( 'NONE',  ( -1.000000000000000000, 0.000000000000000000, 0.000000000000000000 ) ) ;
#3342 = ADVANCED_FACE ( 'NONE', ( #3704 ), #3011, .F. ) ;
#3343 = CARTESIAN_POINT ( 'NONE',  ( 0.000000000000000000, 0.000000000000000000, 11.36999999999999922 ) ) ;
#3344 = DIRECTION ( 'NONE',  ( 1.000000000000000000, 0.000000000000000000, 0.000000000000000000 ) ) ;
#3345 = ORIENTED_EDGE ( 'NONE', *, *, #4182, .T. ) ;
#3346 = DIRECTION ( 'NONE',  ( -0.000000000000000000, -0.000000000000000000, 1.000000000000000000 ) ) ;
#3347 = ADVANCED_FACE ( 'NONE', ( #231 ), #3037, .T. ) ;
#3348 = LINE ( 'NONE', #1602, #3844 ) ;
#3349 = CARTESIAN_POINT ( 'NONE',  ( -5.080000000000000071, 0.5364888378497735255, 3.245000000000000551 ) ) ;
#3350 = EDGE_LOOP ( 'NONE', ( #473, #1656, #1040, #2800 ) ) ;
#3351 = EDGE_LOOP ( 'NONE', ( #1981, #2244, #489, #4213 ) ) ;
#3352 = PLANE ( 'NONE',  #1254 ) ;
#3353 = FACE_OUTER_BOUND ( 'NONE', #2808, .T. ) ;
#3354 = SURFACE_STYLE_FILL_AREA ( #3644 ) ;
#3355 = CARTESIAN_POINT ( 'NONE',  ( -4.110000000000002984, 4.110000000000012754, 10.09999999999999964 ) ) ;
#3356 = EDGE_CURVE ( 'NONE', #1849, #2039, #3754, .T. ) ;
#3357 = ORIENTED_EDGE ( 'NONE', *, *, #1604, .T. ) ;
#3358 = PRESENTATION_STYLE_ASSIGNMENT (( #241 ) ) ;
#3359 = VECTOR ( 'NONE', #475, 1000.000000000000000 ) ;
#3360 = CARTESIAN_POINT ( 'NONE',  ( -5.330000000000000959, 0.3999999999999501732, 2.870000000000000107 ) ) ;
#3361 = EDGE_LOOP ( 'NONE', ( #309, #2028, #3260, #504 ) ) ;
#3362 = ORIENTED_EDGE ( 'NONE', *, *, #2679, .F. ) ;
#3363 = AXIS2_PLACEMENT_3D ( 'NONE', #58, #1482, #4248 ) ;
#3364 = VECTOR ( 'NONE', #1124, 1000.000000000000000 ) ;
#3365 = CARTESIAN_POINT ( 'NONE',  ( -0.9699999999999990852, 3.510000000000013110, 10.09999999999999964 ) ) ;
#3366 = DIRECTION ( 'NONE',  ( 0.000000000000000000, -1.000000000000000000, 0.000000000000000000 ) ) ;
#3367 = DIRECTION ( 'NONE',  ( -1.000000000000000000, 0.000000000000000000, 0.000000000000000000 ) ) ;
#3368 = ORIENTED_EDGE ( 'NONE', *, *, #1553, .T. ) ;
#3369 = AXIS2_PLACEMENT_3D ( 'NONE', #2419, #3835, #2374 ) ;
#3370 = VECTOR ( 'NONE', #4161, 1000.000000000000000 ) ;
#3371 = DIRECTION ( 'NONE',  ( 0.000000000000000000, -1.000000000000000000, 1.188166764367676095E-16 ) ) ;
#3372 = VECTOR ( 'NONE', #50, 1000.000000000000000 ) ;
#3373 = DIRECTION ( 'NONE',  ( 0.000000000000000000, 5.870001876866950550E-15, 1.000000000000000000 ) ) ;
#3374 = DIRECTION ( 'NONE',  ( -1.000000000000000000, 0.000000000000000000, 0.000000000000000000 ) ) ;
#3375 = EDGE_CURVE ( 'NONE', #982, #1668, #3285, .T. ) ;
#3376 = ORIENTED_EDGE ( 'NONE', *, *, #157, .F. ) ;
#3377 = VECTOR ( 'NONE', #4310, 1000.000000000000000 ) ;
#3378 = ADVANCED_FACE ( 'NONE', ( #3681 ), #139, .F. ) ;
#3379 = VERTEX_POINT ( 'NONE', #4007 ) ;
#3380 = PLANE ( 'NONE',  #2941 ) ;
#3381 = CARTESIAN_POINT ( 'NONE',  ( -5.080000000000000071, 0.5364888378497735255, 3.245000000000000551 ) ) ;
#3382 = DIRECTION ( 'NONE',  ( -0.000000000000000000, -0.000000000000000000, 1.000000000000000000 ) ) ;
#3383 = PLANE ( 'NONE',  #658 ) ;
#3384 = ORIENTED_EDGE ( 'NONE', *, *, #4065, .F. ) ;
#3385 = CARTESIAN_POINT ( 'NONE',  ( 5.330000000000000959, 0.000000000000000000, 11.36999999999999922 ) ) ;
#3386 = VERTEX_POINT ( 'NONE', #850 ) ;
#3387 = VERTEX_POINT ( 'NONE', #3655 ) ;
#3388 = ADVANCED_FACE ( 'NONE', ( #509 ), #1926, .F. ) ;
#3389 = VECTOR ( 'NONE', #3981, 1000.000000000000000 ) ;
#3390 = FACE_OUTER_BOUND ( 'NONE', #4440, .T. ) ;
#3391 = DIRECTION ( 'NONE',  ( -0.000000000000000000, -0.000000000000000000, 1.000000000000000000 ) ) ;
#3392 = CARTESIAN_POINT ( 'NONE',  ( 5.330000000000000959, 5.079999999999999183, 11.36999999999999922 ) ) ;
#3393 = ORIENTED_EDGE ( 'NONE', *, *, #2246, .F. ) ;
#3394 = VECTOR ( 'NONE', #1813, 1000.000000000000000 ) ;
#3395 = PRODUCT_DEFINITION_CONTEXT ( 'detailed design', #4062, 'design' ) ;
#3396 = FACE_OUTER_BOUND ( 'NONE', #619, .T. ) ;
#3397 = PLANE ( 'NONE',  #874 ) ;
#3398 =( GEOMETRIC_REPRESENTATION_CONTEXT ( 3 ) GLOBAL_UNCERTAINTY_ASSIGNED_CONTEXT ( ( #4416 ) ) GLOBAL_UNIT_ASSIGNED_CONTEXT ( ( #1522, #4558, #2901 ) ) REPRESENTATION_CONTEXT ( 'NONE', 'WORKASPACE' ) );
#3399 = DIRECTION ( 'NONE',  ( 0.000000000000000000, -0.9396926207859105373, 0.3420201433256629397 ) ) ;
#3400 = VERTEX_POINT ( 'NONE', #1406 ) ;
#3401 = EDGE_CURVE ( 'NONE', #343, #982, #1362, .T. ) ;
#3402 = ORIENTED_EDGE ( 'NONE', *, *, #1608, .T. ) ;
#3403 = EDGE_CURVE ( 'NONE', #1725, #722, #3800, .T. ) ;
#3404 = FACE_OUTER_BOUND ( 'NONE', #1845, .T. ) ;
#3405 = DIRECTION ( 'NONE',  ( 0.000000000000000000, 0.000000000000000000, 1.000000000000000000 ) ) ;
#3406 = EDGE_CURVE ( 'NONE', #3801, #1592, #2807, .T. ) ;
#3407 = LINE ( 'NONE', #4082, #4332 ) ;
#3408 = ORIENTED_EDGE ( 'NONE', *, *, #100, .T. ) ;
#3409 = LINE ( 'NONE', #4532, #4336 ) ;
#3410 = LINE ( 'NONE', #2352, #3965 ) ;
#3411 = EDGE_CURVE ( 'NONE', #2561, #2999, #1312, .T. ) ;
#3412 = CARTESIAN_POINT ( 'NONE',  ( 3.509999999999997566, 1.569999999999958540, 10.09999999999999964 ) ) ;
#3413 = VERTEX_POINT ( 'NONE', #4125 ) ;
#3414 = EDGE_LOOP ( 'NONE', ( #628, #1496, #981, #2286 ) ) ;
#3415 = VERTEX_POINT ( 'NONE', #2089 ) ;
#3416 = DIRECTION ( 'NONE',  ( 0.000000000000000000, 1.000000000000000000, 0.000000000000000000 ) ) ;
#3417 = DIRECTION ( 'NONE',  ( 0.000000000000000000, 1.000000000000000000, 0.000000000000000000 ) ) ;
#3418 = FACE_OUTER_BOUND ( 'NONE', #2581, .T. ) ;
#3419 = VERTEX_POINT ( 'NONE', #4150 ) ;
#3420 = LINE ( 'NONE', #4096, #2148 ) ;
#3421 = LINE ( 'NONE', #1741, #3290 ) ;
#3422 = CARTESIAN_POINT ( 'NONE',  ( 0.9699999999999977529, 1.569999999999958540, 10.97000000000000242 ) ) ;
#3423 = ORIENTED_EDGE ( 'NONE', *, *, #3904, .T. ) ;
#3424 = ORIENTED_EDGE ( 'NONE', *, *, #2768, .F. ) ;
#3425 = DIRECTION ( 'NONE',  ( -0.5773502691896278405, 0.5773502691896278405, -0.5773502691896216232 ) ) ;
#3426 = PLANE ( 'NONE',  #3912 ) ;
#3427 = CARTESIAN_POINT ( 'NONE',  ( 5.079999999999999183, 0.5364888378497735255, 3.245000000000000551 ) ) ;
#3428 = PLANE ( 'NONE',  #4047 ) ;
#3429 = CARTESIAN_POINT ( 'NONE',  ( -1.570000000000002283, 1.569999999999958540, 10.97000000000000242 ) ) ;
#3430 = EDGE_CURVE ( 'NONE', #3995, #3838, #2782, .T. ) ;
#3431 = ORIENTED_EDGE ( 'NONE', *, *, #1339, .F. ) ;
#3432 = EDGE_CURVE ( 'NONE', #155, #3838, #3131, .T. ) ;
#3433 = AXIS2_PLACEMENT_3D ( 'NONE', #1120, #1441, #3927 ) ;
#3434 = ORIENTED_EDGE ( 'NONE', *, *, #3517, .F. ) ;
#3435 = LINE ( 'NONE', #3365, #247 ) ;
#3436 = CARTESIAN_POINT ( 'NONE',  ( -4.510000000000004228, 3.110000000000010978, 11.36999999999999922 ) ) ;
#3437 = DIRECTION ( 'NONE',  ( 1.000000000000000000, 0.000000000000000000, 0.000000000000000000 ) ) ;
#3438 = AXIS2_PLACEMENT_3D ( 'NONE', #1779, #4295, #3569 ) ;
#3439 = ORIENTED_EDGE ( 'NONE', *, *, #2438, .T. ) ;
#3440 = VECTOR ( 'NONE', #2106, 1000.000000000000000 ) ;
#3441 = PRODUCT_DEFINITION_FORMATION_WITH_SPECIFIED_SOURCE ( 'ANY', '', #4081, .NOT_KNOWN. ) ;
#3442 = DIRECTION ( 'NONE',  ( 0.000000000000000000, -0.7071067811865436870, -0.7071067811865513475 ) ) ;
#3443 = LINE ( 'NONE', #601, #1630 ) ;
#3444 = PLANE ( 'NONE',  #1691 ) ;
#3445 = VECTOR ( 'NONE', #2096, 1000.000000000000000 ) ;
#3446 = VERTEX_POINT ( 'NONE', #2434 ) ;
#3447 = VECTOR ( 'NONE', #2559, 1000.000000000000000 ) ;
#3448 = ORIENTED_EDGE ( 'NONE', *, *, #4260, .F. ) ;
#3449 = AXIS2_PLACEMENT_3D ( 'NONE', #3931, #1810, #1492 ) ;
#3450 = DIRECTION ( 'NONE',  ( 1.000000000000000000, 0.000000000000000000, 0.000000000000000000 ) ) ;
#3451 = EDGE_CURVE ( 'NONE', #4249, #2496, #2036, .T. ) ;
#3452 = PLANE ( 'NONE',  #3689 ) ;
#3453 = PLANE ( 'NONE',  #951 ) ;
#3454 = AXIS2_PLACEMENT_3D ( 'NONE', #3337, #4041, #885 ) ;
#3455 = DIRECTION ( 'NONE',  ( 0.000000000000000000, -1.000000000000000000, 0.000000000000000000 ) ) ;
#3456 = CARTESIAN_POINT ( 'NONE',  ( 4.510000000000002451, 4.510000000000014886, 11.36999999999999922 ) ) ;
#3457 = LINE ( 'NONE', #2724, #304 ) ;
#3458 = DIRECTION ( 'NONE',  ( 0.000000000000000000, -1.000000000000000000, 0.000000000000000000 ) ) ;
#3459 = ORIENTED_EDGE ( 'NONE', *, *, #2391, .F. ) ;
#3460 = ORIENTED_EDGE ( 'NONE', *, *, #3403, .T. ) ;
#3461 = EDGE_CURVE ( 'NONE', #2999, #2830, #328, .T. ) ;
#3462 = ADVANCED_FACE ( 'NONE', ( #346 ), #4468, .F. ) ;
#3463 = DIRECTION ( 'NONE',  ( 0.000000000000000000, -0.3420201433256412349, 0.9396926207859185309 ) ) ;
#3464 = LINE ( 'NONE', #2774, #3740 ) ;
#3465 = CARTESIAN_POINT ( 'NONE',  ( -0.2999999999999999889, 1.069999999999999840, 2.040000000000000036 ) ) ;
#3466 = ADVANCED_FACE ( 'NONE', ( #4171 ), #3444, .F. ) ;
#3467 = EDGE_LOOP ( 'NONE', ( #994, #3782, #109, #39, #1739, #301, #3327, #4351 ) ) ;
#3468 = VECTOR ( 'NONE', #2272, 1000.000000000000000 ) ;
#3469 = CARTESIAN_POINT ( 'NONE',  ( 1.570000000000001172, 3.510000000000013110, 10.09999999999999964 ) ) ;
#3470 = CARTESIAN_POINT ( 'NONE',  ( 5.080000000000000071, -4.989501595336908954E-14, 2.870000000000000107 ) ) ;
#3471 = CARTESIAN_POINT ( 'NONE',  ( -1.570000000000002283, 0.9699999999999587841, 10.97000000000000242 ) ) ;
#3472 = VECTOR ( 'NONE', #2810, 999.9999999999998863 ) ;
#3473 = ORIENTED_EDGE ( 'NONE', *, *, #3264, .F. ) ;
#3474 = ORIENTED_EDGE ( 'NONE', *, *, #1663, .T. ) ;
#3475 = AXIS2_PLACEMENT_3D ( 'NONE', #4318, #799, #2288 ) ;
#3476 = DIRECTION ( 'NONE',  ( 0.000000000000000000, -1.000000000000000000, 0.000000000000000000 ) ) ;
#3477 = DIRECTION ( 'NONE',  ( 0.5773502691896278405, 0.5773502691896278405, 0.5773502691896216232 ) ) ;
#3478 = SURFACE_STYLE_USAGE ( .BOTH. , #2416 ) ;
#3479 = DIRECTION ( 'NONE',  ( 0.000000000000000000, 0.000000000000000000, 1.000000000000000000 ) ) ;
#3480 = FACE_OUTER_BOUND ( 'NONE', #3675, .T. ) ;
#3481 = CARTESIAN_POINT ( 'NONE',  ( -0.1908089297201392420, -3.149999999999999911, -1.069999999999999618 ) ) ;
#3482 = CARTESIAN_POINT ( 'NONE',  ( 0.2999999999999999889, 0.5000000000000000000, 1.470000000000000195 ) ) ;
#3483 = VERTEX_POINT ( 'NONE', #3422 ) ;
#3484 = DIRECTION ( 'NONE',  ( -0.000000000000000000, 0.000000000000000000, 1.000000000000000000 ) ) ;
#3485 = DIRECTION ( 'NONE',  ( 1.000000000000000000, 0.000000000000000000, 0.000000000000000000 ) ) ;
#3486 = CARTESIAN_POINT ( 'NONE',  ( 0.2999999999999999889, 0.5000000000000000000, 2.040000000000000036 ) ) ;
#3487 = ORIENTED_EDGE ( 'NONE', *, *, #1136, .T. ) ;
#3488 = CARTESIAN_POINT ( 'NONE',  ( 0.2999999999999999889, 3.040000000000000036, -1.470000000000000195 ) ) ;
#3489 = LINE ( 'NONE', #938, #3960 ) ;
#3490 = CARTESIAN_POINT ( 'NONE',  ( 4.110000000000001208, 1.569999999999958540, 10.97000000000000242 ) ) ;
#3491 = EDGE_LOOP ( 'NONE', ( #2308, #1274, #3345, #3081 ) ) ;
#3492 = EDGE_CURVE ( 'NONE', #64, #2100, #307, .T. ) ;
#3493 = VERTEX_POINT ( 'NONE', #1678 ) ;
#3494 = APPLICATION_CONTEXT ( 'automotive_design' ) ;
#3495 = CARTESIAN_POINT ( 'NONE',  ( 2.540000000000000036, 0.5364888378497735255, 3.245000000000000551 ) ) ;
#3496 = PLANE ( 'NONE',  #392 ) ;
#3497 = LINE ( 'NONE', #3093, #1688 ) ;
#3498 = ORIENTED_EDGE ( 'NONE', *, *, #1861, .T. ) ;
#3499 = DIRECTION ( 'NONE',  ( 0.000000000000000000, 0.000000000000000000, 1.000000000000000000 ) ) ;
#3500 = EDGE_CURVE ( 'NONE', #2914, #3925, #1341, .T. ) ;
#3501 = FACE_OUTER_BOUND ( 'NONE', #245, .T. ) ;
#3502 = VERTEX_POINT ( 'NONE', #3110 ) ;
#3503 = DIRECTION ( 'NONE',  ( 0.000000000000000000, 0.000000000000000000, -1.000000000000000000 ) ) ;
#3504 = LINE ( 'NONE', #709, #1758 ) ;
#3505 = CARTESIAN_POINT ( 'NONE',  ( 5.079999999999999183, 0.5364888378497735255, 3.245000000000000551 ) ) ;
#3506 = ORIENTED_EDGE ( 'NONE', *, *, #3133, .T. ) ;
#3507 = FACE_OUTER_BOUND ( 'NONE', #1367, .T. ) ;
#3508 = VECTOR ( 'NONE', #1979, 1000.000000000000000 ) ;
#3509 = CARTESIAN_POINT ( 'NONE',  ( 5.330000000000000959, 4.679999999999999716, 2.869999999999999662 ) ) ;
#3510 = CARTESIAN_POINT ( 'NONE',  ( -0.9699999999999990852, 3.510000000000013110, 10.97000000000000242 ) ) ;
#3511 = VERTEX_POINT ( 'NONE', #4524 ) ;
#3512 = PRODUCT_RELATED_PRODUCT_CATEGORY ( 'part', '', ( #4002 ) ) ;
#3513 = AXIS2_PLACEMENT_3D ( 'NONE', #2409, #2088, #3846 ) ;
#3514 = VECTOR ( 'NONE', #2166, 1000.000000000000000 ) ;
#3515 = ORIENTED_EDGE ( 'NONE', *, *, #1352, .T. ) ;
#3516 = LINE ( 'NONE', #1771, #467 ) ;
#3517 = EDGE_CURVE ( 'NONE', #893, #3493, #2410, .T. ) ;
#3518 = AXIS2_PLACEMENT_3D ( 'NONE', #4250, #363, #1736 ) ;
#3519 = CARTESIAN_POINT ( 'NONE',  ( -0.2999999999999999889, -2.849999999999998312, -1.470000000000000639 ) ) ;
#3520 = CARTESIAN_POINT ( 'NONE',  ( 4.110000000000001208, 4.110000000000012754, 10.97000000000000242 ) ) ;
#3521 = ADVANCED_FACE ( 'NONE', ( #3824 ), #4499, .F. ) ;
#3522 = VECTOR ( 'NONE', #1112, 1000.000000000000000 ) ;
#3523 = ORIENTED_EDGE ( 'NONE', *, *, #2922, .T. ) ;
#3524 = FACE_OUTER_BOUND ( 'NONE', #529, .T. ) ;
#3525 = VECTOR ( 'NONE', #520, 1000.000000000000000 ) ;
#3526 = VECTOR ( 'NONE', #2936, 1000.000000000000000 ) ;
#3527 = DIRECTION ( 'NONE',  ( 0.000000000000000000, 5.870001876866950550E-15, 1.000000000000000000 ) ) ;
#3528 = ORIENTED_EDGE ( 'NONE', *, *, #1439, .T. ) ;
#3529 = DIRECTION ( 'NONE',  ( -0.5773502691896278405, -0.5773502691896278405, -0.5773502691896216232 ) ) ;
#3530 = CARTESIAN_POINT ( 'NONE',  ( -5.080000000000000071, -4.989501595336908954E-14, 2.870000000000000107 ) ) ;
#3531 = LINE ( 'NONE', #3231, #1389 ) ;
#3532 = EDGE_LOOP ( 'NONE', ( #1238, #700, #1268, #1679 ) ) ;
#3533 = ORIENTED_EDGE ( 'NONE', *, *, #484, .F. ) ;
#3534 = CARTESIAN_POINT ( 'NONE',  ( -4.110000000000002984, 0.9699999999999587841, 10.09999999999999964 ) ) ;
#3535 = DIRECTION ( 'NONE',  ( 0.000000000000000000, -1.000000000000000000, 1.082302103395239435E-16 ) ) ;
#3536 = LINE ( 'NONE', #2135, #2797 ) ;
#3537 = ORIENTED_EDGE ( 'NONE', *, *, #1133, .T. ) ;
#3538 = VECTOR ( 'NONE', #4170, 1000.000000000000000 ) ;
#3539 = ORIENTED_EDGE ( 'NONE', *, *, #4391, .F. ) ;
#3540 = CARTESIAN_POINT ( 'NONE',  ( -4.510000000000004228, 4.510000000000014886, 11.36999999999999922 ) ) ;
#3541 = CARTESIAN_POINT ( 'NONE',  ( 0.1908089297201392420, -3.149999999999999911, -1.470000000000000639 ) ) ;
#3542 = VECTOR ( 'NONE', #253, 1000.000000000000000 ) ;
#3543 = CARTESIAN_POINT ( 'NONE',  ( 4.110000000000001208, 3.510000000000013110, 10.09999999999999964 ) ) ;
#3544 = EDGE_CURVE ( 'NONE', #2853, #3700, #1989, .T. ) ;
#3545 = ADVANCED_FACE ( 'NONE', ( #2739 ), #2157, .F. ) ;
#3546 = VECTOR ( 'NONE', #3777, 1000.000000000000000 ) ;
#3547 = ORIENTED_EDGE ( 'NONE', *, *, #521, .T. ) ;
#3548 = LINE ( 'NONE', #1799, #12 ) ;
#3549 = EDGE_CURVE ( 'NONE', #2260, #1902, #1513, .T. ) ;
#3550 = VECTOR ( 'NONE', #3168, 1000.000000000000114 ) ;
#3551 = PRODUCT_DEFINITION_SHAPE ( 'NONE', 'NONE',  #4564 ) ;
#3552 = CARTESIAN_POINT ( 'NONE',  ( 5.080000000000000071, 0.000000000000000000, 11.36999999999999922 ) ) ;
#3553 = VERTEX_POINT ( 'NONE', #3561 ) ;
#3554 = ADVANCED_FACE ( 'NONE', ( #2107 ), #414, .F. ) ;
#3555 = DIRECTION ( 'NONE',  ( -0.5773502691896278405, 0.5773502691896278405, -0.5773502691896216232 ) ) ;
#3556 = CARTESIAN_POINT ( 'NONE',  ( -3.509999999999999343, 4.110000000000012754, 10.09999999999999964 ) ) ;
#3557 = ORIENTED_EDGE ( 'NONE', *, *, #2722, .T. ) ;
#3558 =( REPRESENTATION_RELATIONSHIP ('NONE','NONE', #3733, #3259 ) REPRESENTATION_RELATIONSHIP_WITH_TRANSFORMATION ( #4093 )SHAPE_REPRESENTATION_RELATIONSHIP( ) );
#3559 = DIRECTION ( 'NONE',  ( 1.000000000000000000, 0.000000000000000000, 0.000000000000000000 ) ) ;
#3560 = LINE ( 'NONE', #3509, #4038 ) ;
#3561 = CARTESIAN_POINT ( 'NONE',  ( 5.079999999999999183, -4.989501595336908954E-14, 2.870000000000000107 ) ) ;
#3562 = VERTEX_POINT ( 'NONE', #3214 ) ;
#3563 = ORIENTED_EDGE ( 'NONE', *, *, #2425, .F. ) ;
#3564 = DIRECTION ( 'NONE',  ( 0.000000000000000000, 0.000000000000000000, -1.000000000000000000 ) ) ;
#3565 = LINE ( 'NONE', #2916, #3314 ) ;
#3566 = DIRECTION ( 'NONE',  ( 0.000000000000000000, -1.000000000000000000, -1.084202172485506603E-15 ) ) ;
#3567 = ORIENTED_EDGE ( 'NONE', *, *, #2277, .T. ) ;
#3568 = LINE ( 'NONE', #2880, #3599 ) ;
#3569 = DIRECTION ( 'NONE',  ( 1.000000000000000000, 0.000000000000000000, 0.000000000000000000 ) ) ;
#3570 = ADVANCED_FACE ( 'NONE', ( #4280 ), #3258, .F. ) ;
#3571 = EDGE_LOOP ( 'NONE', ( #274, #2823, #373, #2325 ) ) ;
#3572 = ADVANCED_FACE ( 'NONE', ( #2891 ), #2500, .F. ) ;
#3573 = EDGE_CURVE ( 'NONE', #2368, #921, #2827, .T. ) ;
#3574 = LINE ( 'NONE', #4297, #358 ) ;
#3575 = VERTEX_POINT ( 'NONE', #2867 ) ;
#3576 = ORIENTED_EDGE ( 'NONE', *, *, #3188, .F. ) ;
#3577 = ADVANCED_FACE ( 'NONE', ( #2522, #92, #3950 ), #29, .F. ) ;
#3578 = FACE_OUTER_BOUND ( 'NONE', #926, .T. ) ;
#3579 = CARTESIAN_POINT ( 'NONE',  ( 0.9699999999999977529, 0.9699999999999587841, 10.09999999999999964 ) ) ;
#3580 = CARTESIAN_POINT ( 'NONE',  ( -0.2999999999999999889, 4.009999999999999787, 3.245000000000000551 ) ) ;
#3581 = FILL_AREA_STYLE ('',( #3977 ) ) ;
#3582 = VERTEX_POINT ( 'NONE', #2845 ) ;
#3583 = EDGE_LOOP ( 'NONE', ( #4069, #3211, #3903, #2137 ) ) ;
#3584 = VECTOR ( 'NONE', #2471, 1000.000000000000000 ) ;
#3585 = CARTESIAN_POINT ( 'NONE',  ( -5.330000000000000959, 5.079999999999999183, 11.36999999999999922 ) ) ;
#3586 = DIRECTION ( 'NONE',  ( 0.000000000000000000, 0.3420201433256628842, 0.9396926207859104263 ) ) ;
#3587 = CARTESIAN_POINT ( 'NONE',  ( -0.2999999999999999889, 1.470000000000000417, 2.040000000000000036 ) ) ;
#3588 = VECTOR ( 'NONE', #706, 1000.000000000000000 ) ;
#3589 = EDGE_LOOP ( 'NONE', ( #1757, #861, #1326, #3563 ) ) ;
#3590 = VECTOR ( 'NONE', #2030, 1000.000000000000000 ) ;
#3591 = CARTESIAN_POINT ( 'NONE',  ( -5.080000000000000071, 0.000000000000000000, 11.36999999999999922 ) ) ;
#3592 = SURFACE_STYLE_FILL_AREA ( #515 ) ;
#3593 = AXIS2_PLACEMENT_3D ( 'NONE', #1846, #213, #2534 ) ;
#3594 = CLOSED_SHELL ( 'NONE', ( #3688, #4367, #1105, #3521, #1693, #1774, #3108, #391, #3603, #1366, #1251, #69, #3806, #1091, #2829, #3069, #3008, #4552, #2902, #4547, #3570, #572, #4151, #3757, #4013, #4286, #3545, #3572 ) ) ;
#3595 = ORIENTED_EDGE ( 'NONE', *, *, #2736, .T. ) ;
#3596 = AXIS2_PLACEMENT_3D ( 'NONE', #1125, #4239, #4302 ) ;
#3597 = DIRECTION ( 'NONE',  ( -0.000000000000000000, 1.000000000000000000, 0.000000000000000000 ) ) ;
#3598 = CARTESIAN_POINT ( 'NONE',  ( 3.509999999999997566, 1.569999999999958540, 10.09999999999999964 ) ) ;
#3599 = VECTOR ( 'NONE', #3225, 1000.000000000000114 ) ;
#3600 = VERTEX_POINT ( 'NONE', #3607 ) ;
#3601 = ORIENTED_EDGE ( 'NONE', *, *, #1364, .T. ) ;
#3602 = EDGE_CURVE ( 'NONE', #2130, #3966, #72, .T. ) ;
#3603 = ADVANCED_FACE ( 'NONE', ( #782 ), #3868, .T. ) ;
#3604 = PLANE ( 'NONE',  #4149 ) ;
#3605 = ADVANCED_FACE ( 'NONE', ( #1145 ), #801, .T. ) ;
#3606 = DIRECTION ( 'NONE',  ( 0.000000000000000000, 0.000000000000000000, -1.000000000000000000 ) ) ;
#3607 = CARTESIAN_POINT ( 'NONE',  ( -4.110000000000002984, 3.510000000000013110, 10.09999999999999964 ) ) ;
#3608 = ORIENTED_EDGE ( 'NONE', *, *, #3271, .T. ) ;
#3609 = EDGE_LOOP ( 'NONE', ( #3205, #3891, #2560, #1640 ) ) ;
#3610 = DIRECTION ( 'NONE',  ( -1.000000000000000000, 0.000000000000000000, 0.000000000000000000 ) ) ;
#3611 = CARTESIAN_POINT ( 'NONE',  ( -2.540000000000000036, 4.543511162150186244, 3.245000000000000107 ) ) ;
#3612 = DIRECTION ( 'NONE',  ( 0.000000000000000000, 1.000000000000000000, 0.000000000000000000 ) ) ;
#3613 = ORIENTED_EDGE ( 'NONE', *, *, #3843, .F. ) ;
#3614 = VECTOR ( 'NONE', #4353, 1000.000000000000000 ) ;
#3615 = DIRECTION ( 'NONE',  ( 0.000000000000000000, -1.000000000000000000, 0.000000000000000000 ) ) ;
#3616 = PLANE ( 'NONE',  #399 ) ;
#3617 = DIRECTION ( 'NONE',  ( -1.000000000000000000, -0.000000000000000000, -0.000000000000000000 ) ) ;
#3618 = EDGE_CURVE ( 'NONE', #1321, #20, #2197, .T. ) ;
#3619 = VECTOR ( 'NONE', #1220, 1000.000000000000000 ) ;
#3620 = ORIENTED_EDGE ( 'NONE', *, *, #1336, .F. ) ;
#3621 = VECTOR ( 'NONE', #3341, 1000.000000000000000 ) ;
#3622 = DIRECTION ( 'NONE',  ( 0.000000000000000000, 0.000000000000000000, 1.000000000000000000 ) ) ;
#3623 = LINE ( 'NONE', #3338, #881 ) ;
#3624 = ORIENTED_EDGE ( 'NONE', *, *, #430, .F. ) ;
#3625 = ORIENTED_EDGE ( 'NONE', *, *, #60, .T. ) ;
#3626 = DIRECTION ( 'NONE',  ( -1.000000000000000000, 0.000000000000000000, -0.000000000000000000 ) ) ;
#3627 = CARTESIAN_POINT ( 'NONE',  ( -0.9699999999999990852, 0.9699999999999587841, 10.97000000000000242 ) ) ;
#3628 = CARTESIAN_POINT ( 'NONE',  ( 0.000000000000000000, 5.079999999999999183, 11.36999999999999922 ) ) ;
#3629 = DIRECTION ( 'NONE',  ( 1.000000000000000000, 0.000000000000000000, 0.000000000000000000 ) ) ;
#3630 = EDGE_LOOP ( 'NONE', ( #2840, #2859, #1114, #648, #476, #868 ) ) ;
#3631 = EDGE_CURVE ( 'NONE', #3113, #4057, #3536, .T. ) ;
#3632 = EDGE_LOOP ( 'NONE', ( #3474, #3031, #942, #3287 ) ) ;
#3633 = LINE ( 'NONE', #4024, #1051 ) ;
#3634 = LINE ( 'NONE', #486, #1416 ) ;
#3635 = LINE ( 'NONE', #2917, #671 ) ;
#3636 = ADVANCED_FACE ( 'NONE', ( #434 ), #1833, .F. ) ;
#3637 = EDGE_LOOP ( 'NONE', ( #2613, #2173, #3060, #638 ) ) ;
#3638 = PRODUCT_DEFINITION_SHAPE ( 'NONE', 'NONE',  #4562 ) ;
#3639 = CARTESIAN_POINT ( 'NONE',  ( 2.540000000000000036, 3.110000000000010978, 11.36999999999999922 ) ) ;
#3640 = LINE ( 'NONE', #2451, #3550 ) ;
#3641 = LINE ( 'NONE', #539, #2630 ) ;
#3642 = DIRECTION ( 'NONE',  ( 0.000000000000000000, -1.000000000000000000, -1.084202172485506406E-15 ) ) ;
#3643 = EDGE_CURVE ( 'NONE', #2999, #4045, #1169, .T. ) ;
#3644 = FILL_AREA_STYLE ('',( #260 ) ) ;
#3645 = CARTESIAN_POINT ( 'NONE',  ( -0.2999999999999999889, -2.849999999999998312, -1.069999999999999618 ) ) ;
#3646 = EDGE_LOOP ( 'NONE', ( #3050, #570, #3938, #1701 ) ) ;
#3647 = EDGE_LOOP ( 'NONE', ( #820, #51, #3123, #1355 ) ) ;
#3648 = CARTESIAN_POINT ( 'NONE',  ( 0.000000000000000000, 0.000000000000000000, 11.36999999999999922 ) ) ;
#3649 = CARTESIAN_POINT ( 'NONE',  ( 0.9699999999999977529, 4.110000000000012754, 10.09999999999999964 ) ) ;
#3650 = LINE ( 'NONE', #1557, #3302 ) ;
#3651 = VERTEX_POINT ( 'NONE', #3300 ) ;
#3652 = VERTEX_POINT ( 'NONE', #3674 ) ;
#3653 = DIRECTION ( 'NONE',  ( 0.000000000000000000, 0.000000000000000000, 1.000000000000000000 ) ) ;
#3654 = CARTESIAN_POINT ( 'NONE',  ( 1.369999999999998774, 1.369999999999956142, 10.77000000000000135 ) ) ;
#3655 = CARTESIAN_POINT ( 'NONE',  ( -0.5699999999999971756, 0.5699999999999568745, 11.36999999999999922 ) ) ;
#3656 = AXIS2_PLACEMENT_3D ( 'NONE', #2731, #273, #669 ) ;
#3657 = EDGE_CURVE ( 'NONE', #262, #46, #4389, .T. ) ;
#3658 = ORIENTED_EDGE ( 'NONE', *, *, #2533, .T. ) ;
#3659 = CARTESIAN_POINT ( 'NONE',  ( -5.080000000000000071, 5.079999999999999183, 11.36999999999999922 ) ) ;
#3660 = LINE ( 'NONE', #2992, #3923 ) ;
#3661 = ADVANCED_FACE ( 'NONE', ( #845 ), #1892, .T. ) ;
#3662 = VECTOR ( 'NONE', #4360, 1000.000000000000000 ) ;
#3663 = VERTEX_POINT ( 'NONE', #4439 ) ;
#3664 = VECTOR ( 'NONE', #3606, 1000.000000000000000 ) ;
#3665 = FILL_AREA_STYLE_COLOUR ( '', #1468 ) ;
#3666 = VECTOR ( 'NONE', #703, 1000.000000000000114 ) ;
#3667 = LINE ( 'NONE', #2259, #2408 ) ;
#3668 = ORIENTED_EDGE ( 'NONE', *, *, #3122, .F. ) ;
#3669 = ORIENTED_EDGE ( 'NONE', *, *, #2438, .F. ) ;
#3670 = VECTOR ( 'NONE', #2989, 1000.000000000000000 ) ;
#3671 = FACE_OUTER_BOUND ( 'NONE', #4112, .T. ) ;
#3672 = CARTESIAN_POINT ( 'NONE',  ( -4.110000000000002984, 1.569999999999958540, 10.97000000000000242 ) ) ;
#3673 = CLOSED_SHELL ( 'NONE', ( #1148, #2146, #2898, #3749, #66, #717, #1217, #3605, #1807, #2530, #1894, #1749 ) ) ;
#3674 = CARTESIAN_POINT ( 'NONE',  ( 0.000000000000000000, 5.079999999999999183, 11.36999999999999922 ) ) ;
#3675 = EDGE_LOOP ( 'NONE', ( #819, #2662, #616, #3539 ) ) ;
#3676 = ADVANCED_FACE ( 'NONE', ( #2612 ), #480, .F. ) ;
#3677 = UNCERTAINTY_MEASURE_WITH_UNIT (LENGTH_MEASURE( 1.000000000000000082E-05 ), #1748, 'distance_accuracy_value', 'NONE');
#3678 = ORIENTED_EDGE ( 'NONE', *, *, #4207, .F. ) ;
#3679 = CARTESIAN_POINT ( 'NONE',  ( 5.330000000000000959, 0.3999999999999501732, 2.870000000000000107 ) ) ;
#3680 = DIRECTION ( 'NONE',  ( 1.000000000000000000, -0.000000000000000000, -0.000000000000000000 ) ) ;
#3681 = FACE_OUTER_BOUND ( 'NONE', #2412, .T. ) ;
#3682 = ORIENTED_EDGE ( 'NONE', *, *, #1532, .T. ) ;
#3683 = CARTESIAN_POINT ( 'NONE',  ( 0.9699999999999977529, 3.510000000000013110, 10.09999999999999964 ) ) ;
#3684 = PLANE ( 'NONE',  #2519 ) ;
#3685 = CARTESIAN_POINT ( 'NONE',  ( -1.570000000000002283, 1.569999999999958540, 10.09999999999999964 ) ) ;
#3686 = EDGE_CURVE ( 'NONE', #2776, #3859, #3650, .T. ) ;
#3687 = ORIENTED_EDGE ( 'NONE', *, *, #3451, .T. ) ;
#3688 = ADVANCED_FACE ( 'NONE', ( #2219, #551, #1235 ), #3975, .F. ) ;
#3689 = AXIS2_PLACEMENT_3D ( 'NONE', #679, #311, #2788 ) ;
#3690 = ADVANCED_FACE ( 'NONE', ( #569 ), #1873, .F. ) ;
#3691 = FILL_AREA_STYLE ('',( #4107 ) ) ;
#3692 = VECTOR ( 'NONE', #1240, 1000.000000000000000 ) ;
#3693 = CARTESIAN_POINT ( 'NONE',  ( -1.570000000000002283, 1.569999999999958540, 10.97000000000000242 ) ) ;
#3694 = ORIENTED_EDGE ( 'NONE', *, *, #629, .T. ) ;
#3695 = VERTEX_POINT ( 'NONE', #1941 ) ;
#3696 = EDGE_CURVE ( 'NONE', #4408, #3995, #160, .T. ) ;
#3697 = LINE ( 'NONE', #1851, #4292 ) ;
#3698 = PLANE ( 'NONE',  #3820 ) ;
#3699 = DIRECTION ( 'NONE',  ( -0.000000000000000000, 0.000000000000000000, 1.000000000000000000 ) ) ;
#3700 = VERTEX_POINT ( 'NONE', #2980 ) ;
#3701 = LINE ( 'NONE', #3007, #3916 ) ;
#3702 = ADVANCED_FACE ( 'NONE', ( #3003 ), #3279, .T. ) ;
#3703 = DIRECTION ( 'NONE',  ( 0.000000000000000000, -1.000000000000000000, 1.188166764367676095E-16 ) ) ;
#3704 = FACE_OUTER_BOUND ( 'NONE', #1869, .T. ) ;
#3705 = ORIENTED_EDGE ( 'NONE', *, *, #962, .T. ) ;
#3706 = ORIENTED_EDGE ( 'NONE', *, *, #1439, .F. ) ;
#3707 = FACE_OUTER_BOUND ( 'NONE', #1033, .T. ) ;
#3708 = DIRECTION ( 'NONE',  ( 1.000000000000000000, 0.000000000000000000, 0.000000000000000000 ) ) ;
#3709 = SURFACE_STYLE_USAGE ( .BOTH. , #633 ) ;
#3710 = ORIENTED_EDGE ( 'NONE', *, *, #3887, .F. ) ;
#3711 = PRESENTATION_STYLE_ASSIGNMENT (( #2282 ) ) ;
#3712 = CARTESIAN_POINT ( 'NONE',  ( -0.5699999999999971756, 4.510000000000014886, 11.36999999999999922 ) ) ;
#3713 = EDGE_CURVE ( 'NONE', #4046, #2239, #1959, .T. ) ;
#3714 = VERTEX_POINT ( 'NONE', #1595 ) ;
#3715 = ORIENTED_EDGE ( 'NONE', *, *, #1697, .F. ) ;
#3716 = EDGE_CURVE ( 'NONE', #3386, #262, #2660, .T. ) ;
#3717 = DIRECTION ( 'NONE',  ( 0.000000000000000000, -5.870001876866951339E-15, -1.000000000000000000 ) ) ;
#3718 = DIRECTION ( 'NONE',  ( -1.000000000000000000, 0.000000000000000000, -0.000000000000000000 ) ) ;
#3719 = EDGE_CURVE ( 'NONE', #3600, #2914, #2593, .T. ) ;
#3720 = ITEM_DEFINED_TRANSFORMATION ( 'NONE', 'NONE', #3821,  #2038 ) ;
#3721 = ORIENTED_EDGE ( 'NONE', *, *, #1107, .F. ) ;
#3722 = UNCERTAINTY_MEASURE_WITH_UNIT (LENGTH_MEASURE( 1.000000000000000082E-05 ), #1835, 'distance_accuracy_value', 'NONE');
#3723 = DIRECTION ( 'NONE',  ( 0.000000000000000000, 1.000000000000000000, 0.000000000000000000 ) ) ;
#3724 = LINE ( 'NONE', #2666, #3180 ) ;
#3725 = PLANE ( 'NONE',  #2933 ) ;
#3726 = ORIENTED_EDGE ( 'NONE', *, *, #3643, .T. ) ;
#3727 = ORIENTED_EDGE ( 'NONE', *, *, #2117, .F. ) ;
#3728 = DIRECTION ( 'NONE',  ( 0.000000000000000000, 0.000000000000000000, -1.000000000000000000 ) ) ;
#3729 = CARTESIAN_POINT ( 'NONE',  ( 2.540000000000000036, 0.3999999999999501732, 2.870000000000000107 ) ) ;
#3730 = DIRECTION ( 'NONE',  ( -0.000000000000000000, 1.000000000000000000, 0.000000000000000000 ) ) ;
#3731 = FACE_OUTER_BOUND ( 'NONE', #1633, .T. ) ;
#3732 = VERTEX_POINT ( 'NONE', #4414 ) ;
#3733 = SHAPE_REPRESENTATION ( 'PPPC041LGBN-RC', ( #141, #4113, #1, #3821, #4040, #2044 ), #2929 ) ;
#3734 = CARTESIAN_POINT ( 'NONE',  ( -0.9699999999999990852, 0.9699999999999587841, 10.09999999999999964 ) ) ;
#3735 = VECTOR ( 'NONE', #3743, 1000.000000000000000 ) ;
#3736 = DIRECTION ( 'NONE',  ( 0.5773502691896278405, 0.5773502691896278405, -0.5773502691896216232 ) ) ;
#3737 = CIRCLE ( 'NONE', #362, 0.5699999999999998401 ) ;
#3738 = ORIENTED_EDGE ( 'NONE', *, *, #1020, .F. ) ;
#3739 = EDGE_LOOP ( 'NONE', ( #1991, #1262, #2532, #2864 ) ) ;
#3740 = VECTOR ( 'NONE', #1031, 1000.000000000000000 ) ;
#3741 = PLANE ( 'NONE',  #2446 ) ;
#3742 = CARTESIAN_POINT ( 'NONE',  ( -0.2999999999999999889, 1.470000000000000417, 3.245000000000000551 ) ) ;
#3743 = DIRECTION ( 'NONE',  ( -0.3420201433256671031, 0.9396926207859089830, 1.116511540739375110E-16 ) ) ;
#3744 = SHAPE_DEFINITION_REPRESENTATION ( #4388, #3259 ) ;
#3745 = ORIENTED_EDGE ( 'NONE', *, *, #4534, .T. ) ;
#3746 = ADVANCED_FACE ( 'NONE', ( #3029 ), #226, .F. ) ;
#3747 = VECTOR ( 'NONE', #3045, 1000.000000000000000 ) ;
#3748 = EDGE_CURVE ( 'NONE', #3066, #3959, #1236, .T. ) ;
#3749 = ADVANCED_FACE ( 'NONE', ( #2290 ), #1261, .T. ) ;
#3750 = STYLED_ITEM ( 'NONE', ( #3358 ), #35 ) ;
#3751 = DIRECTION ( 'NONE',  ( -1.000000000000000000, 0.000000000000000000, 0.000000000000000000 ) ) ;
#3752 = VECTOR ( 'NONE', #1878, 1000.000000000000000 ) ;
#3753 = FACE_OUTER_BOUND ( 'NONE', #1880, .T. ) ;
#3754 = LINE ( 'NONE', #166, #3752 ) ;
#3755 = ORIENTED_EDGE ( 'NONE', *, *, #2168, .F. ) ;
#3756 = VECTOR ( 'NONE', #1903, 1000.000000000000000 ) ;
#3757 = ADVANCED_FACE ( 'NONE', ( #2329 ), #597, .F. ) ;
#3758 = ORIENTED_EDGE ( 'NONE', *, *, #2223, .F. ) ;
#3759 = PLANE ( 'NONE',  #4051 ) ;
#3760 = DIRECTION ( 'NONE',  ( -1.000000000000000000, -0.000000000000000000, -0.000000000000000000 ) ) ;
#3761 = DIRECTION ( 'NONE',  ( -0.000000000000000000, -1.000000000000000000, -1.084202172485506406E-15 ) ) ;
#3762 =( NAMED_UNIT ( * ) PLANE_ANGLE_UNIT ( ) SI_UNIT ( $, .RADIAN. ) );
#3763 = ORIENTED_EDGE ( 'NONE', *, *, #2306, .T. ) ;
#3764 = CARTESIAN_POINT ( 'NONE',  ( 0.000000000000000000, 0.5364888378497735255, 3.245000000000000551 ) ) ;
#3765 = CARTESIAN_POINT ( 'NONE',  ( 4.510000000000002451, 1.969999999999960449, 11.36999999999999922 ) ) ;
#3766 = CARTESIAN_POINT ( 'NONE',  ( -0.2999999999999999889, 1.069999999999999840, 3.245000000000000551 ) ) ;
#3767 = ORIENTED_EDGE ( 'NONE', *, *, #293, .T. ) ;
#3768 = ORIENTED_EDGE ( 'NONE', *, *, #2765, .F. ) ;
#3769 = ORIENTED_EDGE ( 'NONE', *, *, #350, .F. ) ;
#3770 = AXIS2_PLACEMENT_3D ( 'NONE', #923, #145, #880 ) ;
#3771 =( NAMED_UNIT ( * ) PLANE_ANGLE_UNIT ( ) SI_UNIT ( $, .RADIAN. ) );
#3772 = EDGE_CURVE ( 'NONE', #2878, #2652, #1019, .T. ) ;
#3773 = FACE_OUTER_BOUND ( 'NONE', #3491, .T. ) ;
#3774 = LINE ( 'NONE', #3841, #429 ) ;
#3775 = ORIENTED_EDGE ( 'NONE', *, *, #3074, .T. ) ;
#3776 = AXIS2_PLACEMENT_3D ( 'NONE', #3679, #3653, #2987 ) ;
#3777 = DIRECTION ( 'NONE',  ( -1.000000000000000000, -0.000000000000000000, -0.000000000000000000 ) ) ;
#3778 = PLANE ( 'NONE',  #2787 ) ;
#3779 = VECTOR ( 'NONE', #3416, 1000.000000000000000 ) ;
#3780 = DIRECTION ( 'NONE',  ( 0.5773502691896278405, 0.5773502691896278405, 0.5773502691896216232 ) ) ;
#3781 = ORIENTED_EDGE ( 'NONE', *, *, #3643, .F. ) ;
#3782 = ORIENTED_EDGE ( 'NONE', *, *, #712, .T. ) ;
#3783 = LINE ( 'NONE', #630, #1269 ) ;
#3784 = CARTESIAN_POINT ( 'NONE',  ( -0.9699999999999990852, 4.110000000000012754, 10.09999999999999964 ) ) ;
#3785 = CARTESIAN_POINT ( 'NONE',  ( -5.080000000000000071, 5.079999999999999183, 2.870000000000000107 ) ) ;
#3786 = SURFACE_STYLE_FILL_AREA ( #4505 ) ;
#3787 = EDGE_CURVE ( 'NONE', #2946, #162, #300, .T. ) ;
#3788 = DIRECTION ( 'NONE',  ( -0.000000000000000000, 1.000000000000000000, -0.000000000000000000 ) ) ;
#3789 = DIRECTION ( 'NONE',  ( 0.000000000000000000, 1.000000000000000000, -5.870001876866952128E-15 ) ) ;
#3790 = CARTESIAN_POINT ( 'NONE',  ( 5.080000000000000071, 4.543511162150186244, 3.245000000000000107 ) ) ;
#3791 = ORIENTED_EDGE ( 'NONE', *, *, #3430, .T. ) ;
#3792 = ORIENTED_EDGE ( 'NONE', *, *, #2591, .T. ) ;
#3793 = ORIENTED_EDGE ( 'NONE', *, *, #2021, .T. ) ;
#3794 = DIRECTION ( 'NONE',  ( 0.000000000000000000, -1.000000000000000000, 0.000000000000000000 ) ) ;
#3795 = CARTESIAN_POINT ( 'NONE',  ( -5.080000000000000071, 4.679999999999999716, 2.869999999999999662 ) ) ;
#3796 = CARTESIAN_POINT ( 'NONE',  ( -0.9699999999999990852, 1.569999999999958540, 10.09999999999999964 ) ) ;
#3797 = VERTEX_POINT ( 'NONE', #1672 ) ;
#3798 = CARTESIAN_POINT ( 'NONE',  ( 0.9699999999999977529, 4.110000000000012754, 10.97000000000000242 ) ) ;
#3799 = LINE ( 'NONE', #646, #217 ) ;
#3800 = LINE ( 'NONE', #675, #3296 ) ;
#3801 = VERTEX_POINT ( 'NONE', #341 ) ;
#3802 = VERTEX_POINT ( 'NONE', #1737 ) ;
#3803 = DIRECTION ( 'NONE',  ( -1.000000000000000000, -0.000000000000000000, -0.000000000000000000 ) ) ;
#3804 = CARTESIAN_POINT ( 'NONE',  ( 2.540000000000000036, 0.5699999999999568745, 11.36999999999999922 ) ) ;
#3805 = DIRECTION ( 'NONE',  ( -1.000000000000000000, -0.000000000000000000, -0.000000000000000000 ) ) ;
#3806 = ADVANCED_FACE ( 'NONE', ( #1306 ), #250, .F. ) ;
#3807 = ADVANCED_FACE ( 'NONE', ( #2429 ), #3126, .F. ) ;
#3808 = DIRECTION ( 'NONE',  ( 0.000000000000000000, -2.316052704908954646E-16, 1.000000000000000000 ) ) ;
#3809 = CARTESIAN_POINT ( 'NONE',  ( -5.080000000000000071, -4.989501595336908954E-14, 2.870000000000000107 ) ) ;
#3810 = ADVANCED_FACE ( 'NONE', ( #2359 ), #4515, .F. ) ;
#3811 = DIRECTION ( 'NONE',  ( 0.000000000000000000, 1.000000000000000000, 0.000000000000000000 ) ) ;
#3812 = EDGE_LOOP ( 'NONE', ( #2057, #2518, #4299, #1189 ) ) ;
#3813 = AXIS2_PLACEMENT_3D ( 'NONE', #1651, #322, #621 ) ;
#3814 = ORIENTED_EDGE ( 'NONE', *, *, #2051, .F. ) ;
#3815 = DIRECTION ( 'NONE',  ( -1.000000000000000000, -0.000000000000000000, -0.000000000000000000 ) ) ;
#3816 = CARTESIAN_POINT ( 'NONE',  ( 3.509999999999997566, 0.9699999999999587841, 10.09999999999999964 ) ) ;
#3817 = DIRECTION ( 'NONE',  ( -1.000000000000000000, 0.000000000000000000, 0.000000000000000000 ) ) ;
#3818 = VECTOR ( 'NONE', #2233, 1000.000000000000000 ) ;
#3819 = ORIENTED_EDGE ( 'NONE', *, *, #2896, .F. ) ;
#3820 = AXIS2_PLACEMENT_3D ( 'NONE', #2311, #568, #2241 ) ;
#3821 = AXIS2_PLACEMENT_3D ( 'NONE', #1854, #4322, #4551 ) ;
#3822 = LINE ( 'NONE', #645, #2814 ) ;
#3823 = DIRECTION ( 'NONE',  ( 1.000000000000000000, 0.000000000000000000, 0.000000000000000000 ) ) ;
#3824 = FACE_OUTER_BOUND ( 'NONE', #1449, .T. ) ;
#3825 = VECTOR ( 'NONE', #3555, 1000.000000000000000 ) ;
#3826 = ORIENTED_EDGE ( 'NONE', *, *, #1524, .F. ) ;
#3827 = AXIS2_PLACEMENT_3D ( 'NONE', #16, #4134, #1350 ) ;
#3828 = ORIENTED_EDGE ( 'NONE', *, *, #2705, .F. ) ;
#3829 = VECTOR ( 'NONE', #574, 1000.000000000000114 ) ;
#3830 = APPLICATION_CONTEXT ( 'automotive_design' ) ;
#3831 = DIRECTION ( 'NONE',  ( -1.000000000000000000, 0.000000000000000000, 0.000000000000000000 ) ) ;
#3832 = DIRECTION ( 'NONE',  ( 0.000000000000000000, -1.000000000000000000, 0.000000000000000000 ) ) ;
#3833 = CARTESIAN_POINT ( 'NONE',  ( -1.570000000000002283, 3.510000000000013110, 10.09999999999999964 ) ) ;
#3834 = AXIS2_PLACEMENT_3D ( 'NONE', #2603, #1949, #2970 ) ;
#3835 = DIRECTION ( 'NONE',  ( 0.000000000000000000, -1.188166764367676095E-16, 1.000000000000000000 ) ) ;
#3836 = CARTESIAN_POINT ( 'NONE',  ( -4.110000000000002984, 3.510000000000013110, 10.97000000000000242 ) ) ;
#3837 = LINE ( 'NONE', #4508, #798 ) ;
#3838 = VERTEX_POINT ( 'NONE', #3079 ) ;
#3839 = CARTESIAN_POINT ( 'NONE',  ( -0.2999999999999999889, 3.609999999999999876, 3.245000000000000551 ) ) ;
#3840 = LINE ( 'NONE', #4143, #4329 ) ;
#3841 = CARTESIAN_POINT ( 'NONE',  ( -2.540000000000000036, 5.079999999999999183, 11.36999999999999922 ) ) ;
#3842 = ORIENTED_EDGE ( 'NONE', *, *, #4025, .T. ) ;
#3843 = EDGE_CURVE ( 'NONE', #4398, #3714, #3774, .T. ) ;
#3844 = VECTOR ( 'NONE', #2227, 1000.000000000000000 ) ;
#3845 = CARTESIAN_POINT ( 'NONE',  ( 3.509999999999997566, 4.110000000000012754, 10.09999999999999964 ) ) ;
#3846 = DIRECTION ( 'NONE',  ( 1.000000000000000000, 0.000000000000000000, 0.000000000000000000 ) ) ;
#3847 = CARTESIAN_POINT ( 'NONE',  ( 4.110000000000001208, 3.510000000000013110, 10.97000000000000242 ) ) ;
#3848 = AXIS2_PLACEMENT_3D ( 'NONE', #1497, #4264, #806 ) ;
#3849 = EDGE_LOOP ( 'NONE', ( #930, #3920, #3089, #3595, #1584, #3947, #3303, #1537 ) ) ;
#3850 = EDGE_CURVE ( 'NONE', #1658, #4269, #1358, .T. ) ;
#3851 = ORIENTED_EDGE ( 'NONE', *, *, #968, .F. ) ;
#3852 = VECTOR ( 'NONE', #3794, 1000.000000000000000 ) ;
#3853 = CARTESIAN_POINT ( 'NONE',  ( 4.110000000000001208, 3.510000000000013110, 10.09999999999999964 ) ) ;
#3854 = DIRECTION ( 'NONE',  ( -1.000000000000000000, 0.000000000000000000, 0.000000000000000000 ) ) ;
#3855 = LINE ( 'NONE', #2043, #3666 ) ;
#3856 = CARTESIAN_POINT ( 'NONE',  ( 2.540000000000000036, 0.000000000000000000, 10.09999999999999964 ) ) ;
#3857 = LINE ( 'NONE', #1732, #151 ) ;
#3858 = PLANE ( 'NONE',  #3363 ) ;
#3859 = VERTEX_POINT ( 'NONE', #2756 ) ;
#3860 = DIRECTION ( 'NONE',  ( -1.000000000000000000, 0.000000000000000000, -0.000000000000000000 ) ) ;
#3861 = DIRECTION ( 'NONE',  ( -1.000000000000000000, -0.000000000000000000, 0.000000000000000000 ) ) ;
#3862 = CARTESIAN_POINT ( 'NONE',  ( 2.540000000000000036, 0.5364888378497735255, 3.245000000000000551 ) ) ;
#3863 = EDGE_LOOP ( 'NONE', ( #4219, #2479, #3431, #2149 ) ) ;
#3864 = EDGE_CURVE ( 'NONE', #1520, #2261, #4492, .T. ) ;
#3865 = CARTESIAN_POINT ( 'NONE',  ( -2.540000000000000036, 0.5364888378497735255, 3.245000000000000551 ) ) ;
#3866 = EDGE_CURVE ( 'NONE', #4119, #1505, #2704, .T. ) ;
#3867 = LINE ( 'NONE', #3579, #4110 ) ;
#3868 = PLANE ( 'NONE',  #3596 ) ;
#3869 = VERTEX_POINT ( 'NONE', #1008 ) ;
#3870 = VERTEX_POINT ( 'NONE', #4118 ) ;
#3871 = DIRECTION ( 'NONE',  ( 0.000000000000000000, 1.000000000000000000, 0.000000000000000000 ) ) ;
#3872 = DIRECTION ( 'NONE',  ( 0.000000000000000000, -0.000000000000000000, 1.000000000000000000 ) ) ;
#3873 = DIRECTION ( 'NONE',  ( -1.000000000000000000, -0.000000000000000000, -0.000000000000000000 ) ) ;
#3874 = VERTEX_POINT ( 'NONE', #2682 ) ;
#3875 = LINE ( 'NONE', #421, #2351 ) ;
#3876 = LINE ( 'NONE', #4555, #4256 ) ;
#3877 = VERTEX_POINT ( 'NONE', #988 ) ;
#3878 = LINE ( 'NONE', #386, #3160 ) ;
#3879 = DIRECTION ( 'NONE',  ( -0.000000000000000000, -0.000000000000000000, 1.000000000000000000 ) ) ;
#3880 = ORIENTED_EDGE ( 'NONE', *, *, #2841, .T. ) ;
#3881 = VECTOR ( 'NONE', #886, 1000.000000000000000 ) ;
#3882 = CARTESIAN_POINT ( 'NONE',  ( -0.5699999999999971756, 5.079999999999999183, 11.36999999999999922 ) ) ;
#3883 =( GEOMETRIC_REPRESENTATION_CONTEXT ( 3 ) GLOBAL_UNCERTAINTY_ASSIGNED_CONTEXT ( ( #599 ) ) GLOBAL_UNIT_ASSIGNED_CONTEXT ( ( #1687, #2045, #215 ) ) REPRESENTATION_CONTEXT ( 'NONE', 'WORKASPACE' ) );
#3884 = CARTESIAN_POINT ( 'NONE',  ( 0.9699999999999977529, 3.510000000000013110, 10.09999999999999964 ) ) ;
#3885 = DIRECTION ( 'NONE',  ( 0.000000000000000000, -0.7071067811865436870, -0.7071067811865513475 ) ) ;
#3886 = EDGE_CURVE ( 'NONE', #4208, #3663, #959, .T. ) ;
#3887 = EDGE_CURVE ( 'NONE', #2039, #1822, #4092, .T. ) ;
#3888 = ORIENTED_EDGE ( 'NONE', *, *, #917, .F. ) ;
#3889 = AXIS2_PLACEMENT_3D ( 'NONE', #1852, #3174, #1767 ) ;
#3890 = EDGE_CURVE ( 'NONE', #837, #4350, #1334, .T. ) ;
#3891 = ORIENTED_EDGE ( 'NONE', *, *, #2425, .T. ) ;
#3892 = LINE ( 'NONE', #1795, #2589 ) ;
#3893 = VECTOR ( 'NONE', #3805, 1000.000000000000000 ) ;
#3894 = CARTESIAN_POINT ( 'NONE',  ( -5.330000000000000959, 5.079999999999999183, 2.870000000000000107 ) ) ;
#3895 = CARTESIAN_POINT ( 'NONE',  ( 5.079999999999999183, 5.079999999999999183, 11.36999999999999922 ) ) ;
#3896 = ADVANCED_FACE ( 'NONE', ( #3418 ), #1984, .F. ) ;
#3897 = VECTOR ( 'NONE', #1655, 1000.000000000000000 ) ;
#3898 = VERTEX_POINT ( 'NONE', #643 ) ;
#3899 = DIRECTION ( 'NONE',  ( 0.000000000000000000, -0.000000000000000000, 1.000000000000000000 ) ) ;
#3900 = VECTOR ( 'NONE', #3642, 1000.000000000000000 ) ;
#3901 = AXIS2_PLACEMENT_3D ( 'NONE', #527, #2242, #3699 ) ;
#3902 = CARTESIAN_POINT ( 'NONE',  ( 1.570000000000001172, 0.9699999999999587841, 10.09999999999999964 ) ) ;
#3903 = ORIENTED_EDGE ( 'NONE', *, *, #1498, .F. ) ;
#3904 = EDGE_CURVE ( 'NONE', #3386, #791, #2031, .T. ) ;
#3905 = CARTESIAN_POINT ( 'NONE',  ( 2.540000000000000036, 0.3999999999999501732, 2.870000000000000107 ) ) ;
#3906 = CARTESIAN_POINT ( 'NONE',  ( 0.2999999999999999889, 0.5000000000000000000, 1.470000000000000195 ) ) ;
#3907 = ORIENTED_EDGE ( 'NONE', *, *, #2599, .T. ) ;
#3908 = LINE ( 'NONE', #3534, #4070 ) ;
#3909 = FACE_OUTER_BOUND ( 'NONE', #216, .T. ) ;
#3910 = CARTESIAN_POINT ( 'NONE',  ( 0.000000000000000000, 0.5364888378497735255, 3.245000000000000551 ) ) ;
#3911 = ORIENTED_EDGE ( 'NONE', *, *, #2450, .T. ) ;
#3912 = AXIS2_PLACEMENT_3D ( 'NONE', #332, #2463, #11 ) ;
#3913 = ORIENTED_EDGE ( 'NONE', *, *, #4205, .F. ) ;
#3914 = CARTESIAN_POINT ( 'NONE',  ( 0.000000000000000000, -4.989501595336908954E-14, 2.870000000000000107 ) ) ;
#3915 = DIRECTION ( 'NONE',  ( 0.000000000000000000, 0.3420201433256412349, -0.9396926207859185309 ) ) ;
#3916 = VECTOR ( 'NONE', #1263, 1000.000000000000000 ) ;
#3917 = DIRECTION ( 'NONE',  ( 0.000000000000000000, 0.000000000000000000, -1.000000000000000000 ) ) ;
#3918 = VECTOR ( 'NONE', #3053, 1000.000000000000000 ) ;
#3919 = ADVANCED_FACE ( 'NONE', ( #2862 ), #4251, .F. ) ;
#3920 = ORIENTED_EDGE ( 'NONE', *, *, #3941, .T. ) ;
#3921 = DIRECTION ( 'NONE',  ( -0.000000000000000000, -0.000000000000000000, 1.000000000000000000 ) ) ;
#3922 = EDGE_CURVE ( 'NONE', #2341, #201, #2517, .T. ) ;
#3923 = VECTOR ( 'NONE', #1904, 1000.000000000000000 ) ;
#3924 = DIRECTION ( 'NONE',  ( 0.000000000000000000, -1.000000000000000000, 1.188166764367676095E-16 ) ) ;
#3925 = VERTEX_POINT ( 'NONE', #3556 ) ;
#3926 = LINE ( 'NONE', #2081, #3445 ) ;
#3927 = DIRECTION ( 'NONE',  ( -1.000000000000000000, 0.000000000000000000, 0.000000000000000000 ) ) ;
#3928 = ORIENTED_EDGE ( 'NONE', *, *, #2391, .T. ) ;
#3929 = LINE ( 'NONE', #3882, #2515 ) ;
#3930 = DIRECTION ( 'NONE',  ( 0.000000000000000000, -1.000000000000000000, 0.000000000000000000 ) ) ;
#3931 = CARTESIAN_POINT ( 'NONE',  ( 0.9699999999999977529, 0.9699999999999587841, 10.97000000000000242 ) ) ;
#3932 = ORIENTED_EDGE ( 'NONE', *, *, #1942, .T. ) ;
#3933 = ORIENTED_EDGE ( 'NONE', *, *, #17, .T. ) ;
#3934 = DIRECTION ( 'NONE',  ( 0.000000000000000000, 1.000000000000000000, 0.000000000000000000 ) ) ;
#3935 = LINE ( 'NONE', #786, #1990 ) ;
#3936 = LINE ( 'NONE', #1152, #4409 ) ;
#3937 = EDGE_CURVE ( 'NONE', #2528, #4119, #3170, .T. ) ;
#3938 = ORIENTED_EDGE ( 'NONE', *, *, #1438, .F. ) ;
#3939 = LINE ( 'NONE', #2511, #3232 ) ;
#3940 = EDGE_CURVE ( 'NONE', #1725, #2776, #3191, .T. ) ;
#3941 = EDGE_CURVE ( 'NONE', #2426, #4105, #2535, .T. ) ;
#3942 = EDGE_CURVE ( 'NONE', #3415, #3732, #4276, .T. ) ;
#3943 = ORIENTED_EDGE ( 'NONE', *, *, #4136, .T. ) ;
#3944 = CARTESIAN_POINT ( 'NONE',  ( -3.509999999999999343, 3.510000000000013110, 10.09999999999999964 ) ) ;
#3945 = CARTESIAN_POINT ( 'NONE',  ( 0.000000000000000000, 0.000000000000000000, 11.36999999999999922 ) ) ;
#3946 = ORIENTED_EDGE ( 'NONE', *, *, #2504, .F. ) ;
#3947 = ORIENTED_EDGE ( 'NONE', *, *, #2007, .T. ) ;
#3948 = LINE ( 'NONE', #3297, #2963 ) ;
#3949 = LINE ( 'NONE', #2475, #3440 ) ;
#3950 = FACE_OUTER_BOUND ( 'NONE', #3863, .T. ) ;
#3951 = SURFACE_STYLE_USAGE ( .BOTH. , #2569 ) ;
#3952 = ORIENTED_EDGE ( 'NONE', *, *, #2059, .F. ) ;
#3953 = ORIENTED_EDGE ( 'NONE', *, *, #2335, .T. ) ;
#3954 = VECTOR ( 'NONE', #1299, 1000.000000000000000 ) ;
#3955 = CARTESIAN_POINT ( 'NONE',  ( 1.970000000000003082, 4.510000000000014886, 11.36999999999999922 ) ) ;
#3956 = PLANE ( 'NONE',  #4430 ) ;
#3957 = CARTESIAN_POINT ( 'NONE',  ( 5.080000000000000071, 5.079999999999999183, 2.870000000000000107 ) ) ;
#3958 = PRESENTATION_LAYER_ASSIGNMENT (  '', '', ( #1756 ) ) ;
#3959 = VERTEX_POINT ( 'NONE', #3906 ) ;
#3960 = VECTOR ( 'NONE', #2336, 1000.000000000000000 ) ;
#3961 = DIRECTION ( 'NONE',  ( 1.000000000000000000, 0.000000000000000000, 0.000000000000000000 ) ) ;
#3962 = MECHANICAL_DESIGN_GEOMETRIC_PRESENTATION_REPRESENTATION (  '', ( #294 ), #2417 ) ;
#3963 = DIRECTION ( 'NONE',  ( 0.000000000000000000, 0.000000000000000000, 1.000000000000000000 ) ) ;
#3964 = VECTOR ( 'NONE', #2582, 1000.000000000000000 ) ;
#3965 = VECTOR ( 'NONE', #335, 1000.000000000000000 ) ;
#3966 = VERTEX_POINT ( 'NONE', #755 ) ;
#3967 = VECTOR ( 'NONE', #207, 1000.000000000000114 ) ;
#3968 = LINE ( 'NONE', #4103, #2123 ) ;
#3969 = LINE ( 'NONE', #1570, #3359 ) ;
#3970 = VECTOR ( 'NONE', #4032, 1000.000000000000000 ) ;
#3971 = VERTEX_POINT ( 'NONE', #410 ) ;
#3972 = ORIENTED_EDGE ( 'NONE', *, *, #2562, .T. ) ;
#3973 = LINE ( 'NONE', #822, #1855 ) ;
#3974 = LINE ( 'NONE', #3278, #3083 ) ;
#3975 = PLANE ( 'NONE',  #153 ) ;
#3976 = EDGE_CURVE ( 'NONE', #3732, #3877, #1804, .T. ) ;
#3977 = FILL_AREA_STYLE_COLOUR ( '', #3226 ) ;
#3978 = VERTEX_POINT ( 'NONE', #2822 ) ;
#3979 = VERTEX_POINT ( 'NONE', #62 ) ;
#3980 = FACE_OUTER_BOUND ( 'NONE', #1097, .T. ) ;
#3981 = DIRECTION ( 'NONE',  ( 0.000000000000000000, 0.000000000000000000, -1.000000000000000000 ) ) ;
#3982 = CARTESIAN_POINT ( 'NONE',  ( 0.000000000000000000, 4.679999999999999716, 2.869999999999999662 ) ) ;
#3983 = EDGE_CURVE ( 'NONE', #4226, #575, #4211, .T. ) ;
#3984 = ORIENTED_EDGE ( 'NONE', *, *, #2869, .F. ) ;
#3985 = AXIS2_PLACEMENT_3D ( 'NONE', #4124, #254, #2738 ) ;
#3986 = DIRECTION ( 'NONE',  ( -1.000000000000000000, 0.000000000000000000, 0.000000000000000000 ) ) ;
#3987 = LINE ( 'NONE', #1073, #3321 ) ;
#3988 = DIRECTION ( 'NONE',  ( 0.9396926207859095381, 0.3420201433256657153, 0.000000000000000000 ) ) ;
#3989 = VECTOR ( 'NONE', #2202, 1000.000000000000000 ) ;
#3990 = ORIENTED_EDGE ( 'NONE', *, *, #821, .T. ) ;
#3991 = AXIS2_PLACEMENT_3D ( 'NONE', #2232, #3144, #3503 ) ;
#3992 = LINE ( 'NONE', #838, #1971 ) ;
#3993 = DIRECTION ( 'NONE',  ( -1.000000000000000000, 0.000000000000000000, 0.000000000000000000 ) ) ;
#3994 = EDGE_LOOP ( 'NONE', ( #2819, #969, #168, #1534 ) ) ;
#3995 = VERTEX_POINT ( 'NONE', #2121 ) ;
#3996 = PRODUCT_DEFINITION ( 'UNKNOWN', '', #3441, #1285 ) ;
#3997 = LINE ( 'NONE', #1511, #1563 ) ;
#3998 = CARTESIAN_POINT ( 'NONE',  ( 1.369999999999998774, 1.169999999999961293, 10.77000000000000135 ) ) ;
#3999 = CARTESIAN_POINT ( 'NONE',  ( 5.080000000000000071, 0.5364888378497735255, 3.245000000000000551 ) ) ;
#4000 = EDGE_LOOP ( 'NONE', ( #121, #2942, #32, #25 ) ) ;
#4001 = ADVANCED_FACE ( 'NONE', ( #1486 ), #87, .F. ) ;
#4002 = PRODUCT ( 'Pin - Gold', 'Pin - Gold', '', ( #2636 ) ) ;
#4003 = EDGE_CURVE ( 'NONE', #2496, #2965, #3574, .T. ) ;
#4004 = ORIENTED_EDGE ( 'NONE', *, *, #1675, .T. ) ;
#4005 = DIRECTION ( 'NONE',  ( 0.000000000000000000, 0.000000000000000000, 1.000000000000000000 ) ) ;
#4006 = DIRECTION ( 'NONE',  ( -0.3420201433256657153, -0.9396926207859095381, -1.116511540739375850E-16 ) ) ;
#4007 = CARTESIAN_POINT ( 'NONE',  ( -3.109999999999997211, 4.510000000000014886, 11.36999999999999922 ) ) ;
#4008 = VERTEX_POINT ( 'NONE', #1075 ) ;
#4009 = CARTESIAN_POINT ( 'NONE',  ( 5.330000000000000959, 5.079999999999999183, 11.36999999999999922 ) ) ;
#4010 = PLANE ( 'NONE',  #3326 ) ;
#4011 = DIRECTION ( 'NONE',  ( -1.000000000000000000, -0.000000000000000000, -0.000000000000000000 ) ) ;
#4012 = CARTESIAN_POINT ( 'NONE',  ( 2.540000000000000036, 5.079999999999999183, 2.870000000000000107 ) ) ;
#4013 = ADVANCED_FACE ( 'NONE', ( #1824 ), #732, .F. ) ;
#4014 = DIRECTION ( 'NONE',  ( 0.000000000000000000, 0.000000000000000000, 1.000000000000000000 ) ) ;
#4015 = ORIENTED_EDGE ( 'NONE', *, *, #3716, .T. ) ;
#4016 = VERTEX_POINT ( 'NONE', #364 ) ;
#4017 = CARTESIAN_POINT ( 'NONE',  ( 0.2999999999999999889, 0.5000000000000000000, 1.070000000000000062 ) ) ;
#4018 = FACE_OUTER_BOUND ( 'NONE', #416, .T. ) ;
#4019 = PRODUCT_DEFINITION_SHAPE ( 'NONE', 'NONE',  #4561 ) ;
#4020 = DIRECTION ( 'NONE',  ( 0.000000000000000000, 0.000000000000000000, -1.000000000000000000 ) ) ;
#4021 = CONTEXT_DEPENDENT_SHAPE_REPRESENTATION ( #2229, #4019 ) ;
#4022 = ORIENTED_EDGE ( 'NONE', *, *, #3866, .T. ) ;
#4023 = ORIENTED_EDGE ( 'NONE', *, *, #1573, .F. ) ;
#4024 = CARTESIAN_POINT ( 'NONE',  ( 2.539999999999999591, 5.079999999999999183, 2.870000000000000107 ) ) ;
#4025 = EDGE_CURVE ( 'NONE', #1153, #4350, #1054, .T. ) ;
#4026 = EDGE_CURVE ( 'NONE', #1315, #251, #3531, .T. ) ;
#4027 = LINE ( 'NONE', #556, #3468 ) ;
#4028 = CARTESIAN_POINT ( 'NONE',  ( 1.169999999999999263, 3.910000000000011688, 10.77000000000000313 ) ) ;
#4029 = EDGE_CURVE ( 'NONE', #3562, #3413, #2886, .T. ) ;
#4030 = AXIS2_PLACEMENT_3D ( 'NONE', #1699, #3102, #1720 ) ;
#4031 = VERTEX_POINT ( 'NONE', #794 ) ;
#4032 = DIRECTION ( 'NONE',  ( 1.000000000000000000, 0.000000000000000000, 0.000000000000000000 ) ) ;
#4033 = DIRECTION ( 'NONE',  ( -1.000000000000000000, -0.000000000000000000, -0.000000000000000000 ) ) ;
#4034 = VECTOR ( 'NONE', #104, 1000.000000000000000 ) ;
#4035 = FILL_AREA_STYLE ('',( #2623 ) ) ;
#4036 = EDGE_CURVE ( 'NONE', #3446, #3801, #2190, .T. ) ;
#4037 = ORIENTED_EDGE ( 'NONE', *, *, #1867, .T. ) ;
#4038 = VECTOR ( 'NONE', #369, 999.9999999999998863 ) ;
#4039 = ADVANCED_BREP_SHAPE_REPRESENTATION ( '', ( #3020, #2973, #4482, #1454, #35, #4456, #2038 ), #214 ) ;
#4040 = AXIS2_PLACEMENT_3D ( 'NONE', #2912, #3479, #681 ) ;
#4041 = DIRECTION ( 'NONE',  ( -0.000000000000000000, 0.000000000000000000, 1.000000000000000000 ) ) ;
#4042 = VECTOR ( 'NONE', #1613, 1000.000000000000000 ) ;
#4043 = DIRECTION ( 'NONE',  ( 0.000000000000000000, 0.000000000000000000, -1.000000000000000000 ) ) ;
#4044 = AXIS2_PLACEMENT_3D ( 'NONE', #3486, #3437, #4188 ) ;
#4045 = VERTEX_POINT ( 'NONE', #1399 ) ;
#4046 = VERTEX_POINT ( 'NONE', #2237 ) ;
#4047 = AXIS2_PLACEMENT_3D ( 'NONE', #3836, #2795, #356 ) ;
#4048 = VECTOR ( 'NONE', #2249, 1000.000000000000000 ) ;
#4049 = DIRECTION ( 'NONE',  ( 0.000000000000000000, 1.000000000000000000, -1.188166764367676095E-16 ) ) ;
#4050 = CARTESIAN_POINT ( 'NONE',  ( 0.2999999999999999889, -2.849999999999997424, 0.000000000000000000 ) ) ;
#4051 = AXIS2_PLACEMENT_3D ( 'NONE', #3495, #1368, #2763 ) ;
#4052 = CARTESIAN_POINT ( 'NONE',  ( -1.570000000000002283, 3.510000000000013110, 10.97000000000000242 ) ) ;
#4053 = VERTEX_POINT ( 'NONE', #2906 ) ;
#4054 = CARTESIAN_POINT ( 'NONE',  ( -2.540000000000000036, 4.679999999999999716, 2.869999999999999662 ) ) ;
#4055 = LINE ( 'NONE', #2967, #1266 ) ;
#4056 = FACE_OUTER_BOUND ( 'NONE', #3739, .T. ) ;
#4057 = VERTEX_POINT ( 'NONE', #4315 ) ;
#4058 = ORIENTED_EDGE ( 'NONE', *, *, #2068, .T. ) ;
#4059 = LINE ( 'NONE', #902, #1474 ) ;
#4060 = CARTESIAN_POINT ( 'NONE',  ( -2.540000000000000036, 0.000000000000000000, 0.000000000000000000 ) ) ;
#4061 = ORIENTED_EDGE ( 'NONE', *, *, #4085, .F. ) ;
#4062 = APPLICATION_CONTEXT ( 'automotive_design' ) ;
#4063 = EDGE_CURVE ( 'NONE', #852, #3898, #3623, .T. ) ;
#4064 = VECTOR ( 'NONE', #573, 1000.000000000000000 ) ;
#4065 = EDGE_CURVE ( 'NONE', #2160, #4398, #2997, .T. ) ;
#4066 = AXIS2_PLACEMENT_3D ( 'NONE', #2226, #4352, #2270 ) ;
#4067 = CARTESIAN_POINT ( 'NONE',  ( -2.540000000000000036, 0.5364888378497735255, 3.245000000000000551 ) ) ;
#4068 = VERTEX_POINT ( 'NONE', #3693 ) ;
#4069 = ORIENTED_EDGE ( 'NONE', *, *, #1438, .T. ) ;
#4070 = VECTOR ( 'NONE', #344, 1000.000000000000000 ) ;
#4071 = CARTESIAN_POINT ( 'NONE',  ( 5.079999999999999183, -4.989501595336908954E-14, 2.870000000000000107 ) ) ;
#4072 = CARTESIAN_POINT ( 'NONE',  ( 0.2999999999999999889, 0.000000000000000000, 0.000000000000000000 ) ) ;
#4073 = ORIENTED_EDGE ( 'NONE', *, *, #2504, .T. ) ;
#4074 = DIRECTION ( 'NONE',  ( 0.000000000000000000, 0.000000000000000000, 1.000000000000000000 ) ) ;
#4075 = DIRECTION ( 'NONE',  ( -0.000000000000000000, 0.9396926207859185309, 0.3420201433256411794 ) ) ;
#4076 = LINE ( 'NONE', #1900, #1834 ) ;
#4077 = ORIENTED_EDGE ( 'NONE', *, *, #4291, .F. ) ;
#4078 = ORIENTED_EDGE ( 'NONE', *, *, #2576, .T. ) ;
#4079 = CARTESIAN_POINT ( 'NONE',  ( -3.509999999999999343, 1.569999999999958540, 10.97000000000000242 ) ) ;
#4080 = DIRECTION ( 'NONE',  ( 0.000000000000000000, 0.000000000000000000, -1.000000000000000000 ) ) ;
#4081 = PRODUCT ( 'PPPC041LGBN-RC', 'PPPC041LGBN-RC', '', ( #227 ) ) ;
#4082 = CARTESIAN_POINT ( 'NONE',  ( 5.330000000000000959, 5.079999999999999183, 2.870000000000000107 ) ) ;
#4083 = ORIENTED_EDGE ( 'NONE', *, *, #4235, .F. ) ;
#4084 = EDGE_CURVE ( 'NONE', #4045, #4172, #3667, .T. ) ;
#4085 = EDGE_CURVE ( 'NONE', #4053, #3113, #3274, .T. ) ;
#4086 = LINE ( 'NONE', #615, #3954 ) ;
#4087 = ORIENTED_EDGE ( 'NONE', *, *, #289, .F. ) ;
#4088 = ORIENTED_EDGE ( 'NONE', *, *, #2576, .F. ) ;
#4089 = ADVANCED_FACE ( 'NONE', ( #1886 ), #1910, .F. ) ;
#4090 = LINE ( 'NONE', #1623, #33 ) ;
#4091 = CARTESIAN_POINT ( 'NONE',  ( -4.110000000000002984, 0.9699999999999587841, 10.09999999999999964 ) ) ;
#4092 = LINE ( 'NONE', #934, #3735 ) ;
#4093 = ITEM_DEFINED_TRANSFORMATION ( 'NONE', 'NONE', #1,  #2038 ) ;
#4094 = EDGE_LOOP ( 'NONE', ( #2032, #816, #4195, #3076 ) ) ;
#4095 = UNCERTAINTY_MEASURE_WITH_UNIT (LENGTH_MEASURE( 1.000000000000000082E-05 ), #563, 'distance_accuracy_value', 'NONE');
#4096 = CARTESIAN_POINT ( 'NONE',  ( -2.540000000000000036, 4.543511162150186244, 3.245000000000000107 ) ) ;
#4097 = FACE_OUTER_BOUND ( 'NONE', #4451, .T. ) ;
#4098 = DIRECTION ( 'NONE',  ( 0.000000000000000000, 0.000000000000000000, 1.000000000000000000 ) ) ;
#4099 = ORIENTED_EDGE ( 'NONE', *, *, #3271, .F. ) ;
#4100 = VERTEX_POINT ( 'NONE', #3645 ) ;
#4101 = DIRECTION ( 'NONE',  ( -0.000000000000000000, -0.000000000000000000, 1.000000000000000000 ) ) ;
#4102 = CARTESIAN_POINT ( 'NONE',  ( -2.540000000000000036, -4.989501595336908954E-14, 2.870000000000000107 ) ) ;
#4103 = CARTESIAN_POINT ( 'NONE',  ( 2.540000000000000036, 5.079999999999999183, 2.870000000000000107 ) ) ;
#4104 = PLANE ( 'NONE',  #1600 ) ;
#4105 = VERTEX_POINT ( 'NONE', #859 ) ;
#4106 = LINE ( 'NONE', #1390, #78 ) ;
#4107 = FILL_AREA_STYLE_COLOUR ( '', #1901 ) ;
#4108 = VECTOR ( 'NONE', #2881, 1000.000000000000000 ) ;
#4109 = CARTESIAN_POINT ( 'NONE',  ( 5.079999999999999183, 0.3999999999999501732, 2.870000000000000107 ) ) ;
#4110 = VECTOR ( 'NONE', #71, 1000.000000000000000 ) ;
#4111 = ORIENTED_EDGE ( 'NONE', *, *, #3105, .F. ) ;
#4112 = EDGE_LOOP ( 'NONE', ( #1147, #2726, #1375, #2502 ) ) ;
#4113 = AXIS2_PLACEMENT_3D ( 'NONE', #114, #1044, #2442 ) ;
#4114 = ORIENTED_EDGE ( 'NONE', *, *, #2734, .T. ) ;
#4115 =( GEOMETRIC_REPRESENTATION_CONTEXT ( 3 ) GLOBAL_UNCERTAINTY_ASSIGNED_CONTEXT ( ( #3677 ) ) GLOBAL_UNIT_ASSIGNED_CONTEXT ( ( #1748, #721, #1043 ) ) REPRESENTATION_CONTEXT ( 'NONE', 'WORKASPACE' ) );
#4116 = EDGE_CURVE ( 'NONE', #162, #591, #1934, .T. ) ;
#4117 = DIRECTION ( 'NONE',  ( 0.000000000000000000, -0.000000000000000000, -1.000000000000000000 ) ) ;
#4118 = CARTESIAN_POINT ( 'NONE',  ( 5.079999999999999183, 5.079999999999999183, 11.36999999999999922 ) ) ;
#4119 = VERTEX_POINT ( 'NONE', #3712 ) ;
#4120 = VECTOR ( 'NONE', #3152, 1000.000000000000000 ) ;
#4121 = PLANE ( 'NONE',  #979 ) ;
#4122 = EDGE_CURVE ( 'NONE', #2187, #3216, #108, .T. ) ;
#4123 = VECTOR ( 'NONE', #864, 1000.000000000000114 ) ;
#4124 = CARTESIAN_POINT ( 'NONE',  ( 5.080000000000000071, 0.000000000000000000, 10.09999999999999964 ) ) ;
#4125 = CARTESIAN_POINT ( 'NONE',  ( -3.509999999999999343, 1.569999999999958540, 10.97000000000000242 ) ) ;
#4126 = EDGE_LOOP ( 'NONE', ( #1160, #2309, #1961, #2285 ) ) ;
#4127 = ORIENTED_EDGE ( 'NONE', *, *, #2117, .T. ) ;
#4128 = LINE ( 'NONE', #2392, #3013 ) ;
#4129 = PLANE ( 'NONE',  #611 ) ;
#4130 = PLANE ( 'NONE',  #2338 ) ;
#4131 = CARTESIAN_POINT ( 'NONE',  ( -5.330000000000000959, -4.989501595336908954E-14, 2.870000000000000107 ) ) ;
#4132 = EDGE_CURVE ( 'NONE', #4445, #2655, #2975, .T. ) ;
#4133 = DIRECTION ( 'NONE',  ( 0.000000000000000000, 1.000000000000000000, -1.082302103395239435E-16 ) ) ;
#4134 = DIRECTION ( 'NONE',  ( 1.000000000000000000, 0.000000000000000000, -0.000000000000000000 ) ) ;
#4135 = FACE_OUTER_BOUND ( 'NONE', #464, .T. ) ;
#4136 = EDGE_CURVE ( 'NONE', #2378, #3600, #1162, .T. ) ;
#4137 = AXIS2_PLACEMENT_3D ( 'NONE', #401, #720, #376 ) ;
#4138 = ORIENTED_EDGE ( 'NONE', *, *, #4152, .F. ) ;
#4139 = ORIENTED_EDGE ( 'NONE', *, *, #4065, .T. ) ;
#4140 = ORIENTED_EDGE ( 'NONE', *, *, #1248, .F. ) ;
#4141 = AXIS2_PLACEMENT_3D ( 'NONE', #1084, #3610, #2138 ) ;
#4142 = CARTESIAN_POINT ( 'NONE',  ( 5.330000000000000959, 0.3999999999999501732, 2.870000000000000107 ) ) ;
#4143 = CARTESIAN_POINT ( 'NONE',  ( -1.570000000000002283, 1.569999999999958540, 10.97000000000000242 ) ) ;
#4144 = DIRECTION ( 'NONE',  ( 0.000000000000000000, -1.000000000000000000, 0.000000000000000000 ) ) ;
#4145 = EDGE_LOOP ( 'NONE', ( #1862, #1342, #2536, #3155 ) ) ;
#4146 = VECTOR ( 'NONE', #248, 1000.000000000000000 ) ;
#4147 = CARTESIAN_POINT ( 'NONE',  ( -5.330000000000000959, 0.3999999999999501732, 2.870000000000000107 ) ) ;
#4148 = DIRECTION ( 'NONE',  ( 1.000000000000000000, 0.000000000000000000, 0.000000000000000000 ) ) ;
#4149 = AXIS2_PLACEMENT_3D ( 'NONE', #499, #3277, #1890 ) ;
#4150 = CARTESIAN_POINT ( 'NONE',  ( -4.510000000000004228, 1.969999999999960449, 11.36999999999999922 ) ) ;
#4151 = ADVANCED_FACE ( 'NONE', ( #2654 ), #2213, .F. ) ;
#4152 = EDGE_CURVE ( 'NONE', #837, #210, #3253, .T. ) ;
#4153 = ORIENTED_EDGE ( 'NONE', *, *, #1024, .F. ) ;
#4154 = EDGE_CURVE ( 'NONE', #1572, #852, #3969, .T. ) ;
#4155 = ORIENTED_EDGE ( 'NONE', *, *, #2599, .F. ) ;
#4156 = DIRECTION ( 'NONE',  ( 0.000000000000000000, 0.7071067811865436870, -0.7071067811865513475 ) ) ;
#4157 = CARTESIAN_POINT ( 'NONE',  ( 0.9699999999999977529, 3.510000000000013110, 10.09999999999999964 ) ) ;
#4158 = DIRECTION ( 'NONE',  ( 0.000000000000000000, 0.000000000000000000, -1.000000000000000000 ) ) ;
#4159 = FACE_OUTER_BOUND ( 'NONE', #2629, .T. ) ;
#4160 = DIRECTION ( 'NONE',  ( 0.000000000000000000, 0.000000000000000000, -1.000000000000000000 ) ) ;
#4161 = DIRECTION ( 'NONE',  ( -1.000000000000000000, -0.000000000000000000, -0.000000000000000000 ) ) ;
#4162 = DIRECTION ( 'NONE',  ( 1.000000000000000000, 0.000000000000000000, 0.000000000000000000 ) ) ;
#4163 = ORIENTED_EDGE ( 'NONE', *, *, #2986, .F. ) ;
#4164 = ORIENTED_EDGE ( 'NONE', *, *, #1733, .T. ) ;
#4165 = CARTESIAN_POINT ( 'NONE',  ( -2.540000000000000036, 0.000000000000000000, 0.000000000000000000 ) ) ;
#4166 = DIRECTION ( 'NONE',  ( 1.000000000000000000, 0.000000000000000000, 0.000000000000000000 ) ) ;
#4167 = DIRECTION ( 'NONE',  ( 0.000000000000000000, -1.000000000000000000, 0.000000000000000000 ) ) ;
#4168 = ORIENTED_EDGE ( 'NONE', *, *, #1415, .T. ) ;
#4169 = LINE ( 'NONE', #673, #3316 ) ;
#4170 = DIRECTION ( 'NONE',  ( -0.5773502691896278405, 0.5773502691896278405, -0.5773502691896216232 ) ) ;
#4171 = FACE_OUTER_BOUND ( 'NONE', #4500, .T. ) ;
#4172 = VERTEX_POINT ( 'NONE', #3293 ) ;
#4173 = EDGE_CURVE ( 'NONE', #115, #1770, #1868, .T. ) ;
#4174 = ORIENTED_EDGE ( 'NONE', *, *, #1802, .F. ) ;
#4175 = CARTESIAN_POINT ( 'NONE',  ( 0.1908089297201394641, -3.149999999999999911, 1.470000000000000639 ) ) ;
#4176 = CARTESIAN_POINT ( 'NONE',  ( 5.330000000000000959, 4.543511162150186244, 3.245000000000000107 ) ) ;
#4177 = ADVANCED_FACE ( 'NONE', ( #127 ), #2928, .F. ) ;
#4178 = CARTESIAN_POINT ( 'NONE',  ( 0.2999999999999999889, 1.069999999999999840, 2.040000000000000036 ) ) ;
#4179 = ADVANCED_FACE ( 'NONE', ( #839 ), #4383, .F. ) ;
#4180 = DIRECTION ( 'NONE',  ( 0.000000000000000000, 0.3420201433256412349, -0.9396926207859185309 ) ) ;
#4181 = DIRECTION ( 'NONE',  ( 0.000000000000000000, 5.870001876866952128E-15, 1.000000000000000000 ) ) ;
#4182 = EDGE_CURVE ( 'NONE', #2435, #1743, #725, .T. ) ;
#4183 = PLANE ( 'NONE',  #4254 ) ;
#4184 = AXIS2_PLACEMENT_3D ( 'NONE', #1230, #2627, #4043 ) ;
#4185 = ORIENTED_EDGE ( 'NONE', *, *, #2235, .T. ) ;
#4186 = CARTESIAN_POINT ( 'NONE',  ( -3.910000000000001030, 3.910000000000011688, 10.77000000000000313 ) ) ;
#4187 = DIRECTION ( 'NONE',  ( 0.000000000000000000, 1.000000000000000000, 1.084202172485506406E-15 ) ) ;
#4188 = DIRECTION ( 'NONE',  ( 0.000000000000000000, 0.000000000000000000, -1.000000000000000000 ) ) ;
#4189 = ORIENTED_EDGE ( 'NONE', *, *, #3942, .F. ) ;
#4190 = EDGE_CURVE ( 'NONE', #2596, #694, #4455, .T. ) ;
#4191 = LINE ( 'NONE', #3129, #3542 ) ;
#4192 = CARTESIAN_POINT ( 'NONE',  ( -5.330000000000000959, 0.5364888378497735255, 3.245000000000000551 ) ) ;
#4193 = CARTESIAN_POINT ( 'NONE',  ( -5.330000000000000959, 4.679999999999999716, 2.869999999999999662 ) ) ;
#4194 = VECTOR ( 'NONE', #334, 1000.000000000000000 ) ;
#4195 = ORIENTED_EDGE ( 'NONE', *, *, #518, .F. ) ;
#4196 = AXIS2_PLACEMENT_3D ( 'NONE', #1002, #2445, #4533 ) ;
#4197 = ORIENTED_EDGE ( 'NONE', *, *, #2778, .T. ) ;
#4198 = VECTOR ( 'NONE', #1815, 1000.000000000000000 ) ;
#4199 = DIRECTION ( 'NONE',  ( 0.000000000000000000, -0.000000000000000000, 1.000000000000000000 ) ) ;
#4200 = CARTESIAN_POINT ( 'NONE',  ( -1.570000000000002283, 4.110000000000012754, 10.97000000000000242 ) ) ;
#4201 = VECTOR ( 'NONE', #3062, 1000.000000000000000 ) ;
#4202 = LINE ( 'NONE', #3067, #441 ) ;
#4203 = PLANE ( 'NONE',  #1542 ) ;
#4204 = LINE ( 'NONE', #3552, #365 ) ;
#4205 = EDGE_CURVE ( 'NONE', #3183, #948, #2771, .T. ) ;
#4206 = EDGE_CURVE ( 'NONE', #2497, #3066, #2422, .T. ) ;
#4207 = EDGE_CURVE ( 'NONE', #734, #3582, #3837, .T. ) ;
#4208 = VERTEX_POINT ( 'NONE', #3766 ) ;
#4209 = LINE ( 'NONE', #814, #2373 ) ;
#4210 = CARTESIAN_POINT ( 'NONE',  ( 0.000000000000000000, 0.3999999999999501732, 2.870000000000000107 ) ) ;
#4211 = LINE ( 'NONE', #1848, #2330 ) ;
#4212 = EDGE_LOOP ( 'NONE', ( #1395, #2628, #4435, #3506 ) ) ;
#4213 = ORIENTED_EDGE ( 'NONE', *, *, #324, .T. ) ;
#4214 = VECTOR ( 'NONE', #3708, 1000.000000000000000 ) ;
#4215 = CARTESIAN_POINT ( 'NONE',  ( 5.079999999999999183, 4.679999999999999716, 2.869999999999999662 ) ) ;
#4216 = FACE_OUTER_BOUND ( 'NONE', #4487, .T. ) ;
#4217 = CARTESIAN_POINT ( 'NONE',  ( 3.909999999999999254, 3.910000000000011688, 10.77000000000000313 ) ) ;
#4218 = VECTOR ( 'NONE', #3371, 1000.000000000000000 ) ;
#4219 = ORIENTED_EDGE ( 'NONE', *, *, #426, .T. ) ;
#4220 = ORIENTED_EDGE ( 'NONE', *, *, #2884, .F. ) ;
#4221 = AXIS2_PLACEMENT_3D ( 'NONE', #2909, #2610, #4049 ) ;
#4222 = PLANE ( 'NONE',  #614 ) ;
#4223 = EDGE_CURVE ( 'NONE', #1129, #640, #4086, .T. ) ;
#4224 = LINE ( 'NONE', #1708, #317 ) ;
#4225 = LINE ( 'NONE', #652, #1895 ) ;
#4226 = VERTEX_POINT ( 'NONE', #637 ) ;
#4227 = CARTESIAN_POINT ( 'NONE',  ( 0.000000000000000000, 5.079999999999999183, 11.36999999999999922 ) ) ;
#4228 = LINE ( 'NONE', #3227, #2852 ) ;
#4229 = VERTEX_POINT ( 'NONE', #1374 ) ;
#4230 = ADVANCED_FACE ( 'NONE', ( #4135 ), #4183, .F. ) ;
#4231 = EDGE_CURVE ( 'NONE', #2907, #210, #3021, .T. ) ;
#4232 = DIRECTION ( 'NONE',  ( 0.000000000000000000, 1.000000000000000000, 0.000000000000000000 ) ) ;
#4233 = CARTESIAN_POINT ( 'NONE',  ( -1.170000000000001261, 3.710000000000015952, 10.77000000000000135 ) ) ;
#4234 = DIRECTION ( 'NONE',  ( 0.000000000000000000, -1.000000000000000000, 1.082302103395239312E-16 ) ) ;
#4235 = EDGE_CURVE ( 'NONE', #1936, #3143, #2025, .T. ) ;
#4236 = VERTEX_POINT ( 'NONE', #659 ) ;
#4237 = DIRECTION ( 'NONE',  ( 0.000000000000000000, 0.000000000000000000, 1.000000000000000000 ) ) ;
#4238 = DIRECTION ( 'NONE',  ( 0.000000000000000000, 1.000000000000000000, 0.000000000000000000 ) ) ;
#4239 = DIRECTION ( 'NONE',  ( 1.000000000000000000, 0.000000000000000000, 0.000000000000000000 ) ) ;
#4240 = ADVANCED_FACE ( 'NONE', ( #952 ), #2376, .F. ) ;
#4241 = ORIENTED_EDGE ( 'NONE', *, *, #4223, .T. ) ;
#4242 = EDGE_LOOP ( 'NONE', ( #2131, #2698, #2892, #3768 ) ) ;
#4243 = PLANE ( 'NONE',  #3848 ) ;
#4244 = LINE ( 'NONE', #466, #2510 ) ;
#4245 = CARTESIAN_POINT ( 'NONE',  ( -5.330000000000000959, 5.079999999999999183, 2.870000000000000107 ) ) ;
#4246 = ORIENTED_EDGE ( 'NONE', *, *, #2143, .F. ) ;
#4247 = PLANE ( 'NONE',  #2799 ) ;
#4248 = DIRECTION ( 'NONE',  ( -1.000000000000000000, 0.000000000000000000, 0.000000000000000000 ) ) ;
#4249 = VERTEX_POINT ( 'NONE', #928 ) ;
#4250 = CARTESIAN_POINT ( 'NONE',  ( -2.540000000000000036, 4.543511162150186244, 3.245000000000000107 ) ) ;
#4251 = PLANE ( 'NONE',  #2920 ) ;
#4252 = ORIENTED_EDGE ( 'NONE', *, *, #2533, .F. ) ;
#4253 = VERTEX_POINT ( 'NONE', #316 ) ;
#4254 = AXIS2_PLACEMENT_3D ( 'NONE', #2353, #1026, #2004 ) ;
#4255 = CARTESIAN_POINT ( 'NONE',  ( -2.540000000000000036, 0.5364888378497735255, 3.245000000000000551 ) ) ;
#4256 = VECTOR ( 'NONE', #726, 1000.000000000000000 ) ;
#4257 = DIRECTION ( 'NONE',  ( 0.000000000000000000, -1.000000000000000000, 0.000000000000000000 ) ) ;
#4258 = CARTESIAN_POINT ( 'NONE',  ( -0.9699999999999990852, 1.569999999999958540, 10.97000000000000242 ) ) ;
#4259 = ORIENTED_EDGE ( 'NONE', *, *, #1962, .F. ) ;
#4260 = EDGE_CURVE ( 'NONE', #2596, #3979, #267, .T. ) ;
#4261 = VECTOR ( 'NONE', #987, 1000.000000000000000 ) ;
#4262 = EDGE_CURVE ( 'NONE', #3971, #52, #1954, .T. ) ;
#4263 = ORIENTED_EDGE ( 'NONE', *, *, #1242, .F. ) ;
#4264 = DIRECTION ( 'NONE',  ( 1.000000000000000000, 0.000000000000000000, -0.000000000000000000 ) ) ;
#4265 = MECHANICAL_DESIGN_GEOMETRIC_PRESENTATION_REPRESENTATION (  '', ( #367 ), #4115 ) ;
#4266 = CARTESIAN_POINT ( 'NONE',  ( -0.2999999999999999889, 0.5000000000000000000, 1.070000000000000062 ) ) ;
#4267 = CARTESIAN_POINT ( 'NONE',  ( 1.570000000000001172, 3.510000000000013110, 10.97000000000000242 ) ) ;
#4268 = VECTOR ( 'NONE', #3780, 1000.000000000000000 ) ;
#4269 = VERTEX_POINT ( 'NONE', #2324 ) ;
#4270 = PLANE ( 'NONE',  #84 ) ;
#4271 = VECTOR ( 'NONE', #3046, 1000.000000000000000 ) ;
#4272 = CARTESIAN_POINT ( 'NONE',  ( 0.000000000000000000, 0.3999999999999501732, 2.870000000000000107 ) ) ;
#4273 = ORIENTED_EDGE ( 'NONE', *, *, #4517, .F. ) ;
#4274 = EDGE_CURVE ( 'NONE', #1149, #262, #219, .T. ) ;
#4275 = CARTESIAN_POINT ( 'NONE',  ( -1.970000000000004192, 0.5699999999999568745, 11.36999999999999922 ) ) ;
#4276 = LINE ( 'NONE', #1786, #4325 ) ;
#4277 = ORIENTED_EDGE ( 'NONE', *, *, #687, .F. ) ;
#4278 = CARTESIAN_POINT ( 'NONE',  ( -1.570000000000002283, 0.9699999999999587841, 10.09999999999999964 ) ) ;
#4279 = DIRECTION ( 'NONE',  ( 1.000000000000000000, 0.000000000000000000, 0.000000000000000000 ) ) ;
#4280 = FACE_OUTER_BOUND ( 'NONE', #1857, .T. ) ;
#4281 = PRESENTATION_STYLE_ASSIGNMENT (( #3951 ) ) ;
#4282 = VERTEX_POINT ( 'NONE', #243 ) ;
#4283 = VECTOR ( 'NONE', #3680, 1000.000000000000000 ) ;
#4284 = VERTEX_POINT ( 'NONE', #1351 ) ;
#4285 = FACE_OUTER_BOUND ( 'NONE', #1448, .T. ) ;
#4286 = ADVANCED_FACE ( 'NONE', ( #1619 ), #980, .F. ) ;
#4287 = EDGE_CURVE ( 'NONE', #3971, #3651, #1325, .T. ) ;
#4288 = LINE ( 'NONE', #2875, #462 ) ;
#4289 = AXIS2_PLACEMENT_3D ( 'NONE', #331, #1728, #4199 ) ;
#4290 = CARTESIAN_POINT ( 'NONE',  ( 5.080000000000000071, 0.3999999999999501732, 2.870000000000000107 ) ) ;
#4291 = EDGE_CURVE ( 'NONE', #3802, #2946, #2400, .T. ) ;
#4292 = VECTOR ( 'NONE', #1593, 1000.000000000000000 ) ;
#4293 = EDGE_LOOP ( 'NONE', ( #2913, #2366, #888, #415 ) ) ;
#4294 = LINE ( 'NONE', #103, #3377 ) ;
#4295 = DIRECTION ( 'NONE',  ( 0.000000000000000000, -0.7071067811865436870, -0.7071067811865513475 ) ) ;
#4296 = ORIENTED_EDGE ( 'NONE', *, *, #203, .F. ) ;
#4297 = CARTESIAN_POINT ( 'NONE',  ( -0.9699999999999990852, 1.569999999999958540, 10.97000000000000242 ) ) ;
#4298 = ORIENTED_EDGE ( 'NONE', *, *, #1024, .T. ) ;
#4299 = ORIENTED_EDGE ( 'NONE', *, *, #266, .F. ) ;
#4300 = FACE_OUTER_BOUND ( 'NONE', #2683, .T. ) ;
#4301 = CARTESIAN_POINT ( 'NONE',  ( 5.330000000000000959, 4.679999999999999716, 2.869999999999999662 ) ) ;
#4302 = DIRECTION ( 'NONE',  ( 0.000000000000000000, 0.000000000000000000, -1.000000000000000000 ) ) ;
#4303 = CARTESIAN_POINT ( 'NONE',  ( 0.000000000000000000, 0.000000000000000000, 0.000000000000000000 ) ) ;
#4304 = VERTEX_POINT ( 'NONE', #1645 ) ;
#4305 = ORIENTED_EDGE ( 'NONE', *, *, #14, .T. ) ;
#4306 = CARTESIAN_POINT ( 'NONE',  ( -0.2999999999999999889, 3.040000000000000036, -0.4999999999999997780 ) ) ;
#4307 = CARTESIAN_POINT ( 'NONE',  ( -1.570000000000002283, 1.569999999999958540, 10.09999999999999964 ) ) ;
#4308 = CARTESIAN_POINT ( 'NONE',  ( 5.079999999999999183, 0.000000000000000000, 11.36999999999999922 ) ) ;
#4309 = ORIENTED_EDGE ( 'NONE', *, *, #2764, .F. ) ;
#4310 = DIRECTION ( 'NONE',  ( 0.000000000000000000, -1.000000000000000000, 0.000000000000000000 ) ) ;
#4311 = CARTESIAN_POINT ( 'NONE',  ( 5.079999999999999183, 0.000000000000000000, 11.36999999999999922 ) ) ;
#4312 = ORIENTED_EDGE ( 'NONE', *, *, #157, .T. ) ;
#4313 = ADVANCED_FACE ( 'NONE', ( #3048 ), #2725, .F. ) ;
#4314 = CARTESIAN_POINT ( 'NONE',  ( -3.509999999999999343, 0.9699999999999587841, 10.09999999999999964 ) ) ;
#4315 = CARTESIAN_POINT ( 'NONE',  ( 3.509999999999997566, 3.510000000000013110, 10.09999999999999964 ) ) ;
#4316 = ORIENTED_EDGE ( 'NONE', *, *, #1883, .F. ) ;
#4317 = ORIENTED_EDGE ( 'NONE', *, *, #3772, .F. ) ;
#4318 = CARTESIAN_POINT ( 'NONE',  ( -0.2999999999999999889, 3.609999999999999876, 3.245000000000000551 ) ) ;
#4319 = PLANE ( 'NONE',  #3000 ) ;
#4320 = DIRECTION ( 'NONE',  ( -0.000000000000000000, 0.000000000000000000, 1.000000000000000000 ) ) ;
#4321 = EDGE_CURVE ( 'NONE', #3959, #3136, #2512, .T. ) ;
#4322 = DIRECTION ( 'NONE',  ( 0.000000000000000000, 0.000000000000000000, 1.000000000000000000 ) ) ;
#4323 = ORIENTED_EDGE ( 'NONE', *, *, #3411, .F. ) ;
#4324 = ORIENTED_EDGE ( 'NONE', *, *, #811, .F. ) ;
#4325 = VECTOR ( 'NONE', #2103, 1000.000000000000000 ) ;
#4326 = PLANE ( 'NONE',  #3776 ) ;
#4327 = DIRECTION ( 'NONE',  ( 0.000000000000000000, 1.000000000000000000, 1.084202172485506406E-15 ) ) ;
#4328 = CARTESIAN_POINT ( 'NONE',  ( 0.000000000000000000, 5.079999999999999183, 2.870000000000000107 ) ) ;
#4329 = VECTOR ( 'NONE', #2358, 1000.000000000000000 ) ;
#4330 = AXIS2_PLACEMENT_3D ( 'NONE', #3355, #582, #4475 ) ;
#4331 = ORIENTED_EDGE ( 'NONE', *, *, #3500, .T. ) ;
#4332 = VECTOR ( 'NONE', #3761, 1000.000000000000000 ) ;
#4333 = DIRECTION ( 'NONE',  ( 0.000000000000000000, 0.000000000000000000, 1.000000000000000000 ) ) ;
#4334 = CARTESIAN_POINT ( 'NONE',  ( 0.9699999999999977529, 1.569999999999958540, 10.09999999999999964 ) ) ;
#4335 = PLANE ( 'NONE',  #3154 ) ;
#4336 = VECTOR ( 'NONE', #4160, 1000.000000000000000 ) ;
#4337 = EDGE_LOOP ( 'NONE', ( #2062, #89, #2000, #774, #1330, #1706, #1219, #535 ) ) ;
#4338 = VECTOR ( 'NONE', #1177, 1000.000000000000000 ) ;
#4339 = ADVANCED_FACE ( 'NONE', ( #1414 ), #422, .F. ) ;
#4340 = CARTESIAN_POINT ( 'NONE',  ( 5.080000000000000071, 5.079999999999999183, 11.36999999999999922 ) ) ;
#4341 = CARTESIAN_POINT ( 'NONE',  ( 5.330000000000000959, 5.079999999999999183, 2.870000000000000107 ) ) ;
#4342 = VECTOR ( 'NONE', #2549, 1000.000000000000000 ) ;
#4343 = ORIENTED_EDGE ( 'NONE', *, *, #4423, .T. ) ;
#4344 = ORIENTED_EDGE ( 'NONE', *, *, #1392, .F. ) ;
#4345 = EDGE_CURVE ( 'NONE', #177, #2846, #406, .T. ) ;
#4346 = DIRECTION ( 'NONE',  ( 0.000000000000000000, -1.188166764367676095E-16, 1.000000000000000000 ) ) ;
#4347 = DIRECTION ( 'NONE',  ( 0.000000000000000000, 0.3420201433256412349, -0.9396926207859185309 ) ) ;
#4348 = DIRECTION ( 'NONE',  ( 0.000000000000000000, -0.000000000000000000, -1.000000000000000000 ) ) ;
#4349 = ITEM_DEFINED_TRANSFORMATION ( 'NONE', 'NONE', #4113,  #2038 ) ;
#4350 = VERTEX_POINT ( 'NONE', #3204 ) ;
#4351 = ORIENTED_EDGE ( 'NONE', *, *, #775, .T. ) ;
#4352 = DIRECTION ( 'NONE',  ( -1.000000000000000000, 0.000000000000000000, -0.000000000000000000 ) ) ;
#4353 = DIRECTION ( 'NONE',  ( -0.000000000000000000, -0.000000000000000000, 1.000000000000000000 ) ) ;
#4354 = DIRECTION ( 'NONE',  ( -0.7071067811865436870, -0.000000000000000000, -0.7071067811865513475 ) ) ;
#4355 = APPLICATION_CONTEXT ( 'automotive_design' ) ;
#4356 = ORIENTED_EDGE ( 'NONE', *, *, #823, .T. ) ;
#4357 = AXIS2_PLACEMENT_3D ( 'NONE', #1612, #2971, #2672 ) ;
#4358 = CARTESIAN_POINT ( 'NONE',  ( 5.330000000000000959, 5.079999999999999183, 11.36999999999999922 ) ) ;
#4359 = CARTESIAN_POINT ( 'NONE',  ( 0.5699999999999958433, 4.510000000000014886, 11.36999999999999922 ) ) ;
#4360 = DIRECTION ( 'NONE',  ( -1.000000000000000000, -0.000000000000000000, -0.000000000000000000 ) ) ;
#4361 = VECTOR ( 'NONE', #1173, 1000.000000000000000 ) ;
#4362 = CARTESIAN_POINT ( 'NONE',  ( 5.080000000000000071, 0.3999999999999501732, 2.870000000000000107 ) ) ;
#4363 = MECHANICAL_DESIGN_GEOMETRIC_PRESENTATION_REPRESENTATION (  '', ( #1494 ), #1925 ) ;
#4364 = DIRECTION ( 'NONE',  ( 1.000000000000000000, 0.000000000000000000, 0.000000000000000000 ) ) ;
#4365 = EDGE_LOOP ( 'NONE', ( #1694, #2300, #455, #136 ) ) ;
#4366 = VERTEX_POINT ( 'NONE', #2817 ) ;
#4367 = ADVANCED_FACE ( 'NONE', ( #1047 ), #3186, .F. ) ;
#4368 = ADVANCED_FACE ( 'NONE', ( #3501 ), #3858, .F. ) ;
#4369 = DIRECTION ( 'NONE',  ( -0.000000000000000000, -0.000000000000000000, 1.000000000000000000 ) ) ;
#4370 = EDGE_CURVE ( 'NONE', #178, #1668, #4228, .T. ) ;
#4371 = DIRECTION ( 'NONE',  ( -0.000000000000000000, 0.000000000000000000, 1.000000000000000000 ) ) ;
#4372 = DIRECTION ( 'NONE',  ( -1.000000000000000000, -0.000000000000000000, -0.000000000000000000 ) ) ;
#4373 = EDGE_LOOP ( 'NONE', ( #2091, #2678, #3946, #2828 ) ) ;
#4374 = ORIENTED_EDGE ( 'NONE', *, *, #2643, .T. ) ;
#4375 = FACE_OUTER_BOUND ( 'NONE', #686, .T. ) ;
#4376 = EDGE_CURVE ( 'NONE', #3966, #4446, #3876, .T. ) ;
#4377 = CARTESIAN_POINT ( 'NONE',  ( -5.080000000000000071, 5.079999999999999183, 2.870000000000000107 ) ) ;
#4378 = DIRECTION ( 'NONE',  ( 0.000000000000000000, 0.000000000000000000, -1.000000000000000000 ) ) ;
#4379 = ORIENTED_EDGE ( 'NONE', *, *, #3787, .T. ) ;
#4380 = LINE ( 'NONE', #2991, #1977 ) ;
#4381 = LINE ( 'NONE', #2948, #2154 ) ;
#4382 = ORIENTED_EDGE ( 'NONE', *, *, #2877, .T. ) ;
#4383 = PLANE ( 'NONE',  #2048 ) ;
#4384 = EDGE_LOOP ( 'NONE', ( #1194, #1738, #2972, #3134 ) ) ;
#4385 = VERTEX_POINT ( 'NONE', #2467 ) ;
#4386 = DIRECTION ( 'NONE',  ( -0.000000000000000000, -0.000000000000000000, 1.000000000000000000 ) ) ;
#4387 = DIRECTION ( 'NONE',  ( -0.000000000000000000, -0.3420201433256628842, -0.9396926207859104263 ) ) ;
#4388 = PRODUCT_DEFINITION_SHAPE ( 'NONE', 'NONE',  #2553 ) ;
#4389 = LINE ( 'NONE', #3999, #4123 ) ;
#4390 = ORIENTED_EDGE ( 'NONE', *, *, #3082, .T. ) ;
#4391 = EDGE_CURVE ( 'NONE', #1770, #497, #2122, .T. ) ;
#4392 = CARTESIAN_POINT ( 'NONE',  ( 2.540000000000000036, 0.000000000000000000, 11.36999999999999922 ) ) ;
#4393 = DIRECTION ( 'NONE',  ( 0.000000000000000000, 0.3420201433256412349, -0.9396926207859185309 ) ) ;
#4394 = DIRECTION ( 'NONE',  ( 1.000000000000000000, -0.000000000000000000, -0.000000000000000000 ) ) ;
#4395 = EDGE_CURVE ( 'NONE', #3136, #4008, #41, .T. ) ;
#4396 = ADVANCED_FACE ( 'NONE', ( #1457 ), #1436, .F. ) ;
#4397 = AXIS2_PLACEMENT_3D ( 'NONE', #2584, #1550, #3993 ) ;
#4398 = VERTEX_POINT ( 'NONE', #1090 ) ;
#4399 = LINE ( 'NONE', #537, #1183 ) ;
#4400 = DIRECTION ( 'NONE',  ( 0.000000000000000000, 1.000000000000000000, 1.084202172485506406E-15 ) ) ;
#4401 = STYLED_ITEM ( 'NONE', ( #1884 ), #4456 ) ;
#4402 = DIRECTION ( 'NONE',  ( -0.5773502691896278405, -0.5773502691896278405, 0.5773502691896216232 ) ) ;
#4403 = ORIENTED_EDGE ( 'NONE', *, *, #278, .F. ) ;
#4404 = VECTOR ( 'NONE', #159, 1000.000000000000000 ) ;
#4405 = VECTOR ( 'NONE', #1349, 1000.000000000000000 ) ;
#4406 = DIRECTION ( 'NONE',  ( 0.000000000000000000, 0.000000000000000000, -1.000000000000000000 ) ) ;
#4407 = ORIENTED_EDGE ( 'NONE', *, *, #3549, .T. ) ;
#4408 = VERTEX_POINT ( 'NONE', #2836 ) ;
#4409 = VECTOR ( 'NONE', #3245, 1000.000000000000000 ) ;
#4410 = EDGE_CURVE ( 'NONE', #4045, #2178, #751, .T. ) ;
#4411 = FILL_AREA_STYLE ('',( #1982 ) ) ;
#4412 = CARTESIAN_POINT ( 'NONE',  ( -0.5699999999999971756, 1.969999999999960449, 11.36999999999999922 ) ) ;
#4413 = VECTOR ( 'NONE', #2621, 1000.000000000000000 ) ;
#4414 = CARTESIAN_POINT ( 'NONE',  ( 0.9699999999999977529, 0.9699999999999587841, 10.97000000000000242 ) ) ;
#4415 = VERTEX_POINT ( 'NONE', #684 ) ;
#4416 = UNCERTAINTY_MEASURE_WITH_UNIT (LENGTH_MEASURE( 1.000000000000000082E-05 ), #1522, 'distance_accuracy_value', 'NONE');
#4417 = DIRECTION ( 'NONE',  ( 0.000000000000000000, 1.000000000000000000, 1.084202172485506406E-15 ) ) ;
#4418 = CARTESIAN_POINT ( 'NONE',  ( 2.540000000000000036, 4.543511162150186244, 3.245000000000000107 ) ) ;
#4419 = LINE ( 'NONE', #873, #4048 ) ;
#4420 = EDGE_LOOP ( 'NONE', ( #3439, #1252, #1646, #2491 ) ) ;
#4421 = EDGE_CURVE ( 'NONE', #605, #2561, #1800, .T. ) ;
#4422 = ORIENTED_EDGE ( 'NONE', *, *, #202, .F. ) ;
#4423 = EDGE_CURVE ( 'NONE', #3511, #2965, #2147, .T. ) ;
#4424 = FACE_OUTER_BOUND ( 'NONE', #2783, .T. ) ;
#4425 = CARTESIAN_POINT ( 'NONE',  ( -0.2999999999999999889, 1.069999999999999840, 2.040000000000000036 ) ) ;
#4426 = EDGE_CURVE ( 'NONE', #2313, #2918, #4204, .T. ) ;
#4427 = FACE_OUTER_BOUND ( 'NONE', #2809, .T. ) ;
#4428 = CARTESIAN_POINT ( 'NONE',  ( -4.110000000000002984, 0.9699999999999587841, 10.97000000000000242 ) ) ;
#4429 = ORIENTED_EDGE ( 'NONE', *, *, #4026, .F. ) ;
#4430 = AXIS2_PLACEMENT_3D ( 'NONE', #2139, #418, #1085 ) ;
#4431 =( NAMED_UNIT ( * ) PLANE_ANGLE_UNIT ( ) SI_UNIT ( $, .RADIAN. ) );
#4432 = AXIS2_PLACEMENT_3D ( 'NONE', #2745, #3091, #650 ) ;
#4433 = DIRECTION ( 'NONE',  ( 1.000000000000000000, -0.000000000000000000, -0.000000000000000000 ) ) ;
#4434 = ORIENTED_EDGE ( 'NONE', *, *, #2818, .F. ) ;
#4435 = ORIENTED_EDGE ( 'NONE', *, *, #4205, .T. ) ;
#4436 = AXIS2_PLACEMENT_3D ( 'NONE', #3845, #696, #2805 ) ;
#4437 = FACE_OUTER_BOUND ( 'NONE', #3647, .T. ) ;
#4438 = CARTESIAN_POINT ( 'NONE',  ( 4.110000000000001208, 3.510000000000013110, 10.97000000000000242 ) ) ;
#4439 = CARTESIAN_POINT ( 'NONE',  ( -0.2999999999999999889, 1.069999999999999840, 2.040000000000000036 ) ) ;
#4440 = EDGE_LOOP ( 'NONE', ( #2777, #1986, #4536, #4015 ) ) ;
#4441 = DIRECTION ( 'NONE',  ( 0.000000000000000000, -1.000000000000000000, -1.084202172485506406E-15 ) ) ;
#4442 = CARTESIAN_POINT ( 'NONE',  ( -5.080000000000000071, 5.079999999999999183, 11.36999999999999922 ) ) ;
#4443 =( REPRESENTATION_RELATIONSHIP ('NONE','NONE', #3733, #3259 ) REPRESENTATION_RELATIONSHIP_WITH_TRANSFORMATION ( #3720 )SHAPE_REPRESENTATION_RELATIONSHIP( ) );
#4444 = LINE ( 'NONE', #1288, #3230 ) ;
#4445 = VERTEX_POINT ( 'NONE', #3902 ) ;
#4446 = VERTEX_POINT ( 'NONE', #4272 ) ;
#4447 = CARTESIAN_POINT ( 'NONE',  ( 4.110000000000001208, 0.9699999999999587841, 10.09999999999999964 ) ) ;
#4448 = LINE ( 'NONE', #3729, #2583 ) ;
#4449 = CARTESIAN_POINT ( 'NONE',  ( -1.570000000000002283, 4.110000000000012754, 10.09999999999999964 ) ) ;
#4450 = LINE ( 'NONE', #4131, #2116 ) ;
#4451 = EDGE_LOOP ( 'NONE', ( #3340, #3309, #59, #3196 ) ) ;
#4452 = EDGE_CURVE ( 'NONE', #2251, #2299, #2098, .T. ) ;
#4453 = CARTESIAN_POINT ( 'NONE',  ( 2.539999999999999591, -4.989501595336908954E-14, 2.870000000000000107 ) ) ;
#4454 = PLANE ( 'NONE',  #3454 ) ;
#4455 = LINE ( 'NONE', #1716, #2185 ) ;
#4456 = MANIFOLD_SOLID_BREP ( 'LPattern1[3]', #2796 ) ;
#4457 = ORIENTED_EDGE ( 'NONE', *, *, #100, .F. ) ;
#4458 = ORIENTED_EDGE ( 'NONE', *, *, #3375, .T. ) ;
#4459 = EDGE_CURVE ( 'NONE', #4249, #2743, #1116, .T. ) ;
#4460 = ORIENTED_EDGE ( 'NONE', *, *, #2191, .T. ) ;
#4461 = CARTESIAN_POINT ( 'NONE',  ( 5.330000000000000959, 4.543511162150186244, 3.245000000000000107 ) ) ;
#4462 = FACE_OUTER_BOUND ( 'NONE', #1379, .T. ) ;
#4463 = DIRECTION ( 'NONE',  ( -0.000000000000000000, 0.000000000000000000, -1.000000000000000000 ) ) ;
#4464 = VERTEX_POINT ( 'NONE', #2903 ) ;
#4465 = DIRECTION ( 'NONE',  ( 0.000000000000000000, -1.000000000000000000, 0.000000000000000000 ) ) ;
#4466 = EDGE_CURVE ( 'NONE', #1223, #4068, #2279, .T. ) ;
#4467 = CARTESIAN_POINT ( 'NONE',  ( 0.000000000000000000, 0.5699999999999568745, 11.36999999999999922 ) ) ;
#4468 = PLANE ( 'NONE',  #371 ) ;
#4469 = ORIENTED_EDGE ( 'NONE', *, *, #1604, .F. ) ;
#4470 = ORIENTED_EDGE ( 'NONE', *, *, #1337, .F. ) ;
#4471 = CARTESIAN_POINT ( 'NONE',  ( -1.570000000000002283, 4.110000000000012754, 10.97000000000000242 ) ) ;
#4472 = EDGE_CURVE ( 'NONE', #3859, #95, #3641, .T. ) ;
#4473 = DIRECTION ( 'NONE',  ( -0.000000000000000000, -0.000000000000000000, 1.000000000000000000 ) ) ;
#4474 = PLANE ( 'NONE',  #1099 ) ;
#4475 = DIRECTION ( 'NONE',  ( 0.000000000000000000, -0.000000000000000000, 1.000000000000000000 ) ) ;
#4476 = EDGE_LOOP ( 'NONE', ( #2170, #2201, #936, #2280 ) ) ;
#4477 = VECTOR ( 'NONE', #176, 1000.000000000000000 ) ;
#4478 = CARTESIAN_POINT ( 'NONE',  ( -5.080000000000000071, 4.543511162150186244, 3.245000000000000107 ) ) ;
#4479 = DIRECTION ( 'NONE',  ( -0.000000000000000000, 1.000000000000000000, 0.000000000000000000 ) ) ;
#4480 = VECTOR ( 'NONE', #2798, 1000.000000000000000 ) ;
#4481 = DIRECTION ( 'NONE',  ( 0.000000000000000000, -1.000000000000000000, 1.082302103395239435E-16 ) ) ;
#4482 = MANIFOLD_SOLID_BREP ( 'Mirror1', #4496 ) ;
#4483 = VECTOR ( 'NONE', #1101, 1000.000000000000000 ) ;
#4484 = ORIENTED_EDGE ( 'NONE', *, *, #2957, .F. ) ;
#4485 = EDGE_LOOP ( 'NONE', ( #1476, #2570, #6, #2954 ) ) ;
#4486 = AXIS2_PLACEMENT_3D ( 'NONE', #4303, #1146, #2542 ) ;
#4487 = EDGE_LOOP ( 'NONE', ( #4407, #3328, #4422, #1488 ) ) ;
#4488 = EDGE_CURVE ( 'NONE', #4057, #605, #855, .T. ) ;
#4489 = AXIS2_PLACEMENT_3D ( 'NONE', #3273, #924, #3597 ) ;
#4490 = CARTESIAN_POINT ( 'NONE',  ( 2.540000000000000036, 4.679999999999999716, 2.869999999999999662 ) ) ;
#4491 = LINE ( 'NONE', #1624, #3157 ) ;
#4492 = LINE ( 'NONE', #1283, #2700 ) ;
#4493 = EDGE_CURVE ( 'NONE', #4031, #640, #472, .T. ) ;
#4494 = VERTEX_POINT ( 'NONE', #1931 ) ;
#4495 = AXIS2_PLACEMENT_3D ( 'NONE', #2540, #3885, #395 ) ;
#4496 = CLOSED_SHELL ( 'NONE', ( #3690, #445, #2024, #1363, #1401, #2394, #792, #3636, #1077, #655 ) ) ;
#4497 = PLANE ( 'NONE',  #1635 ) ;
#4498 = LINE ( 'NONE', #1340, #26 ) ;
#4499 = PLANE ( 'NONE',  #303 ) ;
#4500 = EDGE_LOOP ( 'NONE', ( #2701, #3023, #665, #1083 ) ) ;
#4501 = ORIENTED_EDGE ( 'NONE', *, *, #4152, .T. ) ;
#4502 = CARTESIAN_POINT ( 'NONE',  ( 5.079999999999999183, 0.3999999999999501732, 2.870000000000000107 ) ) ;
#4503 = DIRECTION ( 'NONE',  ( -0.000000000000000000, 1.000000000000000000, 2.316052704908954646E-16 ) ) ;
#4504 = DIRECTION ( 'NONE',  ( 1.000000000000000000, -0.000000000000000000, -0.000000000000000000 ) ) ;
#4505 = FILL_AREA_STYLE ('',( #2396 ) ) ;
#4506 = FACE_OUTER_BOUND ( 'NONE', #2017, .T. ) ;
#4507 = LINE ( 'NONE', #315, #1328 ) ;
#4508 = CARTESIAN_POINT ( 'NONE',  ( 1.970000000000003082, 5.079999999999999183, 11.36999999999999922 ) ) ;
#4509 = VECTOR ( 'NONE', #1131, 1000.000000000000000 ) ;
#4510 = ORIENTED_EDGE ( 'NONE', *, *, #3291, .T. ) ;
#4511 = ORIENTED_EDGE ( 'NONE', *, *, #811, .T. ) ;
#4512 = AXIS2_PLACEMENT_3D ( 'NONE', #2708, #368, #4237 ) ;
#4513 = PRESENTATION_STYLE_ASSIGNMENT (( #1259 ) ) ;
#4514 = LINE ( 'NONE', #3101, #4261 ) ;
#4515 = PLANE ( 'NONE',  #3813 ) ;
#4516 = ORIENTED_EDGE ( 'NONE', *, *, #2924, .F. ) ;
#4517 = EDGE_CURVE ( 'NONE', #3870, #1129, #1156, .T. ) ;
#4518 = EDGE_CURVE ( 'NONE', #2655, #3043, #1865, .T. ) ;
#4519 = CIRCLE ( 'NONE', #3185, 0.5699999999999997291 ) ;
#4520 = ADVANCED_FACE ( 'NONE', ( #172 ), #4335, .F. ) ;
#4521 = DIRECTION ( 'NONE',  ( -1.000000000000000000, -0.000000000000000000, -0.000000000000000000 ) ) ;
#4522 = DIRECTION ( 'NONE',  ( 0.000000000000000000, 1.000000000000000000, 0.000000000000000000 ) ) ;
#4523 = VECTOR ( 'NONE', #1376, 1000.000000000000000 ) ;
#4524 = CARTESIAN_POINT ( 'NONE',  ( -0.9699999999999990852, 1.569999999999958540, 10.09999999999999964 ) ) ;
#4525 = ORIENTED_EDGE ( 'NONE', *, *, #3207, .T. ) ;
#4526 = ADVANCED_FACE ( 'NONE', ( #2605 ), #1294, .F. ) ;
#4527 = ORIENTED_EDGE ( 'NONE', *, *, #1733, .F. ) ;
#4528 = CARTESIAN_POINT ( 'NONE',  ( 2.540000000000000036, 5.079999999999999183, 2.870000000000000107 ) ) ;
#4529 = DIRECTION ( 'NONE',  ( -1.000000000000000000, 0.000000000000000000, 0.000000000000000000 ) ) ;
#4530 = CARTESIAN_POINT ( 'NONE',  ( 0.9699999999999977529, 1.569999999999958540, 10.09999999999999964 ) ) ;
#4531 =( LENGTH_UNIT ( ) NAMED_UNIT ( * ) SI_UNIT ( .MILLI., .METRE. ) );
#4532 = CARTESIAN_POINT ( 'NONE',  ( 5.080000000000000071, 5.079999999999999183, 11.36999999999999922 ) ) ;
#4533 = DIRECTION ( 'NONE',  ( 0.000000000000000000, 0.000000000000000000, -1.000000000000000000 ) ) ;
#4534 = EDGE_CURVE ( 'NONE', #3651, #898, #4450, .T. ) ;
#4535 = CARTESIAN_POINT ( 'NONE',  ( 0.2999999999999999889, 1.069999999999999840, 2.040000000000000036 ) ) ;
#4536 = ORIENTED_EDGE ( 'NONE', *, *, #1775, .T. ) ;
#4537 = CARTESIAN_POINT ( 'NONE',  ( 0.9699999999999977529, 1.569999999999958540, 10.09999999999999964 ) ) ;
#4538 = DIRECTION ( 'NONE',  ( 0.000000000000000000, -1.000000000000000000, 0.000000000000000000 ) ) ;
#4539 = DIRECTION ( 'NONE',  ( 0.000000000000000000, -1.000000000000000000, 0.000000000000000000 ) ) ;
#4540 = ORIENTED_EDGE ( 'NONE', *, *, #1157, .T. ) ;
#4541 = DIRECTION ( 'NONE',  ( 0.000000000000000000, 0.3420201433256412349, -0.9396926207859185309 ) ) ;
#4542 = FACE_OUTER_BOUND ( 'NONE', #1453, .T. ) ;
#4543 = DIRECTION ( 'NONE',  ( 0.000000000000000000, -0.3420201433256628842, -0.9396926207859104263 ) ) ;
#4544 = EDGE_LOOP ( 'NONE', ( #1681, #1956, #86, #4185 ) ) ;
#4545 = ORIENTED_EDGE ( 'NONE', *, *, #2764, .T. ) ;
#4546 = CARTESIAN_POINT ( 'NONE',  ( -1.570000000000002283, 4.110000000000012754, 10.09999999999999964 ) ) ;
#4547 = ADVANCED_FACE ( 'NONE', ( #2693 ), #1661, .F. ) ;
#4548 = ADVANCED_FACE ( 'NONE', ( #3731 ), #1711, .F. ) ;
#4549 = PLANE ( 'NONE',  #2072 ) ;
#4550 = DIRECTION ( 'NONE',  ( 1.000000000000000000, 0.000000000000000000, 0.000000000000000000 ) ) ;
#4551 = DIRECTION ( 'NONE',  ( 1.000000000000000000, 0.000000000000000000, 0.000000000000000000 ) ) ;
#4552 = ADVANCED_FACE ( 'NONE', ( #4159 ), #3383, .F. ) ;
#4553 = LINE ( 'NONE', #2397, #2418 ) ;
#4554 = CARTESIAN_POINT ( 'NONE',  ( -1.570000000000002283, 0.9699999999999587841, 10.09999999999999964 ) ) ;
#4555 = CARTESIAN_POINT ( 'NONE',  ( 0.000000000000000000, -4.989501595336908954E-14, 2.870000000000000107 ) ) ;
#4556 = AXIS2_PLACEMENT_3D ( 'NONE', #3412, #3097, #1278 ) ;
#4557 = ORIENTED_EDGE ( 'NONE', *, *, #963, .F. ) ;
#4558 =( NAMED_UNIT ( * ) PLANE_ANGLE_UNIT ( ) SI_UNIT ( $, .RADIAN. ) );
#4559 = DIRECTION ( 'NONE',  ( -0.000000000000000000, 1.000000000000000000, -0.000000000000000000 ) ) ;
#4560 = AXIS2_PLACEMENT_3D ( 'NONE', #1461, #2452, #1421 ) ;
#4561 = NEXT_ASSEMBLY_USAGE_OCCURRENCE ( 'NAUO1', ' ', ' ', #3996, #2304, $ ) ;
#4562 = NEXT_ASSEMBLY_USAGE_OCCURRENCE ( 'NAUO2', ' ', ' ', #3996, #2553, $ ) ;
#4563 = NEXT_ASSEMBLY_USAGE_OCCURRENCE ( 'NAUO3', ' ', ' ', #3996, #2553, $ ) ;
#4564 = NEXT_ASSEMBLY_USAGE_OCCURRENCE ( 'NAUO4', ' ', ' ', #3996, #2553, $ ) ;
#4565 = NEXT_ASSEMBLY_USAGE_OCCURRENCE ( 'NAUO5', ' ', ' ', #3996, #2553, $ ) ;
ENDSEC;
END-ISO-10303-21;
